<?xml version="1.0" encoding="UTF-8" standalone="yes"?>
<ns2:institutionInfo xsi:schemaLocation="http://bus.gov.ru/public/schema/TFF-0.1.3.1/External.xsd" xmlns="http://bus.gov.ru/types/1" xmlns:ns2="http://bus.gov.ru/external/1" xmlns:xsi="http://www.w3.org/2001/XMLSchema-instance" xmlns:ns3="http://bus.gov.ru/fk/1">
    <ns2:body>                        
	<ns2:position xmlns:ns2="http://bus.gov.ru/external/1" xmlns="http://bus.gov.ru/types/1" xmlns:xsi="http://www.w3.org/2001/XMLSchema-instance" xmlns:ns3="http://bus.gov.ru/fk/1">
            <positionId>2deafdd9-3826-44c2-9f76-f22c4fea75d5</positionId>
            <changeDate>2012-05-24T12:40:16.629+04:00</changeDate>
            <placer>
                <regNum>0376100000050</regNum>
                <fullName>Отдел Министерства внутренних дел Российской Федерации по Майкопскому району</fullName>
                <inn>0104005701</inn>
                <kpp>010401001</kpp>
            </placer>
            <initiator>
                <regNum>0376100000050</regNum>
                <fullName>Отдел Министерства внутренних дел Российской Федерации по Майкопскому району</fullName>
                <inn>0104005701</inn>
                <kpp>010401001</kpp>
            </initiator>
            <versionNumber>1</versionNumber>
            <main>
                <shortName>Отдел МВД России по Майкопскому району</shortName>
                <ogrn>1020100709826</ogrn>
                <rbs>
                    <regNum>0176100000012</regNum>
                    <fullName>Министерство внутренних дел по Республике  Адыгея</fullName>
                </rbs>
                <grbs>
                    <regNum>0173100000062</regNum>
                    <fullName>Министерство внутренних дел Российской Федерации</fullName>
                </grbs>
                <orgType>03</orgType>
                <classifier>
                    <okfs>
                        <code>12</code>
                        <name>Федеральная собственность</name>
                    </okfs>
                    <okopf>
                        <code>72</code>
                        <name>Бюджетные учреждения</name>
                    </okopf>
                    <okogu>
                        <code>1310500</code>
                        <name>Министерство внутренних дел Российской Федерации</name>
                    </okogu>
                    <okpo>
                        <code>32354596</code>
                    </okpo>
                    <okato>
                        <code>79222551000</code>
                        <name>Тульский</name>
                    </okato>
                    <okved>
                        <code>75.24.1</code>
                        <name>Деятельность органов внутренних дел</name>
                        <type>C</type>
                    </okved>
                </classifier>
                <address>
                    <zip>385730</zip>
                    <subject>
                        <code>01000000000</code>
                        <name>Адыгея Респ</name>
                    </subject>
                    <locality>
                        <code>01004000001</code>
                        <name>Тульский пгт</name>
                    </locality>
                    <street>
                        <code>010040000010032</code>
                        <name>Школьная ул</name>
                    </street>
                    <building>35</building>
                </address>
            </main>
            <additional>
                <institutionType>
                    <code>9900000</code>
                    <name>Прочие</name>
                </institutionType>
                <ppo>
                    <code>00000000000</code>
                    <name>Российская Федерация</name>
                    <okato>
                        <code>00000000000</code>
                        <name>Объекты административно-территориального деления, кроме сельских населенных пунктов</name>
                    </okato>
                    <oktmo>
                        <code>79622151</code>
                        <name>- Поселок Тульский</name>
                    </oktmo>
                </ppo>
                <phone>7-87777-51263</phone>
                <oktmo>
                    <code>79622151</code>
                    <name>- Поселок Тульский</name>
                </oktmo>
                <activity>
                    <okved>
                        <code>75.24.1</code>
                        <name>Деятельность органов внутренних дел</name>
                    </okved>
                    <name>Деятельность органов внутренних дел</name>
                </activity>
            </additional>
            <other>
                <chief>
                    <lastName>Гуршин</lastName>
                    <firstName>Олег</firstName>
                    <middleName>Витальевич</middleName>
                    <position>Начальник</position>
                </chief>
                <founder>
                    <regNum>0173100000062</regNum>
                    <fullName>Министерство внутренних дел Российской Федерации</fullName>
                </founder>
            </other>
            <document>
                <name>Положение</name>
                <date>2011-08-05+04:00</date>
                <url>http://bus.gov.ru/public/download/download.html?id=3564020</url>
                <type>S</type>
            </document>
            <document>
                <name>Положение</name>
                <date>2011-08-05+04:00</date>
                <url>http://bus.gov.ru/public/download/download.html?id=3564021</url>
                <type>L</type>
            </document>
            <document>
                <name>Положение</name>
                <date>2011-08-05+04:00</date>
                <url>http://bus.gov.ru/public/download/download.html?id=3564022</url>
            </document>
            <document>
                <name>ЕГРЮЛ</name>
                <date>2011-08-19+04:00</date>
                <url>http://bus.gov.ru/public/download/download.html?id=3564023</url>
                <type>F</type>
            </document>
            <document>
                <name>Положение</name>
                <date>2011-08-05+04:00</date>
                <url>http://bus.gov.ru/public/download/download.html?id=3564024</url>
                <type>O</type>
            </document>
            <document>
                <name>Свидетельство</name>
                <date>1999-09-09+04:00</date>
                <url>http://bus.gov.ru/public/download/download.html?id=3564025</url>
                <type>E</type>
            </document>
        </ns2:position>
    
<ns2:position xmlns:ns2="http://bus.gov.ru/external/1" xmlns="http://bus.gov.ru/types/1" xmlns:xsi="http://www.w3.org/2001/XMLSchema-instance" xmlns:ns3="http://bus.gov.ru/fk/1">
            <positionId>40c5f3ae-6127-4e45-aa4b-f27a920d5ef2</positionId>
            <changeDate>2012-06-14T14:49:55.815+04:00</changeDate>
            <placer>
                <regNum>0376100000051</regNum>
                <fullName>Отдел вневедомственной охраны Отдела МВД  России по Майкопскому району</fullName>
                <inn>0104005162</inn>
                <kpp>010401001</kpp>
            </placer>
            <initiator>
                <regNum>0376100000051</regNum>
                <fullName>Отдел вневедомственной охраны Отдела МВД  России по Майкопскому району</fullName>
                <inn>0104005162</inn>
                <kpp>010401001</kpp>
            </initiator>
            <versionNumber>1</versionNumber>
            <main>
                <shortName>ОВО Отдела МВД России  по Майкопскому району</shortName>
                <ogrn>1020100694712</ogrn>
                <rbs>
                    <regNum>0376100000006</regNum>
                    <fullName>федеральное государственное казенное учреждение "Отдел вневедомственной охраны Министерства внутренних дел по Республике Адыгея"</fullName>
                </rbs>
                <grbs>
                    <regNum>0173100000062</regNum>
                    <fullName>Министерство внутренних дел Российской Федерации</fullName>
                </grbs>
                <orgType>03</orgType>
                <classifier>
                    <okfs>
                        <code>12</code>
                        <name>Федеральная собственность</name>
                    </okfs>
                    <okopf>
                        <code>72</code>
                        <name>Бюджетные учреждения</name>
                    </okopf>
                    <okogu>
                        <code>1310500</code>
                        <name>Министерство внутренних дел Российской Федерации</name>
                    </okogu>
                    <okpo>
                        <code>08704732</code>
                    </okpo>
                    <okato>
                        <code>79222551000</code>
                        <name>Тульский</name>
                    </okato>
                    <okved>
                        <code>75.24.1</code>
                        <name>Деятельность органов внутренних дел</name>
                        <type>C</type>
                    </okved>
                </classifier>
                <address>
                    <zip>385730</zip>
                    <subject>
                        <code>01000000000</code>
                        <name>Адыгея</name>
                    </subject>
                    <locality>
                        <code>01004000001</code>
                        <name>Тульский</name>
                    </locality>
                    <street>
                        <code>010040000010017</code>
                        <name>Садовая</name>
                    </street>
                    <building>53</building>
                </address>
            </main>
            <additional>
                <institutionType>
                    <code>9900000</code>
                    <name>Прочие</name>
                </institutionType>
                <ppo>
                    <code>00000000000</code>
                    <name>Российская Федерация</name>
                    <okato>
                        <code>00000000000</code>
                        <name>Объекты административно-территориального деления, кроме сельских населенных пунктов</name>
                    </okato>
                </ppo>
                <phone>7-87777-51435</phone>
                <oktmo>
                    <code>79622151</code>
                    <name>- Поселок Тульский</name>
                </oktmo>
                <activity>
                    <okved>
                        <code>75.24.1</code>
                        <name>Деятельность органов внутренних дел</name>
                    </okved>
                    <name>Оказание платных услуг охраны физическим лицам и организациям</name>
                </activity>
            </additional>
            <other>
                <chief>
                    <lastName>ПУТИМЦЕВ</lastName>
                    <firstName>МИХАИЛ</firstName>
                    <middleName>НИКОЛАЕВИЧ</middleName>
                    <position>Начальник</position>
                </chief>
                <founder>
                    <regNum>0173100000062</regNum>
                    <fullName>Министерство внутренних дел Российской Федерации</fullName>
                </founder>
            </other>
            <document>
                <name>приказ</name>
                <date>1995-06-07+04:00</date>
                <url>http://bus.gov.ru/public/download/download.html?id=4071141</url>
                <type>S</type>
            </document>
            <document>
                <name>положение 001</name>
                <date>2011-07-22+04:00</date>
                <url>http://bus.gov.ru/public/download/download.html?id=4071142</url>
                <type>F</type>
            </document>
            <document>
                <name>свидетельство</name>
                <date>2011-08-30+04:00</date>
                <url>http://bus.gov.ru/public/download/download.html?id=4071143</url>
                <type>E</type>
            </document>
        </ns2:position>
    

    </ns2:body>
    </ns2:institutionInfo>        
        