<?xml version="1.0" encoding="UTF-8" standalone="yes"?>
<ns2:institutionInfo xsi:schemaLocation="http://bus.gov.ru/public/schema/TFF-0.1.3.1/External.xsd" xmlns="http://bus.gov.ru/types/1" xmlns:ns2="http://bus.gov.ru/external/1" xmlns:xsi="http://www.w3.org/2001/XMLSchema-instance" xmlns:ns3="http://bus.gov.ru/fk/1">
    <ns2:body>                        
	<ns2:position xmlns:ns2="http://bus.gov.ru/external/1" xmlns="http://bus.gov.ru/types/1" xmlns:xsi="http://www.w3.org/2001/XMLSchema-instance" xmlns:ns3="http://bus.gov.ru/fk/1">
            <positionId>d7e9f456-1eb5-4bb3-8180-e573402480af</positionId>
            <changeDate>2012-11-07T12:02:38.065+04:00</changeDate>
            <placer>
                <regNum>0301100000550</regNum>
                <fullName>Отдел вневедомственной охраны по городу Салавату - филиал федерального государственного казенного учреждения "Управление вневедомственной охраны Министерства внутренних дел по Республике Башкортостан"</fullName>
                <inn>0274167900</inn>
                <kpp>026643001</kpp>
            </placer>
            <initiator>
                <regNum>0301100000550</regNum>
                <fullName>Отдел вневедомственной охраны по городу Салавату - филиал федерального государственного казенного учреждения "Управление вневедомственной охраны Министерства внутренних дел по Республике Башкортостан"</fullName>
                <inn>0274167900</inn>
                <kpp>026643001</kpp>
            </initiator>
            <versionNumber>0</versionNumber>
            <main>
                <shortName>ОВО по городу Салавату - филиал ФГКУ УВО МВД по Республике Башкортостан</shortName>
                <ogrn>1120280030221</ogrn>
                <rbs>
                    <regNum>0301100000169</regNum>
                    <fullName>федеральное государственное казенное учреждение "Управление вневедомственной охраны Министерства внутренних дел по Республике Башкортостан"</fullName>
                </rbs>
                <grbs>
                    <regNum>0173100000062</regNum>
                    <fullName>Министерство внутренних дел Российской Федерации</fullName>
                </grbs>
                <orgType>08</orgType>
                <classifier>
                    <okfs>
                        <code>12</code>
                        <name>Федеральная собственность</name>
                    </okfs>
                    <okopf>
                        <code>90</code>
                        <name>Представительства и филиалы</name>
                    </okopf>
                    <okogu>
                        <code>1310500</code>
                        <name>Министерство внутренних дел Российской Федерации</name>
                    </okogu>
                    <okpo>
                        <code>08692374</code>
                    </okpo>
                    <okato>
                        <code>80439000000</code>
                        <name>Салават</name>
                    </okato>
                    <okved>
                        <code>75.24.1</code>
                        <name>Деятельность органов внутренних дел</name>
                        <type>C</type>
                    </okved>
                </classifier>
                <address>
                    <zip>453263</zip>
                    <subject>
                        <code>02000000000</code>
                        <name>Башкортостан</name>
                    </subject>
                    <city>
                        <code>02000005000</code>
                        <name>Салават</name>
                    </city>
                    <street>
                        <name>ул. Островского</name>
                    </street>
                    <building>53 а</building>
                </address>
            </main>
            <additional>
                <institutionType>
                    <code>9900000</code>
                    <name>Прочие</name>
                </institutionType>
                <ppo>
                    <code>00000000000</code>
                    <name>Российская Федерация</name>
                    <okato>
                        <code>00000000000</code>
                        <name>Объекты административно-территориального деления, кроме сельских населенных пунктов</name>
                    </okato>
                    <oktmo>
                        <code>80739000</code>
                        <name>город Салават</name>
                    </oktmo>
                </ppo>
                <phone>7-3476-334500</phone>
                <section>188</section>
                <oktmo>
                    <code>80739000</code>
                    <name>город Салават</name>
                </oktmo>
                <activity>
                    <okved>
                        <code>75.24.1</code>
                        <name>Деятельность органов внутренних дел</name>
                        <type>C</type>
                    </okved>
                    <name>Деятельность органов внутренних дел</name>
                </activity>
                <eMail>ovosal@mail.ru</eMail>
            </additional>
            <other>
                <chief>
                    <lastName>Савченко</lastName>
                    <firstName>Евгений</firstName>
                    <middleName>Геннадьевич</middleName>
                    <position>Начальник</position>
                </chief>
                <founder>
                    <regNum>0173100000062</regNum>
                    <fullName>Министерство внутренних дел Российской Федерации</fullName>
                </founder>
            </other>
            <document>
                <name>Выписка из приказа</name>
                <date>2012-07-27+04:00</date>
                <url>http://bus.gov.ru/public/download/download.html?id=6306815</url>
                <type>S</type>
            </document>
            <document>
                <name>Доверенность</name>
                <date>2012-07-27+04:00</date>
                <url>http://bus.gov.ru/public/download/download.html?id=6306852</url>
                <type>S</type>
            </document>
            <document>
                <name>Приказ 504 о реорганизации</name>
                <date>2012-05-16+04:00</date>
                <url>http://bus.gov.ru/public/download/download.html?id=6307209</url>
                <type>C</type>
            </document>
            <document>
                <name>Приказ об утверждении</name>
                <date>2012-07-27+04:00</date>
                <url>http://bus.gov.ru/public/download/download.html?id=6307308</url>
                <type>F</type>
            </document>
            <document>
                <name>Положение</name>
                <date>2012-07-27+04:00</date>
                <url>http://bus.gov.ru/public/download/download.html?id=6307291</url>
                <type>F</type>
            </document>
            <document>
                <name>Свидетельство о пост.на учет</name>
                <date>2012-07-25+04:00</date>
                <url>http://bus.gov.ru/public/download/download.html?id=6307119</url>
                <type>E</type>
            </document>
            <document>
                <name>Свидетельство о гос.регистрации</name>
                <date>2012-07-25+04:00</date>
                <url>http://bus.gov.ru/public/download/download.html?id=6307089</url>
                <type>E</type>
            </document>
            <document>
                <name>Уведомление о пост.на учет филиала</name>
                <date>2012-07-30+04:00</date>
                <url>http://bus.gov.ru/public/download/download.html?id=6307162</url>
                <type>E</type>
            </document>
        </ns2:position>
    
<ns2:position xmlns:ns2="http://bus.gov.ru/external/1" xmlns="http://bus.gov.ru/types/1" xmlns:xsi="http://www.w3.org/2001/XMLSchema-instance" xmlns:ns3="http://bus.gov.ru/fk/1">
            <positionId>f5577227-5c23-4269-9ca5-c2f97aa63227</positionId>
            <changeDate>2012-04-13T09:02:11.748+04:00</changeDate>
            <placer>
                <regNum>0801100000010</regNum>
                <fullName>федеральное казенное учреждение здравоохранения "Медико-санитарная часть Министерства внутренних дел Российской Федерации по Республике Башкортостан"</fullName>
                <inn>0275006624</inn>
                <kpp>027501001</kpp>
            </placer>
            <initiator>
                <regNum>0801100000010</regNum>
                <fullName>федеральное казенное учреждение здравоохранения "Медико-санитарная часть Министерства внутренних дел Российской Федерации по Республике Башкортостан"</fullName>
                <inn>0275006624</inn>
                <kpp>027501001</kpp>
            </initiator>
            <versionNumber>2</versionNumber>
            <main>
                <shortName>ФКУЗ "МСЧ МВД России по Республике Башкортостан"</shortName>
                <ogrn>1020202776109</ogrn>
                <rbs>
                    <regNum>0101100000022</regNum>
                    <fullName>Министерство внутренних дел по Республике Башкортостан</fullName>
                </rbs>
                <grbs>
                    <regNum>0173100000062</regNum>
                    <fullName>Министерство внутренних дел Российской Федерации</fullName>
                </grbs>
                <orgType>08</orgType>
                <classifier>
                    <okfs>
                        <code>12</code>
                        <name>Федеральная собственность</name>
                    </okfs>
                    <okopf>
                        <code>72</code>
                        <name>Бюджетные учреждения</name>
                    </okopf>
                    <okogu>
                        <code>1310500</code>
                        <name>Министерство внутренних дел Российской Федерации</name>
                    </okogu>
                    <okpo>
                        <code>08585626</code>
                    </okpo>
                    <okato>
                        <code>80401380000</code>
                        <name>Ленинский</name>
                    </okato>
                    <okved>
                        <code>85.14.5</code>
                        <name>Деятельность учреждений санитарно-эпидемиологической службы</name>
                        <type>O</type>
                    </okved>
                    <okved>
                        <code>85.14.3</code>
                        <name>Деятельность медицинских лабораторий</name>
                        <type>O</type>
                    </okved>
                    <okved>
                        <code>52.31</code>
                        <name>Розничная торговля фармацевтическими товарами</name>
                        <type>O</type>
                    </okved>
                    <okved>
                        <code>85.32</code>
                        <name>Предоставление социальных услуг без обеспечения проживания</name>
                        <type>O</type>
                    </okved>
                    <okved>
                        <code>85.13</code>
                        <name>Стоматологическая практика</name>
                        <type>O</type>
                    </okved>
                    <okved>
                        <code>85.14.1</code>
                        <name>Деятельность среднего медицинского персонала</name>
                        <type>O</type>
                    </okved>
                    <okved>
                        <code>85.12</code>
                        <name>Врачебная практика</name>
                        <type>O</type>
                    </okved>
                    <okved>
                        <code>85.11.1</code>
                        <name>Деятельность больничных учреждений широкого профиля и специализированных</name>
                        <type>C</type>
                    </okved>
                    <okved>
                        <code>85.14.2</code>
                        <name>Деятельность вспомогательного стоматологического персонала</name>
                        <type>O</type>
                    </okved>
                </classifier>
                <address>
                    <zip>450015</zip>
                    <subject>
                        <code>02000000000</code>
                        <name>Башкортостан Респ</name>
                    </subject>
                    <region>
                        <code>02001000000</code>
                        <name>Уфимский р-н</name>
                    </region>
                    <city>
                        <code>02001001000</code>
                        <name>Уфа г</name>
                    </city>
                    <street>
                        <name>Карла Маркса ул</name>
                    </street>
                    <building>59</building>
                </address>
            </main>
            <additional>
                <institutionType>
                    <code>0509000</code>
                    <name>Медико-санитарная часть, в том числе центральная</name>
                </institutionType>
                <ppo>
                    <code>00000000000</code>
                    <name>Российская Федерация</name>
                    <okato>
                        <code>00000000000</code>
                        <name>Объекты административно-территориального деления, кроме сельских населенных пунктов</name>
                    </okato>
                    <oktmo>
                        <code>80701000</code>
                        <name>- город Уфа</name>
                    </oktmo>
                </ppo>
                <phone>7-347-2793936</phone>
                <section>188</section>
                <oktmo>
                    <code>80701000</code>
                    <name>- город Уфа</name>
                </oktmo>
                <activity>
                    <okved>
                        <code>85.14.5</code>
                        <name>Деятельность учреждений санитарно-эпидемиологической службы</name>
                    </okved>
                    <name>Деятельность учреждений санитарно-эпидемиологической службы </name>
                </activity>
                <activity>
                    <okved>
                        <code>85.14.3</code>
                        <name>Деятельность медицинских лабораторий</name>
                    </okved>
                    <name>Деятельность медицинских лабораторий </name>
                </activity>
                <activity>
                    <okved>
                        <code>52.31</code>
                        <name>Розничная торговля фармацевтическими товарами</name>
                    </okved>
                    <name>Розничная торговля фармацевтическими товарами </name>
                </activity>
                <activity>
                    <okved>
                        <code>85.32</code>
                        <name>Предоставление социальных услуг без обеспечения проживания</name>
                    </okved>
                    <name>Предоставление социальных услуг без обеспечения проживания </name>
                </activity>
                <activity>
                    <okved>
                        <code>85.13</code>
                        <name>Стоматологическая практика</name>
                    </okved>
                    <name>Стоматологическая практика </name>
                </activity>
                <activity>
                    <okved>
                        <code>85.14.1</code>
                        <name>Деятельность среднего медицинского персонала</name>
                    </okved>
                    <name>Деятельность среднего медицинского персонала </name>
                </activity>
                <activity>
                    <okved>
                        <code>85.12</code>
                        <name>Врачебная практика</name>
                    </okved>
                    <name>Врачебная практика </name>
                </activity>
                <activity>
                    <okved>
                        <code>85.11.1</code>
                        <name>Деятельность больничных учреждений широкого профиля и специализированных</name>
                    </okved>
                    <name>Деятельность больничных учреждений широкого профиля и специализированных </name>
                </activity>
                <activity>
                    <okved>
                        <code>85.14.2</code>
                        <name>Деятельность вспомогательного стоматологического персонала</name>
                    </okved>
                    <name>Деятельность вспомогательного стоматологического персонала </name>
                </activity>
            </additional>
            <other>
                <chief>
                    <lastName>Науширванов</lastName>
                    <firstName>Олег</firstName>
                    <middleName>Рифович</middleName>
                    <position>начальник</position>
                </chief>
                <founder>
                    <regNum>0173100000062</regNum>
                    <fullName>Министерство внутренних дел Российской Федерации</fullName>
                </founder>
            </other>
            <document>
                <name>Свидетельство о государственной регистрации</name>
                <date>2012-03-20+04:00</date>
                <url>http://bus.gov.ru/public/download/download.html?id=2465999</url>
                <type>E</type>
            </document>
            <document>
                <name>Устав</name>
                <date>2012-03-20+04:00</date>
                <url>http://bus.gov.ru/public/download/download.html?id=2466000</url>
                <type>F</type>
            </document>
            <document>
                <name>Устав (изменения)</name>
                <date>2012-03-20+04:00</date>
                <url>http://bus.gov.ru/public/download/download.html?id=2466001</url>
                <type>F</type>
            </document>
            <document>
                <name>Свидетельство</name>
                <date>2012-03-20+04:00</date>
                <url>http://bus.gov.ru/public/download/download.html?id=2466002</url>
                <type>E</type>
            </document>
            <document>
                <name>Приказ о назначении</name>
                <date>2012-03-20+04:00</date>
                <url>http://bus.gov.ru/public/download/download.html?id=2466003</url>
                <type>S</type>
            </document>
            <document>
                <name>Отчет о результатах деятельности федерального казенного учреждения МВД России и об использовании закрепленного за ним федерального имущества на 01.01.2012 г.</name>
                <date>2012-03-29+04:00</date>
                <url>http://bus.gov.ru/public/download/download.html?id=2466004</url>
                <type>O</type>
            </document>
        </ns2:position>
    
<ns2:position xmlns:ns2="http://bus.gov.ru/external/1" xmlns="http://bus.gov.ru/types/1" xmlns:xsi="http://www.w3.org/2001/XMLSchema-instance" xmlns:ns3="http://bus.gov.ru/fk/1">
            <positionId>8ae7d30e-0f8e-4a19-91f4-cea8e59c75da</positionId>
            <changeDate>2012-10-12T16:00:25.467+04:00</changeDate>
            <placer>
                <regNum>0895100000447</regNum>
                <fullName>Отдел вневедомственной охраны по городскому округу закрытое административно-территориальное образование город Межгорье - филиал федерального государственного казенного учреждения "Управление вневедомственной охраны Министерства внутренних дел по Республике Башкортостан"</fullName>
                <inn>0274167900</inn>
                <kpp>027943001</kpp>
            </placer>
            <initiator>
                <regNum>0895100000447</regNum>
                <fullName>Отдел вневедомственной охраны по городскому округу закрытое административно-территориальное образование город Межгорье - филиал федерального государственного казенного учреждения "Управление вневедомственной охраны Министерства внутренних дел по Республике Башкортостан"</fullName>
                <inn>0274167900</inn>
                <kpp>027943001</kpp>
            </initiator>
            <versionNumber>0</versionNumber>
            <main>
                <shortName>ОВО по городскому округу ЗАТО город Межгорье - филиал ФГКУ УВО МВД по Республике Башкортостан</shortName>
                <ogrn>1120280030221</ogrn>
                <rbs>
                    <regNum>0301100000169</regNum>
                    <fullName>федеральное государственное казенное учреждение "Управление вневедомственной охраны Министерства внутренних дел по Республике Башкортостан"</fullName>
                </rbs>
                <grbs>
                    <regNum>0173100000062</regNum>
                    <fullName>Министерство внутренних дел Российской Федерации</fullName>
                </grbs>
                <orgType>08</orgType>
                <classifier>
                    <okfs>
                        <code>12</code>
                        <name>Федеральная собственность</name>
                    </okfs>
                    <okopf>
                        <code>90</code>
                        <name>Представительства и филиалы</name>
                    </okopf>
                    <okogu>
                        <code>1310500</code>
                        <name>Министерство внутренних дел Российской Федерации</name>
                    </okogu>
                    <okpo>
                        <code>08738001</code>
                    </okpo>
                    <okato>
                        <code>80507000000</code>
                        <name>Межгорье</name>
                    </okato>
                    <okved>
                        <code>75.24.1</code>
                        <name>Деятельность органов внутренних дел</name>
                        <type>C</type>
                    </okved>
                </classifier>
                <address>
                    <zip>453571</zip>
                    <subject>
                        <code>02000000000</code>
                        <name>Башкортостан</name>
                    </subject>
                    <city>
                        <code>02000008000</code>
                        <name>Межгорье</name>
                    </city>
                    <street>
                        <name>Комсомольская</name>
                    </street>
                    <building>14</building>
                </address>
            </main>
            <additional>
                <institutionType>
                    <code>9900000</code>
                    <name>Прочие</name>
                </institutionType>
                <ppo>
                    <code>00000000000</code>
                    <name>Российская Федерация</name>
                    <okato>
                        <code>00000000000</code>
                        <name>Объекты административно-территориального деления, кроме сельских населенных пунктов</name>
                    </okato>
                    <oktmo>
                        <code>80701000</code>
                        <name>город Уфа</name>
                    </oktmo>
                </ppo>
                <phone>8-34781-22616</phone>
                <section>188</section>
                <oktmo>
                    <code>80707000</code>
                    <name>город Межгорье (ЗАТО)</name>
                </oktmo>
                <activity>
                    <okved>
                        <code>75.24.1</code>
                        <name>Деятельность органов внутренних дел</name>
                    </okved>
                    <name>Охрана объектов и квартир</name>
                </activity>
                <eMail>buh_ovo@mail.ru</eMail>
            </additional>
            <other>
                <chief>
                    <lastName>Гаркуша</lastName>
                    <firstName>Василий</firstName>
                    <middleName>Григорьевич</middleName>
                    <position>Начальник</position>
                </chief>
                <founder>
                    <regNum>0173100000062</regNum>
                    <fullName>Министерство внутренних дел Российской Федерации</fullName>
                </founder>
            </other>
            <document>
                <name>доверенность</name>
                <date>2012-07-27+04:00</date>
                <url>http://bus.gov.ru/public/download/download.html?id=5751564</url>
                <type>S</type>
            </document>
            <document>
                <name>положение новое</name>
                <date>2012-07-27+04:00</date>
                <url>http://bus.gov.ru/public/download/download.html?id=5751164</url>
                <type>L</type>
            </document>
            <document>
                <name>Устав</name>
                <date>2012-05-05+04:00</date>
                <url>http://bus.gov.ru/public/download/download.html?id=5750658</url>
                <type>F</type>
            </document>
            <document>
                <name>свидетельство ИНН</name>
                <date>2012-07-25+04:00</date>
                <url>http://bus.gov.ru/public/download/download.html?id=5751034</url>
                <type>E</type>
            </document>
            <document>
                <name>свидетельство ОГРН</name>
                <date>2012-07-25+04:00</date>
                <url>http://bus.gov.ru/public/download/download.html?id=5750947</url>
                <type>E</type>
            </document>
        </ns2:position>
    
<ns2:position xmlns:ns2="http://bus.gov.ru/external/1" xmlns="http://bus.gov.ru/types/1" xmlns:xsi="http://www.w3.org/2001/XMLSchema-instance" xmlns:ns3="http://bus.gov.ru/fk/1">
            <positionId>c8c54f24-47d6-4dcc-9d80-712d5ea282e6</positionId>
            <changeDate>2012-10-13T09:44:25.967+04:00</changeDate>
            <placer>
                <regNum>0301100000169</regNum>
                <fullName>федеральное государственное казенное учреждение "Управление вневедомственной охраны Министерства внутренних дел по Республике Башкортостан"</fullName>
                <inn>0274167900</inn>
                <kpp>027401001</kpp>
            </placer>
            <initiator>
                <regNum>0301100000169</regNum>
                <fullName>федеральное государственное казенное учреждение "Управление вневедомственной охраны Министерства внутренних дел по Республике Башкортостан"</fullName>
                <inn>0274167900</inn>
                <kpp>027401001</kpp>
            </initiator>
            <versionNumber>1</versionNumber>
            <main>
                <shortName>ФГКУ УВО МВД по Республике Башкортостан</shortName>
                <ogrn>1120280030221</ogrn>
                <rbs>
                    <regNum>0101100000022</regNum>
                    <fullName>Министерство внутренних дел по Республике Башкортостан</fullName>
                </rbs>
                <grbs>
                    <regNum>0173100000062</regNum>
                    <fullName>Министерство внутренних дел Российской Федерации</fullName>
                </grbs>
                <orgType>08</orgType>
                <classifier>
                    <okfs>
                        <code>12</code>
                        <name>Федеральная собственность</name>
                    </okfs>
                    <okopf>
                        <code>74</code>
                        <name>Казенные учреждения</name>
                    </okopf>
                    <okogu>
                        <code>1310500</code>
                        <name>Министерство внутренних дел Российской Федерации</name>
                    </okogu>
                    <okpo>
                        <code>08683903</code>
                    </okpo>
                    <okato>
                        <code>80401375000</code>
                        <name>Кировский</name>
                    </okato>
                    <okved>
                        <code>75.24.1</code>
                        <name>Деятельность органов внутренних дел</name>
                        <type>C</type>
                    </okved>
                </classifier>
                <address>
                    <zip>450077</zip>
                    <subject>
                        <code>02000000000</code>
                        <name>Башкортостан Респ</name>
                    </subject>
                    <city>
                        <code>02000001000</code>
                        <name>Уфа г</name>
                    </city>
                    <street>
                        <code>020000010001114</code>
                        <name>Крупской ул</name>
                    </street>
                    <building>7</building>
                </address>
            </main>
            <additional>
                <institutionType>
                    <code>9900000</code>
                    <name>Прочие</name>
                </institutionType>
                <ppo>
                    <code>00000000000</code>
                    <name>Российская Федерация</name>
                    <okato>
                        <code>00000000000</code>
                        <name>Объекты административно-территориального деления, кроме сельских населенных пунктов</name>
                    </okato>
                    <oktmo>
                        <code>80701000</code>
                        <name>город Уфа</name>
                    </oktmo>
                </ppo>
                <phone>7-347-2731934</phone>
                <branch>
                    <regNum>0895100000447</regNum>
                    <fullName>Отдел вневедомственной охраны по городскому округу закрытое административно-территориальное образование город Межгорье - филиал федерального государственного казенного учреждения "Управление вневедомственной охраны Министерства внутренних дел по Республике Башкортостан"</fullName>
                    <type>01</type>
                </branch>
                <branch>
                    <regNum>0301100000453</regNum>
                    <fullName>Межрайонный отдел вневедомственной охраны по Дуванскому району - филиал федерального государственного казенного учреждения "Управление вневедомственной охраны Министерства внутренних дел по Республике Башкортостан"</fullName>
                    <type>01</type>
                </branch>
                <branch>
                    <regNum>0301100000457</regNum>
                    <fullName>Межрайонный отдел вневедомственной охраны по городу Сибаю - филиал федерального государственного казенного учреждения "Управление вневедомственной охраны Министерства внутренних дел по Республике Башкортостан"</fullName>
                    <type>01</type>
                </branch>
                <branch>
                    <regNum>0895100000445</regNum>
                    <fullName>Отдел вневедомственной охраны по Благовещенскому району - филиал федерального государственного казенного учреждения "Управление вневедомственной охраны Министерства внутренних дел по Республике Башкортостан"</fullName>
                    <type>01</type>
                </branch>
                <section>188</section>
                <oktmo>
                    <code>80701000</code>
                    <name>город Уфа</name>
                </oktmo>
                <activity>
                    <okved>
                        <code>75.24.1</code>
                        <name>Деятельность органов внутренних дел</name>
                        <type>C</type>
                    </okved>
                    <name>Охрана объектов и квартир</name>
                </activity>
            </additional>
            <other>
                <chief>
                    <lastName>Гаврилов</lastName>
                    <firstName>Александр</firstName>
                    <middleName>Михайлович</middleName>
                    <position>Начальник</position>
                </chief>
                <founder>
                    <regNum>0173100000062</regNum>
                    <fullName>Министерство внутренних дел Российской Федерации</fullName>
                </founder>
            </other>
            <document>
                <name>Приказ</name>
                <date>2012-07-27+04:00</date>
                <url>http://bus.gov.ru/public/download/download.html?id=5757693</url>
                <type>S</type>
            </document>
            <document>
                <name>Положение ф-л МОВО по г. Сибаю</name>
                <date>2012-07-25+04:00</date>
                <url>http://bus.gov.ru/public/download/download.html?id=5757695</url>
                <type>L</type>
            </document>
            <document>
                <name>Положение ф-л ОВО по Благовещенскому р-у</name>
                <date>2012-07-25+04:00</date>
                <url>http://bus.gov.ru/public/download/download.html?id=5757694</url>
                <type>L</type>
            </document>
            <document>
                <name>Положение ф-л МОВО по Дуванскому р-у</name>
                <date>2012-07-25+04:00</date>
                <url>http://bus.gov.ru/public/download/download.html?id=5757696</url>
                <type>L</type>
            </document>
            <document>
                <name>Устав ФГКУ УВО МВД по РБ</name>
                <date>2012-05-05+04:00</date>
                <url>http://bus.gov.ru/public/download/download.html?id=5757697</url>
                <type>F</type>
            </document>
            <document>
                <name>свидетельство ИНН ФГКУ</name>
                <date>2012-07-25+04:00</date>
                <url>http://bus.gov.ru/public/download/download.html?id=5757698</url>
                <type>E</type>
            </document>
            <document>
                <name>свидетельство ОГРН ФГКУ</name>
                <date>2012-07-25+04:00</date>
                <url>http://bus.gov.ru/public/download/download.html?id=5757699</url>
                <type>E</type>
            </document>
        </ns2:position>
    
<ns2:position xmlns:ns2="http://bus.gov.ru/external/1" xmlns="http://bus.gov.ru/types/1" xmlns:xsi="http://www.w3.org/2001/XMLSchema-instance" xmlns:ns3="http://bus.gov.ru/fk/1">
            <positionId>d2bacbdb-7195-4048-94dd-3a9297fb9a09</positionId>
            <changeDate>2012-10-31T08:17:43.537+04:00</changeDate>
            <placer>
                <regNum>0301100000175</regNum>
                <fullName>Отдел вневедомственной охраны по Ишимбайскому району - филиал федерального государственного казенного учреждения "Управление вневедомственной охраны Министерства внутренних дел по Республике Башкортостан"</fullName>
                <inn>0274167900</inn>
                <kpp>026143001</kpp>
            </placer>
            <initiator>
                <regNum>0301100000175</regNum>
                <fullName>Отдел вневедомственной охраны по Ишимбайскому району - филиал федерального государственного казенного учреждения "Управление вневедомственной охраны Министерства внутренних дел по Республике Башкортостан"</fullName>
                <inn>0274167900</inn>
                <kpp>026143001</kpp>
            </initiator>
            <versionNumber>0</versionNumber>
            <main>
                <shortName>ОВО по Ишимбайскому району - филиал ФГКУ УВО МВД по Республике Башкортостан</shortName>
                <ogrn>1120280030221</ogrn>
                <rbs>
                    <regNum>0301100000169</regNum>
                    <fullName>федеральное государственное казенное учреждение "Управление вневедомственной охраны Министерства внутренних дел по Республике Башкортостан"</fullName>
                </rbs>
                <grbs>
                    <regNum>0173100000062</regNum>
                    <fullName>Министерство внутренних дел Российской Федерации</fullName>
                </grbs>
                <orgType>08</orgType>
                <classifier>
                    <okfs>
                        <code>12</code>
                        <name>Федеральная собственность</name>
                    </okfs>
                    <okopf>
                        <code>90</code>
                        <name>Представительства и филиалы</name>
                    </okopf>
                    <okogu>
                        <code>1310500</code>
                        <name>Министерство внутренних дел Российской Федерации</name>
                    </okogu>
                    <okpo>
                        <code>08692339</code>
                    </okpo>
                    <okato>
                        <code>80420000000</code>
                        <name>Ишимбай</name>
                    </okato>
                    <okved>
                        <code>75.24.1</code>
                        <name>Деятельность органов внутренних дел</name>
                        <type>C</type>
                    </okved>
                </classifier>
                <address>
                    <zip>453215</zip>
                    <subject>
                        <code>02000000000</code>
                        <name>Башкортостан</name>
                    </subject>
                    <city>
                        <code>02026001000</code>
                        <name>Ишимбай</name>
                    </city>
                    <street>
                        <name>ул. Стахановская</name>
                    </street>
                    <building>д. 63</building>
                </address>
            </main>
            <additional>
                <institutionType>
                    <code>9900000</code>
                    <name>Прочие</name>
                </institutionType>
                <ppo>
                    <code>00000000000</code>
                    <name>Российская Федерация</name>
                    <okato>
                        <code>00000000000</code>
                        <name>Объекты административно-территориального деления, кроме сельских населенных пунктов</name>
                    </okato>
                    <oktmo>
                        <code>80631101</code>
                        <name>город Ишимбай</name>
                    </oktmo>
                </ppo>
                <phone>7-34794-41417</phone>
                <section>188</section>
                <oktmo>
                    <code>80631101</code>
                    <name>город Ишимбай</name>
                </oktmo>
                <activity>
                    <okved>
                        <code>75.24.1</code>
                        <name>Деятельность органов внутренних дел</name>
                        <type>C</type>
                    </okved>
                    <name>Деятельность органов внутренних дел</name>
                </activity>
                <eMail>ovo1952@mail.ru</eMail>
            </additional>
            <other>
                <chief>
                    <lastName>Бессаренко</lastName>
                    <firstName>Андрей</firstName>
                    <middleName>Владимирович</middleName>
                    <position>Начальник</position>
                </chief>
                <founder>
                    <regNum>0173100000062</regNum>
                    <fullName>Министерство внутренних дел Российской Федерации</fullName>
                </founder>
            </other>
            <document>
                <name>Доверенность</name>
                <date>2012-07-27+04:00</date>
                <url>http://bus.gov.ru/public/download/download.html?id=6170251</url>
                <type>S</type>
            </document>
            <document>
                <name>Положение ОВО филиала ФГКУ</name>
                <date>2012-07-27+04:00</date>
                <url>http://bus.gov.ru/public/download/download.html?id=6170121</url>
                <type>L</type>
            </document>
            <document>
                <name>Приказ № 504 от 16 мая 2012 г.</name>
                <date>2012-05-16+04:00</date>
                <url>http://bus.gov.ru/public/download/download.html?id=6170201</url>
                <type>C</type>
            </document>
            <document>
                <name>Устав ФГКУ УВО МВД по РБ</name>
                <date>2012-05-05+04:00</date>
                <url>http://bus.gov.ru/public/download/download.html?id=6170088</url>
                <type>F</type>
            </document>
            <document>
                <name>свидетельство ОГРН ФГКУ</name>
                <date>2012-07-25+04:00</date>
                <url>http://bus.gov.ru/public/download/download.html?id=6170149</url>
                <type>E</type>
            </document>
            <document>
                <name>Уведомление о постановке на учет в налоговом органе Ишимбай</name>
                <date>2012-07-30+04:00</date>
                <url>http://bus.gov.ru/public/download/download.html?id=6170176</url>
                <type>E</type>
            </document>
            <document>
                <name>свидетельство ИНН ФГКУ</name>
                <date>2012-07-25+04:00</date>
                <url>http://bus.gov.ru/public/download/download.html?id=6170163</url>
                <type>E</type>
            </document>
        </ns2:position>
    
<ns2:position xmlns:ns2="http://bus.gov.ru/external/1" xmlns="http://bus.gov.ru/types/1" xmlns:xsi="http://www.w3.org/2001/XMLSchema-instance" xmlns:ns3="http://bus.gov.ru/fk/1">
            <positionId>3395159f-6eea-4d8d-8edc-558e49de5501</positionId>
            <changeDate>2012-10-30T13:35:21.870+04:00</changeDate>
            <placer>
                <regNum>0301100000385</regNum>
                <fullName>Отдел вневедомственной охраны по городу Кумертау - филиал федерального государственного казенного учреждения "Управление вневедомственной охраны Министерства внутренних дел по Республике Башкортостан"</fullName>
                <inn>0274167900</inn>
                <kpp>026243001</kpp>
            </placer>
            <initiator>
                <regNum>0301100000385</regNum>
                <fullName>Отдел вневедомственной охраны по городу Кумертау - филиал федерального государственного казенного учреждения "Управление вневедомственной охраны Министерства внутренних дел по Республике Башкортостан"</fullName>
                <inn>0274167900</inn>
                <kpp>026243001</kpp>
            </initiator>
            <versionNumber>0</versionNumber>
            <main>
                <shortName>ОВО по городу Кумертау - филиал ФГКУ УВО МВД по Республике Башкортостан</shortName>
                <ogrn>1120280030221</ogrn>
                <rbs>
                    <regNum>0301100000169</regNum>
                    <fullName>федеральное государственное казенное учреждение "Управление вневедомственной охраны Министерства внутренних дел по Республике Башкортостан"</fullName>
                </rbs>
                <grbs>
                    <regNum>0173100000062</regNum>
                    <fullName>Министерство внутренних дел Российской Федерации</fullName>
                </grbs>
                <orgType>08</orgType>
                <classifier>
                    <okfs>
                        <code>12</code>
                        <name>Федеральная собственность</name>
                    </okfs>
                    <okopf>
                        <code>90</code>
                        <name>Представительства и филиалы</name>
                    </okopf>
                    <okogu>
                        <code>1310500</code>
                        <name>Министерство внутренних дел Российской Федерации</name>
                    </okogu>
                    <okpo>
                        <code>08692345</code>
                    </okpo>
                    <okato>
                        <code>80423000000</code>
                        <name>Кумертау</name>
                    </okato>
                    <okved>
                        <code>75.24.1</code>
                        <name>Деятельность органов внутренних дел</name>
                        <type>C</type>
                    </okved>
                </classifier>
                <address>
                    <zip>453303</zip>
                    <subject>
                        <code>02000000000</code>
                        <name>Башкортостан</name>
                    </subject>
                    <city>
                        <code>02000007000</code>
                        <name>Кумертау</name>
                    </city>
                    <street>
                        <code>020000070000194</code>
                        <name>Энергетиков</name>
                    </street>
                    <building>2А</building>
                </address>
            </main>
            <additional>
                <institutionType>
                    <code>9900000</code>
                    <name>Прочие</name>
                </institutionType>
                <ppo>
                    <code>00000000000</code>
                    <name>Российская Федерация</name>
                    <okato>
                        <code>00000000000</code>
                        <name>Объекты административно-территориального деления, кроме сельских населенных пунктов</name>
                    </okato>
                    <oktmo>
                        <code>80723000</code>
                        <name>город Кумертау</name>
                    </oktmo>
                </ppo>
                <phone>7-34761-44927</phone>
                <www>http://kumertau.uvorb.ru/</www>
                <section>188</section>
                <oktmo>
                    <code>80723000</code>
                    <name>город Кумертау</name>
                </oktmo>
                <activity>
                    <okved>
                        <code>75.24.1</code>
                        <name>Деятельность органов внутренних дел</name>
                        <type>C</type>
                    </okved>
                    <name>Деятельность органов внутренних дел
</name>
                </activity>
                <eMail>ovokumer@mail.ru</eMail>
            </additional>
            <other>
                <chief>
                    <lastName>АЛЕКСАНДРОВ</lastName>
                    <firstName>АЛЕКСАНДР</firstName>
                    <middleName>ИВАНОВИЧ</middleName>
                    <position>начальник</position>
                </chief>
                <founder>
                    <regNum>0173100000062</regNum>
                    <fullName>Министерство внутренних дел Российской Федерации</fullName>
                </founder>
            </other>
            <document>
                <name>приказ о назначении</name>
                <date>2012-10-30+04:00</date>
                <url>http://bus.gov.ru/public/download/download.html?id=6154823</url>
                <type>S</type>
            </document>
            <document>
                <name>УСТАВ ФГКУ</name>
                <date>2012-10-30+04:00</date>
                <url>http://bus.gov.ru/public/download/download.html?id=6154654</url>
                <type>F</type>
            </document>
            <document>
                <name>ПОСТАНОВКА НА УЧЕТ</name>
                <date>2012-10-30+04:00</date>
                <url>http://bus.gov.ru/public/download/download.html?id=6154768</url>
                <type>E</type>
            </document>
        </ns2:position>
    
<ns2:position xmlns:ns2="http://bus.gov.ru/external/1" xmlns="http://bus.gov.ru/types/1" xmlns:xsi="http://www.w3.org/2001/XMLSchema-instance" xmlns:ns3="http://bus.gov.ru/fk/1">
            <positionId>cf7cd8ad-cf90-49b1-a78e-e8de718c3b45</positionId>
            <changeDate>2012-10-30T10:33:29.815+04:00</changeDate>
            <placer>
                <regNum>0895100000512</regNum>
                <fullName>Белорецкий отдел вневедомственной охраны - филиал федерального государственного казенного учреждения "Управление вневедомственной охраны Министерства внутренних дел по Республике Башкортостан"</fullName>
                <inn>0274167900</inn>
                <kpp>025643001</kpp>
            </placer>
            <initiator>
                <regNum>0895100000512</regNum>
                <fullName>Белорецкий отдел вневедомственной охраны - филиал федерального государственного казенного учреждения "Управление вневедомственной охраны Министерства внутренних дел по Республике Башкортостан"</fullName>
                <inn>0274167900</inn>
                <kpp>025643001</kpp>
            </initiator>
            <versionNumber>1</versionNumber>
            <main>
                <shortName>Белорецкий ОВО - филиал ФГКУ УВО МВД по Республике Башкортостан</shortName>
                <ogrn>1120280030221</ogrn>
                <rbs>
                    <regNum>0301100000169</regNum>
                    <fullName>федеральное государственное казенное учреждение "Управление вневедомственной охраны Министерства внутренних дел по Республике Башкортостан"</fullName>
                </rbs>
                <grbs>
                    <regNum>0173100000062</regNum>
                    <fullName>Министерство внутренних дел Российской Федерации</fullName>
                </grbs>
                <orgType>08</orgType>
                <classifier>
                    <okfs>
                        <code>12</code>
                        <name>Федеральная собственность</name>
                    </okfs>
                    <okopf>
                        <code>90</code>
                        <name>Представительства и филиалы</name>
                    </okopf>
                    <okogu>
                        <code>1310500</code>
                        <name>Министерство внутренних дел Российской Федерации</name>
                    </okogu>
                    <okpo>
                        <code>08683903</code>
                    </okpo>
                    <okato>
                        <code>80410000000</code>
                        <name>Белорецк</name>
                    </okato>
                    <okved>
                        <code>75.24.1</code>
                        <name>Деятельность органов внутренних дел</name>
                        <type>C</type>
                    </okved>
                </classifier>
                <address>
                    <zip>453500</zip>
                    <subject>
                        <code>02000000000</code>
                        <name>Башкортостан</name>
                    </subject>
                    <city>
                        <code>02011001000</code>
                        <name>Белорецк</name>
                    </city>
                    <street>
                        <name>Точисского</name>
                    </street>
                    <building>5</building>
                </address>
            </main>
            <additional>
                <institutionType>
                    <code>0617010</code>
                    <name>Государственное учреждение</name>
                </institutionType>
                <ppo>
                    <code>00000000000</code>
                    <name>Российская Федерация</name>
                    <okato>
                        <code>00000000000</code>
                        <name>Объекты административно-территориального деления, кроме сельских населенных пунктов</name>
                    </okato>
                    <oktmo>
                        <code>80701000</code>
                        <name>город Уфа</name>
                    </oktmo>
                </ppo>
                <phone>8-34792-51360</phone>
                <www>http://beloreck.uvorb.ru</www>
                <section>188</section>
                <oktmo>
                    <code>80611101</code>
                    <name>город Белорецк</name>
                </oktmo>
                <activity>
                    <okved>
                        <code>75.24.1</code>
                        <name>Деятельность органов внутренних дел</name>
                        <type>C</type>
                    </okved>
                    <name>Деятельность органов внутренних дел</name>
                </activity>
                <eMail>ovobelor@rambler.ru</eMail>
            </additional>
            <other>
                <chief>
                    <lastName>Кашбиев</lastName>
                    <firstName>Илдус</firstName>
                    <middleName>Аглямович</middleName>
                    <position>Начальник</position>
                </chief>
                <founder>
                    <regNum>0173100000062</regNum>
                    <fullName>Министерство внутренних дел Российской Федерации</fullName>
                    <authorities>
                        <formative>true</formative>
                        <stateTask>true</stateTask>
                    </authorities>
                </founder>
            </other>
            <document>
                <name>Приказ назначение начальника</name>
                <date>2012-07-27+04:00</date>
                <url>http://bus.gov.ru/public/download/download.html?id=6145726</url>
                <type>S</type>
            </document>
            <document>
                <name>Положение о Белорецком ОВО</name>
                <date>2012-07-27+04:00</date>
                <url>http://bus.gov.ru/public/download/download.html?id=6145727</url>
                <type>L</type>
            </document>
            <document>
                <name>Приказ о реорганизации</name>
                <date>2012-05-16+04:00</date>
                <url>http://bus.gov.ru/public/download/download.html?id=6145728</url>
                <type>C</type>
            </document>
            <document>
                <name>Устав</name>
                <date>2012-05-05+04:00</date>
                <url>http://bus.gov.ru/public/download/download.html?id=6145729</url>
                <type>F</type>
            </document>
            <document>
                <name>Уведомление</name>
                <date>2012-07-30+04:00</date>
                <url>http://bus.gov.ru/public/download/download.html?id=6145730</url>
                <type>E</type>
            </document>
            <document>
                <name>Свидетельство</name>
                <date>2012-07-25+04:00</date>
                <url>http://bus.gov.ru/public/download/download.html?id=6145731</url>
                <type>E</type>
            </document>
        </ns2:position>
    
<ns2:position xmlns:ns2="http://bus.gov.ru/external/1" xmlns="http://bus.gov.ru/types/1" xmlns:xsi="http://www.w3.org/2001/XMLSchema-instance" xmlns:ns3="http://bus.gov.ru/fk/1">
            <positionId>df983e89-43cf-44d2-9ba3-8e900cf694c6</positionId>
            <changeDate>2012-10-30T14:20:14.295+04:00</changeDate>
            <placer>
                <regNum>0301100000449</regNum>
                <fullName>Отдел вневедомственной охраны по Учалинскому району - филиал федерального государственного казенного учреждения "Управление вневедомственной охраны Министерства внутренних дел по Республике Башкортостан"</fullName>
                <inn>0274167900</inn>
                <kpp>027043001</kpp>
            </placer>
            <initiator>
                <regNum>0301100000449</regNum>
                <fullName>Отдел вневедомственной охраны по Учалинскому району - филиал федерального государственного казенного учреждения "Управление вневедомственной охраны Министерства внутренних дел по Республике Башкортостан"</fullName>
                <inn>0274167900</inn>
                <kpp>027043001</kpp>
            </initiator>
            <versionNumber>1</versionNumber>
            <main>
                <shortName>ОВО по Учалинскому району - филиал ФГКУ УВО МВД по Республике Башкортостан</shortName>
                <ogrn>1120280030221</ogrn>
                <rbs>
                    <regNum>0301100000169</regNum>
                    <fullName>федеральное государственное казенное учреждение "Управление вневедомственной охраны Министерства внутренних дел по Республике Башкортостан"</fullName>
                </rbs>
                <grbs>
                    <regNum>0173100000062</regNum>
                    <fullName>Министерство внутренних дел Российской Федерации</fullName>
                </grbs>
                <orgType>08</orgType>
                <classifier>
                    <okfs>
                        <code>12</code>
                        <name>Федеральная собственность</name>
                    </okfs>
                    <okopf>
                        <code>90</code>
                        <name>Представительства и филиалы</name>
                    </okopf>
                    <okogu>
                        <code>1310500</code>
                        <name>Министерство внутренних дел Российской Федерации</name>
                    </okogu>
                    <okpo>
                        <code>08692291</code>
                    </okpo>
                    <okato>
                        <code>80455000000</code>
                        <name>Учалы</name>
                    </okato>
                    <okved>
                        <code>75.24.1</code>
                        <name>Деятельность органов внутренних дел</name>
                        <type>C</type>
                    </okved>
                </classifier>
                <address>
                    <zip>453700</zip>
                    <subject>
                        <code>02000000000</code>
                        <name>Башкортостан</name>
                    </subject>
                    <city>
                        <code>02046001000</code>
                        <name>Учалы</name>
                    </city>
                    <street>
                        <code>020460010000138</code>
                        <name>Газовиков</name>
                    </street>
                    <building>6</building>
                </address>
            </main>
            <additional>
                <institutionType>
                    <code>0617010</code>
                    <name>Государственное учреждение</name>
                </institutionType>
                <ppo>
                    <code>00000000000</code>
                    <name>Российская Федерация</name>
                    <okato>
                        <code>00000000000</code>
                        <name>Объекты административно-территориального деления, кроме сельских населенных пунктов</name>
                    </okato>
                    <oktmo>
                        <code>80653101</code>
                        <name>город Учалы</name>
                    </oktmo>
                </ppo>
                <phone>7-34791-60284</phone>
                <www>http://uchaly.uvorb.ru</www>
                <section>188</section>
                <oktmo>
                    <code>80653101</code>
                    <name>город Учалы</name>
                </oktmo>
                <activity>
                    <okved>
                        <code>75.24.1</code>
                        <name>Деятельность органов внутренних дел</name>
                        <type>C</type>
                    </okved>
                    <name>Услуги охраны</name>
                </activity>
                <eMail>ovouch@mail.ru</eMail>
            </additional>
            <other>
                <chief>
                    <lastName>Хажин</lastName>
                    <firstName>Газим</firstName>
                    <middleName>Шамилович</middleName>
                    <position>Начальник</position>
                </chief>
                <founder>
                    <regNum>0173100000062</regNum>
                    <fullName>Министерство внутренних дел Российской Федерации</fullName>
                </founder>
            </other>
            <document>
                <name>Приказ о назначении начальника</name>
                <date>2012-08-14+04:00</date>
                <url>http://bus.gov.ru/public/download/download.html?id=6155949</url>
                <type>S</type>
            </document>
            <document>
                <name>Положение</name>
                <date>2012-07-27+04:00</date>
                <url>http://bus.gov.ru/public/download/download.html?id=6155950</url>
                <type>L</type>
            </document>
            <document>
                <name>Устав УВО</name>
                <date>2012-05-05+04:00</date>
                <url>http://bus.gov.ru/public/download/download.html?id=6155951</url>
                <type>F</type>
            </document>
            <document>
                <name>доверенность</name>
                <date>2012-07-27+04:00</date>
                <url>http://bus.gov.ru/public/download/download.html?id=6155952</url>
                <type>O</type>
            </document>
            <document>
                <name>свидетельство о постановке на учет</name>
                <date>2012-07-25+04:00</date>
                <url>http://bus.gov.ru/public/download/download.html?id=6155953</url>
                <type>O</type>
            </document>
            <document>
                <name>уведомление о постановке на учет</name>
                <date>2012-07-30+04:00</date>
                <url>http://bus.gov.ru/public/download/download.html?id=6155954</url>
                <type>O</type>
            </document>
            <document>
                <name>свидетельство о государственной регистрации юр. лица</name>
                <date>2012-07-25+04:00</date>
                <url>http://bus.gov.ru/public/download/download.html?id=6155955</url>
                <type>E</type>
            </document>
        </ns2:position>
    
<ns2:position xmlns:ns2="http://bus.gov.ru/external/1" xmlns="http://bus.gov.ru/types/1" xmlns:xsi="http://www.w3.org/2001/XMLSchema-instance" xmlns:ns3="http://bus.gov.ru/fk/1">
            <positionId>99947f03-1d32-467b-ac1e-55f90bde61fd</positionId>
            <changeDate>2012-05-25T08:12:24.061+04:00</changeDate>
            <placer>
                <regNum>0801100000028</regNum>
                <fullName>федеральное государственное казенное образовательное учреждение высшего профессионального образования "Уфимский юридический институт Министерства внутренних дел Российской Федерации"</fullName>
                <inn>0274033424</inn>
                <kpp>027401001</kpp>
            </placer>
            <initiator>
                <regNum>0801100000028</regNum>
                <fullName>федеральное государственное казенное образовательное учреждение высшего профессионального образования "Уфимский юридический институт Министерства внутренних дел Российской Федерации"</fullName>
                <inn>0274033424</inn>
                <kpp>027401001</kpp>
            </initiator>
            <versionNumber>0</versionNumber>
            <main>
                <shortName>Уфимский юридический институт МВД России; ФГКОУ ВПО УЮИ МВД России; УЮИ МВД России</shortName>
                <ogrn>1020202561004</ogrn>
                <rbs>
                    <regNum>0173100000062</regNum>
                    <fullName>Министерство внутренних дел Российской Федерации</fullName>
                </rbs>
                <grbs>
                    <regNum>0173100000062</regNum>
                    <fullName>Министерство внутренних дел Российской Федерации</fullName>
                </grbs>
                <orgType>08</orgType>
                <classifier>
                    <okfs>
                        <code>12</code>
                        <name>Федеральная собственность</name>
                    </okfs>
                    <okopf>
                        <code>72</code>
                        <name>Бюджетные учреждения</name>
                    </okopf>
                    <okogu>
                        <code>1310500</code>
                        <name>Министерство внутренних дел Российской Федерации</name>
                    </okogu>
                    <okpo>
                        <code>08571274</code>
                    </okpo>
                    <okato>
                        <code>80401375000</code>
                        <name>Кировский</name>
                    </okato>
                    <okved>
                        <code>80.30.1</code>
                        <name>Обучение в образовательных учреждениях высшего профессионального образования (университетах, академиях, институтах и в др,)</name>
                        <type>C</type>
                    </okved>
                    <okved>
                        <code>55.30</code>
                        <name>Деятельность ресторанов и кафе</name>
                        <type>O</type>
                    </okved>
                </classifier>
                <address>
                    <zip>450091</zip>
                    <subject>
                        <code>02000000000</code>
                        <name>Башкортостан Респ</name>
                    </subject>
                    <region>
                        <code>02001000000</code>
                        <name>Уфимский р-н</name>
                    </region>
                    <city>
                        <code>02001001000</code>
                        <name>Уфа г</name>
                    </city>
                    <street>
                        <name>Муксинова ул</name>
                    </street>
                    <building>2</building>
                </address>
            </main>
            <additional>
                <institutionType>
                    <code>1006020</code>
                    <name>Институт</name>
                </institutionType>
                <ppo>
                    <code>00000000000</code>
                    <name>Российская Федерация</name>
                    <okato>
                        <code>00000000000</code>
                        <name>Объекты административно-территориального деления, кроме сельских населенных пунктов</name>
                    </okato>
                    <oktmo>
                        <code>80701000</code>
                        <name>- город Уфа</name>
                    </oktmo>
                </ppo>
                <phone>007-347-2548262</phone>
                <www>http://www.ufali.ru</www>
                <section>188</section>
                <oktmo>
                    <code>36626416</code>
                    <name>- Кировский</name>
                </oktmo>
                <activity>
                    <okved>
                        <code>80.30.1</code>
                        <name>Обучение в образовательных учреждениях высшего профессионального образования (университетах, академиях, институтах и в др,)</name>
                    </okved>
                    <name>образовательная деятельность</name>
                </activity>
                <activity>
                    <okved>
                        <code>55.30</code>
                        <name>Деятельность ресторанов и кафе</name>
                    </okved>
                    <name>деятельность ресторанов и кафе</name>
                </activity>
                <eMail>mvdufa@mail.ru</eMail>
            </additional>
            <other>
                <chief>
                    <lastName>Мухаметшин</lastName>
                    <firstName>Фаим</firstName>
                    <middleName>Баязитович</middleName>
                    <position>Начальник</position>
                </chief>
                <founder>
                    <regNum>0173100000062</regNum>
                    <fullName>Министерство внутренних дел Российской Федерации</fullName>
                </founder>
            </other>
            <document>
                <name>Указ+президента+РФ</name>
                <date>2011-07-26+04:00</date>
                <url>http://bus.gov.ru/public/download/download.html?id=3579984</url>
                <type>S</type>
            </document>
            <document>
                <name>приказ+702</name>
                <date>2011-07-26+04:00</date>
                <url>http://bus.gov.ru/public/download/download.html?id=3573033</url>
                <type>S</type>
            </document>
            <document>
                <name>приказ+590</name>
                <date>2011-05-31+04:00</date>
                <url>http://bus.gov.ru/public/download/download.html?id=3572767</url>
                <type>F</type>
            </document>
            <document>
                <name>Устав+УЮИ+МВД+РФ</name>
                <date>2009-07-15+04:00</date>
                <url>http://bus.gov.ru/public/download/download.html?id=3571199</url>
                <type>F</type>
            </document>
            <document>
                <name>свидетельство</name>
                <date>2012-04-02+04:00</date>
                <url>http://bus.gov.ru/public/download/download.html?id=3579962</url>
                <type>E</type>
            </document>
        </ns2:position>
    

    </ns2:body>
    </ns2:institutionInfo>        
        