<?xml version="1.0" encoding="UTF-8" standalone="yes"?>
<ns2:institutionInfo xsi:schemaLocation="http://bus.gov.ru/public/schema/TFF-0.1.3.1/External.xsd" xmlns="http://bus.gov.ru/types/1" xmlns:ns2="http://bus.gov.ru/external/1" xmlns:xsi="http://www.w3.org/2001/XMLSchema-instance" xmlns:ns3="http://bus.gov.ru/fk/1">
    <ns2:body>                        
	<ns2:position xmlns:ns2="http://bus.gov.ru/external/1" xmlns="http://bus.gov.ru/types/1" xmlns:xsi="http://www.w3.org/2001/XMLSchema-instance" xmlns:ns3="http://bus.gov.ru/fk/1">
            <positionId>ce02a790-bbd9-49db-bb53-1dfb7e0e62eb</positionId>
            <changeDate>2012-10-18T09:10:07.630+04:00</changeDate>
            <placer>
                <regNum>0377100000028</regNum>
                <fullName>федеральное государственное казенное учреждение "Отдел вневедомственной охраны Министерства внутренних дел  по Республике Алтай"</fullName>
                <inn>0411006464</inn>
                <kpp>041101001</kpp>
            </placer>
            <initiator>
                <regNum>0377100000028</regNum>
                <fullName>федеральное государственное казенное учреждение "Отдел вневедомственной охраны Министерства внутренних дел  по Республике Алтай"</fullName>
                <inn>0411006464</inn>
                <kpp>041101001</kpp>
            </initiator>
            <versionNumber>3</versionNumber>
            <main>
                <shortName>ФГКУ ОВО МВД по Республике Алтай</shortName>
                <ogrn>1020400747938</ogrn>
                <rbs>
                    <regNum>0377100000008</regNum>
                    <fullName>Министерство внутренних дел по Республике Алтай</fullName>
                </rbs>
                <grbs>
                    <regNum>0173100000054</regNum>
                    <fullName>Министерство внутренних дел Российской Федерации</fullName>
                </grbs>
                <orgType>08</orgType>
                <classifier>
                    <okfs>
                        <code>12</code>
                        <name>Федеральная собственность</name>
                    </okfs>
                    <okopf>
                        <code>72</code>
                        <name>Бюджетные учреждения</name>
                    </okopf>
                    <okogu>
                        <code>1310500</code>
                        <name>Министерство внутренних дел Российской Федерации</name>
                    </okogu>
                    <okpo>
                        <code>08701593</code>
                    </okpo>
                    <okato>
                        <code>84401000000</code>
                        <name>Горно-Алтайск</name>
                    </okato>
                    <okved>
                        <code>75.24.1</code>
                        <name>Деятельность органов внутренних дел</name>
                        <type>C</type>
                    </okved>
                </classifier>
                <address>
                    <zip>649000</zip>
                    <subject>
                        <code>04000000000</code>
                        <name>Алтай Респ</name>
                    </subject>
                    <city>
                        <code>04000001000</code>
                        <name>Горно-Алтайск г</name>
                    </city>
                    <street>
                        <code>040000010000044</code>
                        <name>Коммунистический пр-кт</name>
                    </street>
                    <building>6</building>
                </address>
            </main>
            <additional>
                <institutionType>
                    <code>9900000</code>
                    <name>Прочие</name>
                </institutionType>
                <ppo>
                    <code>00000000000</code>
                    <name>Российская Федерация</name>
                    <okato>
                        <code>00000000000</code>
                        <name>Объекты административно-территориального деления, кроме сельских населенных пунктов</name>
                    </okato>
                    <oktmo>
                        <code>84701000</code>
                        <name>Город Горно-Алтайск</name>
                    </oktmo>
                </ppo>
                <phone>7-38822-23543</phone>
                <section>188</section>
                <oktmo>
                    <code>84701000</code>
                    <name>Город Горно-Алтайск</name>
                </oktmo>
                <activity>
                    <okved>
                        <code>75.24.1</code>
                        <name>Деятельность органов внутренних дел</name>
                        <type>C</type>
                    </okved>
                    <name>Охрана имущества граждан и организаций</name>
                </activity>
            </additional>
            <other>
                <chief>
                    <lastName>Латышков</lastName>
                    <firstName>Вослав</firstName>
                    <middleName>Николаевич</middleName>
                    <position>Начальник</position>
                </chief>
                <founder>
                    <regNum>0173100000062</regNum>
                    <fullName>Министерство внутренних дел Российской Федерации</fullName>
                </founder>
            </other>
            <document>
                <name>Выписка</name>
                <date>2004-06-04+04:00</date>
                <url>http://bus.gov.ru/public/download/download.html?id=5852704</url>
                <type>S</type>
            </document>
            <document>
                <name>выписка из приказа по личному составу</name>
                <date>2012-07-26+04:00</date>
                <url>http://bus.gov.ru/public/download/download.html?id=5873637</url>
                <type>S</type>
            </document>
            <document>
                <name>Положение </name>
                <date>2007-11-08+03:00</date>
                <url>http://bus.gov.ru/public/download/download.html?id=5852705</url>
                <type>F</type>
            </document>
            <document>
                <name>Устав</name>
                <date>2012-03-30+04:00</date>
                <url>http://bus.gov.ru/public/download/download.html?id=5852706</url>
                <type>F</type>
            </document>
            <document>
                <name>Свидетельство ИНН</name>
                <date>2012-06-05+04:00</date>
                <url>http://bus.gov.ru/public/download/download.html?id=5852707</url>
                <type>O</type>
            </document>
            <document>
                <name>Свидетельство</name>
                <date>2001-02-21+03:00</date>
                <url>http://bus.gov.ru/public/download/download.html?id=5852708</url>
                <type>E</type>
            </document>
            <document>
                <name>ЕГРЮЛ</name>
                <date>2012-06-05+04:00</date>
                <url>http://bus.gov.ru/public/download/download.html?id=5852709</url>
                <type>E</type>
            </document>
        </ns2:position>
    
<ns2:position xmlns:ns2="http://bus.gov.ru/external/1" xmlns="http://bus.gov.ru/types/1" xmlns:xsi="http://www.w3.org/2001/XMLSchema-instance" xmlns:ns3="http://bus.gov.ru/fk/1">
            <positionId>8b8d88c1-77bb-42ce-8012-9eaafefd0265</positionId>
            <changeDate>2012-06-21T08:02:43.602+04:00</changeDate>
            <placer>
                <regNum>0377100000053</regNum>
                <fullName>федеральное казенное учреждение здравоохранения "Медико-санитарная часть Министерства внутренних дел Российской Федерации по Республике Алтай"</fullName>
                <inn>0411125239</inn>
                <kpp>041101001</kpp>
            </placer>
            <initiator>
                <regNum>0377100000053</regNum>
                <fullName>федеральное казенное учреждение здравоохранения "Медико-санитарная часть Министерства внутренних дел Российской Федерации по Республике Алтай"</fullName>
                <inn>0411125239</inn>
                <kpp>041101001</kpp>
            </initiator>
            <versionNumber>0</versionNumber>
            <main>
                <shortName>ФКУЗ "МСЧ МВД России по Республике Алтай"</shortName>
                <ogrn>1060411028402</ogrn>
                <rbs>
                    <regNum>0377100000008</regNum>
                    <fullName>Министерство внутренних дел по Республике Алтай</fullName>
                </rbs>
                <grbs>
                    <regNum>0173100000062</regNum>
                    <fullName>Министерство внутренних дел Российской Федерации</fullName>
                </grbs>
                <orgType>08</orgType>
                <classifier>
                    <okfs>
                        <code>12</code>
                        <name>Федеральная собственность</name>
                    </okfs>
                    <okopf>
                        <code>72</code>
                        <name>Бюджетные учреждения</name>
                    </okopf>
                    <okogu>
                        <code>1310500</code>
                        <name>Министерство внутренних дел Российской Федерации</name>
                    </okogu>
                    <okpo>
                        <code>08725843</code>
                    </okpo>
                    <okato>
                        <code>84401000000</code>
                        <name>Горно-Алтайск</name>
                    </okato>
                    <okved>
                        <code>85.14.5</code>
                        <name>Деятельность учреждений санитарно-эпидемиологической службы</name>
                        <type>O</type>
                    </okved>
                    <okved>
                        <code>85.12</code>
                        <name>Врачебная практика</name>
                        <type>O</type>
                    </okved>
                    <okved>
                        <code>85.14.1</code>
                        <name>Деятельность среднего медицинского персонала</name>
                        <type>C</type>
                    </okved>
                    <okved>
                        <code>85.32</code>
                        <name>Предоставление социальных услуг без обеспечения проживания</name>
                        <type>O</type>
                    </okved>
                    <okved>
                        <code>85.14.2</code>
                        <name>Деятельность вспомогательного стоматологического персонала</name>
                        <type>O</type>
                    </okved>
                    <okved>
                        <code>85.13</code>
                        <name>Стоматологическая практика</name>
                        <type>C</type>
                    </okved>
                    <okved>
                        <code>85.14.3</code>
                        <name>Деятельность медицинских лабораторий</name>
                        <type>O</type>
                    </okved>
                </classifier>
                <address>
                    <zip>649000</zip>
                    <subject>
                        <code>04000000000</code>
                        <name>Алтай Респ</name>
                    </subject>
                    <city>
                        <code>04000001000</code>
                        <name>Горно-Алтайск г</name>
                    </city>
                    <street>
                        <code>040000010000065</code>
                        <name>Маяковского ул</name>
                    </street>
                    <building>11</building>
                </address>
            </main>
            <additional>
                <institutionType>
                    <code>0509000</code>
                    <name>Медико-санитарная часть, в том числе центральная</name>
                </institutionType>
                <ppo>
                    <code>00000000000</code>
                    <name>Российская Федерация</name>
                    <okato>
                        <code>00000000000</code>
                        <name>Объекты административно-территориального деления, кроме сельских населенных пунктов</name>
                    </okato>
                    <oktmo>
                        <code>84701000</code>
                        <name>- Город Горно-Алтайск</name>
                    </oktmo>
                </ppo>
                <phone>7-38822-23183</phone>
                <section>182</section>
                <oktmo>
                    <code>84701000</code>
                    <name>- Город Горно-Алтайск</name>
                </oktmo>
                <activity>
                    <okved>
                        <code>85.14.5</code>
                        <name>Деятельность учреждений санитарно-эпидемиологической службы</name>
                    </okved>
                    <name>Деятельность учреждений санитарно-эпидемиологической службы</name>
                </activity>
                <activity>
                    <okved>
                        <code>85.12</code>
                        <name>Врачебная практика</name>
                    </okved>
                    <name>Врачебная практика</name>
                </activity>
                <activity>
                    <okved>
                        <code>85.14.1</code>
                        <name>Деятельность среднего медицинского персонала</name>
                    </okved>
                    <name>Деятельность среднего медицинского персонала</name>
                </activity>
                <activity>
                    <okved>
                        <code>85.32</code>
                        <name>Предоставление социальных услуг без обеспечения проживания</name>
                    </okved>
                    <name>Предоставление социальных услуг без обеспечения проживания</name>
                </activity>
                <activity>
                    <okved>
                        <code>85.14.2</code>
                        <name>Деятельность вспомогательного стоматологического персонала</name>
                    </okved>
                    <name>Деятельность вспомогательного стоматологического персонала</name>
                </activity>
                <activity>
                    <okved>
                        <code>85.13</code>
                        <name>Стоматологическая практика</name>
                    </okved>
                    <name>Стоматологическая практика</name>
                </activity>
                <activity>
                    <okved>
                        <code>85.14.3</code>
                        <name>Деятельность медицинских лабораторий</name>
                    </okved>
                    <name>Деятельность медицинских лабораторий</name>
                </activity>
            </additional>
            <other>
                <chief>
                    <lastName>Абугалимов</lastName>
                    <firstName>Ренат</firstName>
                    <middleName>Маратович</middleName>
                    <position>Начальник</position>
                </chief>
                <founder>
                    <regNum>0173100000062</regNum>
                    <fullName>Министерство внутренних дел Российской Федерации</fullName>
                </founder>
            </other>
            <document>
                <name>Выписка из приказа МВД по РА</name>
                <date>2012-06-21+04:00</date>
                <url>http://bus.gov.ru/public/download/download.html?id=4188274</url>
                <type>S</type>
            </document>
            <document>
                <name>Устав</name>
                <date>2012-06-21+04:00</date>
                <url>http://bus.gov.ru/public/download/download.html?id=4188039</url>
                <type>F</type>
            </document>
            <document>
                <name>Изменения в Устав525</name>
                <date>2012-06-21+04:00</date>
                <url>http://bus.gov.ru/public/download/download.html?id=4188055</url>
                <type>F</type>
            </document>
            <document>
                <name>свидетельство ОГРН</name>
                <date>2012-06-21+04:00</date>
                <url>http://bus.gov.ru/public/download/download.html?id=4188131</url>
                <type>E</type>
            </document>
            <document>
                <name>Свидетельство о постановке на учет в МИФНС России №5</name>
                <date>2012-06-21+04:00</date>
                <url>http://bus.gov.ru/public/download/download.html?id=4188106</url>
                <type>E</type>
            </document>
            <document>
                <name>Выписка из ЕГРЮЛ</name>
                <date>2012-06-21+04:00</date>
                <url>http://bus.gov.ru/public/download/download.html?id=4188145</url>
                <type>E</type>
            </document>
        </ns2:position>
    

    </ns2:body>
    </ns2:institutionInfo>        
        