<?xml version="1.0" encoding="UTF-8" standalone="yes"?>
<ns2:institutionInfo xsi:schemaLocation="http://bus.gov.ru/public/schema/TFF-0.1.3.1/External.xsd" xmlns="http://bus.gov.ru/types/1" xmlns:ns2="http://bus.gov.ru/external/1" xmlns:xsi="http://www.w3.org/2001/XMLSchema-instance" xmlns:ns3="http://bus.gov.ru/fk/1">
    <ns2:body>                        
	<ns2:position xmlns:ns2="http://bus.gov.ru/external/1" xmlns="http://bus.gov.ru/types/1" xmlns:xsi="http://www.w3.org/2001/XMLSchema-instance" xmlns:ns3="http://bus.gov.ru/fk/1">
            <positionId>35eb35b4-c884-4d52-ac67-9fa54991564a</positionId>
            <changeDate>2012-06-02T14:17:04.847+04:00</changeDate>
            <placer>
                <regNum>0303100000036</regNum>
                <fullName>Отдел Министерства внутренних дел Российской Федерации по Акушинскому району</fullName>
                <inn>0502004009</inn>
                <kpp>052101001</kpp>
            </placer>
            <initiator>
                <regNum>0303100000036</regNum>
                <fullName>Отдел Министерства внутренних дел Российской Федерации по Акушинскому району</fullName>
                <inn>0502004009</inn>
                <kpp>052101001</kpp>
            </initiator>
            <versionNumber>2</versionNumber>
            <main>
                <shortName>ОМВД РФ по Акушинскому району</shortName>
                <ogrn>1050521001002</ogrn>
                <rbs>
                    <fullName>Министерство внутренних дел по Республике Дагестан</fullName>
                </rbs>
                <grbs>
                    <regNum>0173100000054</regNum>
                    <fullName>Министерство внутренних дел Российской Федерации</fullName>
                </grbs>
                <orgType>03</orgType>
                <classifier>
                    <okfs>
                        <code>12</code>
                        <name>Федеральная собственность</name>
                    </okfs>
                    <okopf>
                        <code>72</code>
                        <name>Бюджетные учреждения</name>
                    </okopf>
                    <okogu>
                        <code>1310500</code>
                        <name>Министерство внутренних дел Российской Федерации</name>
                    </okogu>
                    <okpo>
                        <code>08660701</code>
                    </okpo>
                    <okato>
                        <code>82203804001</code>
                        <name>с Акуша</name>
                    </okato>
                    <okved>
                        <code>75.24.1</code>
                        <name>Деятельность органов внутренних дел</name>
                        <type>C</type>
                    </okved>
                </classifier>
                <address>
                    <zip>368280</zip>
                    <subject>
                        <code>05000000000</code>
                        <name>Дагестан</name>
                    </subject>
                    <region>
                        <code>05003000000</code>
                        <name>Акушинский</name>
                    </region>
                    <locality>
                        <code>05003000001</code>
                        <name>Акуша</name>
                    </locality>
                </address>
            </main>
            <additional>
                <institutionType>
                    <code>0900000</code>
                    <name>Национальная оборона</name>
                </institutionType>
                <ppo>
                    <code>00000000000</code>
                    <name>Российская Федерация</name>
                    <okato>
                        <code>00000000000</code>
                        <name>Объекты административно-территориального деления, кроме сельских населенных пунктов</name>
                    </okato>
                    <oktmo>
                        <code>53633443</code>
                        <name>- Российское</name>
                    </oktmo>
                </ppo>
                <phone>7-260-21402</phone>
                <oktmo>
                    <code>82603000</code>
                    <name>Акушинский муниципальный район</name>
                </oktmo>
                <activity>
                    <okved>
                        <code>75.24.1</code>
                        <name>Деятельность органов внутренних дел</name>
                    </okved>
                    <name>Деятельность органов внутренних дел</name>
                </activity>
                <eMail>omvd_akusha@mail.ru</eMail>
            </additional>
            <other>
                <chief>
                    <lastName>БЕГАЕВ</lastName>
                    <firstName>КАДИ</firstName>
                    <middleName>МАГОМЕДОВИЧ</middleName>
                    <position>Начальник</position>
                </chief>
                <founder>
                    <regNum>0173100000062</regNum>
                    <fullName>Министерство внутренних дел Российской Федерации</fullName>
                </founder>
            </other>
            <document>
                <name>Решение учредителя о назначении руководителя</name>
                <date>2011-06-18+04:00</date>
                <url>http://bus.gov.ru/public/download/download.html?id=3818411</url>
                <type>S</type>
            </document>
            <document>
                <name>Положение об ОМВД РФ по Акушинскому району</name>
                <date>2011-11-25+04:00</date>
                <url>http://bus.gov.ru/public/download/download.html?id=3818412</url>
                <type>F</type>
            </document>
            <document>
                <name>Свидетельство о постановке на учет российской организации в налоговом органе по месту ее нахождения</name>
                <date>2011-11-25+04:00</date>
                <url>http://bus.gov.ru/public/download/download.html?id=3818413</url>
                <type>E</type>
            </document>
            <document>
                <name>Свидетельство о внесении записи в ЕГРЮЛ</name>
                <date>2011-11-25+04:00</date>
                <url>http://bus.gov.ru/public/download/download.html?id=3818414</url>
                <type>E</type>
            </document>
        </ns2:position>
    

    </ns2:body>
    </ns2:institutionInfo>        
        