<?xml version="1.0" encoding="UTF-8" standalone="yes"?>
<ns2:institutionInfo xsi:schemaLocation="http://bus.gov.ru/public/schema/TFF-0.1.3.1/External.xsd" xmlns="http://bus.gov.ru/types/1" xmlns:ns2="http://bus.gov.ru/external/1" xmlns:xsi="http://www.w3.org/2001/XMLSchema-instance" xmlns:ns3="http://bus.gov.ru/fk/1">
    <ns2:body>                        
	<ns2:position xmlns:ns2="http://bus.gov.ru/external/1" xmlns="http://bus.gov.ru/types/1" xmlns:xsi="http://www.w3.org/2001/XMLSchema-instance" xmlns:ns3="http://bus.gov.ru/fk/1">
            <positionId>c55e3326-3073-4b46-a57d-562158acfc97</positionId>
            <changeDate>2012-07-11T12:20:41.546+04:00</changeDate>
            <placer>
                <regNum>0314100000021</regNum>
                <fullName>федеральное казенное учреждение здравоохранения "Медико-санитарная часть Министерства внутренних дел Российской Федерации по Республике Ингушетия"</fullName>
                <inn>0603280703</inn>
                <kpp>060301001</kpp>
            </placer>
            <initiator>
                <regNum>0314100000021</regNum>
                <fullName>федеральное казенное учреждение здравоохранения "Медико-санитарная часть Министерства внутренних дел Российской Федерации по Республике Ингушетия"</fullName>
                <inn>0603280703</inn>
                <kpp>060301001</kpp>
            </initiator>
            <versionNumber>0</versionNumber>
            <main>
                <shortName>ФКУЗ "МСЧ МВД России по Республике Ингушетия"</shortName>
                <ogrn>1060603001271</ogrn>
                <rbs>
                    <regNum>0114100000012</regNum>
                    <fullName>Министерство внутренних дел по Республике Ингушетия</fullName>
                </rbs>
                <grbs>
                    <regNum>0173100000062</regNum>
                    <fullName>Министерство внутренних дел Российской Федерации</fullName>
                </grbs>
                <orgType>08</orgType>
                <classifier>
                    <okfs>
                        <code>12</code>
                        <name>Федеральная собственность</name>
                    </okfs>
                    <okopf>
                        <code>72</code>
                        <name>Бюджетные учреждения</name>
                    </okopf>
                    <okogu>
                        <code>1310500</code>
                        <name>Министерство внутренних дел Российской Федерации</name>
                    </okogu>
                    <okpo>
                        <code>08585750</code>
                    </okpo>
                    <okato>
                        <code>26000000000</code>
                        <name>Республика Ингушетия</name>
                    </okato>
                    <okved>
                        <code>85.11</code>
                        <name>Деятельность лечебных учреждений</name>
                        <type>C</type>
                    </okved>
                </classifier>
                <address>
                    <zip>386231</zip>
                    <subject>
                        <code>06000000000</code>
                        <name>Ингушетия</name>
                    </subject>
                    <city>
                        <code>06000002000</code>
                        <name>Карабулак</name>
                    </city>
                    <street>
                        <name>Фрунзе</name>
                    </street>
                    <building>10</building>
                </address>
            </main>
            <additional>
                <institutionType>
                    <code>0500000</code>
                    <name>Здравоохранение</name>
                </institutionType>
                <ppo>
                    <code>00000000000</code>
                    <name>Российская Федерация</name>
                    <okato>
                        <code>00000000000</code>
                        <name>Объекты административно-территориального деления, кроме сельских населенных пунктов</name>
                    </okato>
                </ppo>
                <phone>7-873-4444751</phone>
                <section>188</section>
                <oktmo>
                    <code>26</code>
                    <name>Муниципальные образования Республики Ингушетии</name>
                </oktmo>
                <activity>
                    <okved>
                        <code>85.11</code>
                        <name>Деятельность лечебных учреждений</name>
                    </okved>
                    <name>Деятельность лечебных учреждений</name>
                </activity>
            </additional>
            <other>
                <chief>
                    <lastName>САЙНАРОЕВ</lastName>
                    <firstName>ХАЛИД</firstName>
                    <middleName>ХУСЕНОВИЧ</middleName>
                    <position>Начальник</position>
                </chief>
                <founder>
                    <regNum>0173100000062</regNum>
                    <fullName>Министерство внутренних дел Российской Федерации</fullName>
                </founder>
            </other>
            <document>
                <name>Приказ о назначении</name>
                <date>2012-07-11+04:00</date>
                <url>http://bus.gov.ru/public/download/download.html?id=4548179</url>
                <type>S</type>
            </document>
            <document>
                <name>Приказ</name>
                <date>2012-07-11+04:00</date>
                <url>http://bus.gov.ru/public/download/download.html?id=4547633</url>
                <type>C</type>
            </document>
            <document>
                <name>Устав </name>
                <date>2012-07-11+04:00</date>
                <url>http://bus.gov.ru/public/download/download.html?id=4547344</url>
                <type>F</type>
            </document>
            <document>
                <name>Свидетельство</name>
                <date>2012-07-11+04:00</date>
                <url>http://bus.gov.ru/public/download/download.html?id=4547420</url>
                <type>E</type>
            </document>
        </ns2:position>
    

    </ns2:body>
    </ns2:institutionInfo>        
        