<?xml version="1.0" encoding="UTF-8" standalone="yes"?>
<ns2:institutionInfo xsi:schemaLocation="http://bus.gov.ru/public/schema/TFF-0.1.3.1/External.xsd" xmlns="http://bus.gov.ru/types/1" xmlns:ns2="http://bus.gov.ru/external/1" xmlns:xsi="http://www.w3.org/2001/XMLSchema-instance" xmlns:ns3="http://bus.gov.ru/fk/1">
    <ns2:body>                        
	<ns2:position xmlns:ns2="http://bus.gov.ru/external/1" xmlns="http://bus.gov.ru/types/1" xmlns:xsi="http://www.w3.org/2001/XMLSchema-instance" xmlns:ns3="http://bus.gov.ru/fk/1">
            <positionId>3074dfd1-3154-49c6-ba07-5015bf3d839f</positionId>
            <changeDate>2012-04-13T15:36:42.349+04:00</changeDate>
            <placer>
                <regNum>0304100000137</regNum>
                <fullName>Управление вневедомственной охраны Министерства внутренних дел по Кабардино-Балкарской Республике</fullName>
                <inn>0711038185</inn>
                <kpp>072601001</kpp>
            </placer>
            <initiator>
                <regNum>0304100000137</regNum>
                <fullName>Управление вневедомственной охраны Министерства внутренних дел по Кабардино-Балкарской Республике</fullName>
                <inn>0711038185</inn>
                <kpp>072601001</kpp>
            </initiator>
            <versionNumber>0</versionNumber>
            <main>
                <shortName>УВО МВД по Кабардино-Балкарской Республике</shortName>
                <ogrn>1020700749420</ogrn>
                <rbs>
                    <regNum>0304100000002</regNum>
                    <fullName>Министерство внутренних дел по Кабардино-Балкарской Республике</fullName>
                </rbs>
                <grbs>
                    <regNum>0173100000062</regNum>
                    <fullName>Министерство внутренних дел Российской Федерации</fullName>
                </grbs>
                <orgType>03</orgType>
                <classifier>
                    <okfs>
                        <code>12</code>
                        <name>Федеральная собственность</name>
                    </okfs>
                    <okopf>
                        <code>72</code>
                        <name>Бюджетные учреждения</name>
                    </okopf>
                    <okogu>
                        <code>1310500</code>
                        <name>Министерство внутренних дел Российской Федерации</name>
                    </okogu>
                    <okpo>
                        <code>08596682</code>
                    </okpo>
                    <okato>
                        <code>83401000000</code>
                        <name>Нальчик</name>
                    </okato>
                    <okved>
                        <code>75.24.1</code>
                        <name>Деятельность органов внутренних дел</name>
                        <type>C</type>
                    </okved>
                </classifier>
                <address>
                    <zip>360016</zip>
                    <subject>
                        <code>07000000000</code>
                        <name>Кабардино-Балкарская</name>
                    </subject>
                    <city>
                        <code>07000001000</code>
                        <name>Нальчик</name>
                    </city>
                    <street>
                        <name>ул.Шалушкинская</name>
                    </street>
                    <building>д.1-а</building>
                </address>
            </main>
            <additional>
                <institutionType>
                    <code>9900000</code>
                    <name>Прочие</name>
                </institutionType>
                <ppo>
                    <code>00000000000</code>
                    <name>Российская Федерация</name>
                    <okato>
                        <code>00000000000</code>
                        <name>Объекты административно-территориального деления, кроме сельских населенных пунктов</name>
                    </okato>
                </ppo>
                <phone>7-8662-753835</phone>
                <www>http://uvokbr.ru</www>
                <oktmo>
                    <code>83701000</code>
                    <name>- Нальчик</name>
                </oktmo>
                <activity>
                    <okved>
                        <code>75.24.1</code>
                        <name>Деятельность органов внутренних дел</name>
                    </okved>
                    <name>Оказание государственных услуг по охране имущества собственников</name>
                </activity>
                <eMail>kbruvo-torgi@rambler.ru</eMail>
            </additional>
            <other>
                <chief>
                    <lastName>Канихов</lastName>
                    <firstName>Аслан </firstName>
                    <middleName>Гамельевич</middleName>
                    <position>Начальник управления</position>
                </chief>
                <founder>
                    <regNum>0173100000062</regNum>
                    <fullName>Министерство внутренних дел Российской Федерации</fullName>
                </founder>
            </other>
            <document>
                <name>приказ об утверждении положения</name>
                <date>2011-08-17+04:00</date>
                <url>http://bus.gov.ru/public/download/download.html?id=2416002</url>
                <type>F</type>
            </document>
            <document>
                <name>положение об управлении</name>
                <date>2011-08-17+04:00</date>
                <url>http://bus.gov.ru/public/download/download.html?id=2416414</url>
                <type>F</type>
            </document>
            <document>
                <name>свидетельство 1</name>
                <date>2011-09-13+04:00</date>
                <url>http://bus.gov.ru/public/download/download.html?id=2416633</url>
                <type>E</type>
            </document>
            <document>
                <name>свидетельство 2</name>
                <date>2012-03-21+04:00</date>
                <url>http://bus.gov.ru/public/download/download.html?id=2416754</url>
                <type>E</type>
            </document>
            <document>
                <name>приказ о назначении</name>
                <date>2011-07-18+04:00</date>
                <url>http://bus.gov.ru/public/download/download.html?id=2416854</url>
                <type>S</type>
            </document>
        </ns2:position>
    
<ns2:position xmlns:ns2="http://bus.gov.ru/external/1" xmlns="http://bus.gov.ru/types/1" xmlns:xsi="http://www.w3.org/2001/XMLSchema-instance" xmlns:ns3="http://bus.gov.ru/fk/1">
            <positionId>36871577-8ac8-4760-8a74-28ef02d9c755</positionId>
            <changeDate>2012-04-13T16:34:16.695+04:00</changeDate>
            <placer>
                <regNum>0304100000026</regNum>
                <fullName>Отдел вневедомственной охраны Управления Министерства внутренних дел Российской Федерации по городу Нальчик</fullName>
                <inn>0711051154</inn>
                <kpp>072101001</kpp>
            </placer>
            <initiator>
                <regNum>0304100000026</regNum>
                <fullName>Отдел вневедомственной охраны Управления Министерства внутренних дел Российской Федерации по городу Нальчик</fullName>
                <inn>0711051154</inn>
                <kpp>072101001</kpp>
            </initiator>
            <versionNumber>0</versionNumber>
            <main>
                <shortName>ГУ "ОВО при УВД по городскому округу Нальчик КБР"</shortName>
                <ogrn>1020700748584</ogrn>
                <rbs>
                    <regNum>0304100000137</regNum>
                    <fullName>Управление вневедомственной охраны Министерства внутренних дел по Кабардино-Балкарской Республике</fullName>
                </rbs>
                <grbs>
                    <regNum>0173100000062</regNum>
                    <fullName>Министерство внутренних дел Российской Федерации</fullName>
                </grbs>
                <orgType>03</orgType>
                <classifier>
                    <okfs>
                        <code>12</code>
                        <name>Федеральная собственность</name>
                    </okfs>
                    <okopf>
                        <code>72</code>
                        <name>Бюджетные учреждения</name>
                    </okopf>
                    <okogu>
                        <code>1310500</code>
                        <name>Министерство внутренних дел Российской Федерации</name>
                    </okogu>
                    <okpo>
                        <code>08716502</code>
                    </okpo>
                    <okato>
                        <code>83401000000</code>
                        <name>Нальчик</name>
                    </okato>
                    <okved>
                        <code>75.24.1</code>
                        <name>Деятельность органов внутренних дел</name>
                        <type>C</type>
                    </okved>
                </classifier>
                <address>
                    <zip>360016</zip>
                    <subject>
                        <code>07000000000</code>
                        <name>Кабардино-Балкарская</name>
                    </subject>
                    <city>
                        <code>07000001000</code>
                        <name>Нальчик</name>
                    </city>
                    <street>
                        <name>ул.Шалушкинская</name>
                    </street>
                    <building>Д.1А</building>
                </address>
            </main>
            <additional>
                <institutionType>
                    <code>9900000</code>
                    <name>Прочие</name>
                </institutionType>
                <ppo>
                    <code>00000000000</code>
                    <name>Российская Федерация</name>
                    <okato>
                        <code>00000000000</code>
                        <name>Объекты административно-территориального деления, кроме сельских населенных пунктов</name>
                    </okato>
                </ppo>
                <phone>7-8662-751920</phone>
                <oktmo>
                    <code>83701000</code>
                    <name>- Нальчик</name>
                </oktmo>
                <activity>
                    <okved>
                        <code>75.24.1</code>
                        <name>Деятельность органов внутренних дел</name>
                    </okved>
                    <name>Предоставление государственных услуг по охране имущества собственников.</name>
                </activity>
                <eMail>kbrovo@mail.ru</eMail>
            </additional>
            <other>
                <chief>
                    <lastName>Ахомготов</lastName>
                    <firstName>Мурат</firstName>
                    <middleName>Хабасович</middleName>
                    <position>Начальник</position>
                </chief>
                <founder>
                    <regNum>0173100000062</regNum>
                    <fullName>Министерство внутренних дел Российской Федерации</fullName>
                </founder>
            </other>
            <document>
                <name>госрегистрация</name>
                <date>2011-09-13+04:00</date>
                <url>http://bus.gov.ru/public/download/download.html?id=2449885</url>
                <type>E</type>
            </document>
            <document>
                <name>приказ о положении</name>
                <date>2011-08-23+04:00</date>
                <url>http://bus.gov.ru/public/download/download.html?id=2446608</url>
                <type>F</type>
            </document>
            <document>
                <name>положение об отделе</name>
                <date>2011-09-13+04:00</date>
                <url>http://bus.gov.ru/public/download/download.html?id=2448926</url>
                <type>F</type>
            </document>
            <document>
                <name>приказ о назначении начальника</name>
                <date>2011-07-23+04:00</date>
                <url>http://bus.gov.ru/public/download/download.html?id=2449949</url>
                <type>S</type>
            </document>
        </ns2:position>
    
<ns2:position xmlns:ns2="http://bus.gov.ru/external/1" xmlns="http://bus.gov.ru/types/1" xmlns:xsi="http://www.w3.org/2001/XMLSchema-instance" xmlns:ns3="http://bus.gov.ru/fk/1">
            <positionId>21a8bdcb-d99a-4979-84dd-b88ed18f57d4</positionId>
            <changeDate>2012-06-25T17:23:04.617+04:00</changeDate>
            <placer>
                <regNum>0304100000095</regNum>
                <fullName>Отдел Министерства внутренних дел Российской Федерации по Майскому району Кабардино-Балкарской Республики</fullName>
                <inn>0703002717</inn>
                <kpp>070301001</kpp>
            </placer>
            <initiator>
                <regNum>0304100000095</regNum>
                <fullName>Отдел Министерства внутренних дел Российской Федерации по Майскому району Кабардино-Балкарской Республики</fullName>
                <inn>0703002717</inn>
                <kpp>070301001</kpp>
            </initiator>
            <versionNumber>0</versionNumber>
            <main>
                <shortName>Отдел МВД России по Майскому району КБР</shortName>
                <ogrn>1020700557745</ogrn>
                <rbs>
                    <regNum>0304100000002</regNum>
                    <fullName>Министерство внутренних дел по Кабардино-Балкарской Республике</fullName>
                </rbs>
                <grbs>
                    <regNum>0173100000062</regNum>
                    <fullName>Министерство внутренних дел Российской Федерации</fullName>
                </grbs>
                <orgType>08</orgType>
                <classifier>
                    <okfs>
                        <code>12</code>
                        <name>Федеральная собственность</name>
                    </okfs>
                    <okopf>
                        <code>72</code>
                        <name>Бюджетные учреждения</name>
                    </okopf>
                    <okogu>
                        <code>1310500</code>
                        <name>Министерство внутренних дел Российской Федерации</name>
                    </okogu>
                    <okpo>
                        <code>08661111</code>
                    </okpo>
                    <okato>
                        <code>83220501000</code>
                        <name>Майский</name>
                    </okato>
                    <okved>
                        <code>75.24.1</code>
                        <name>Деятельность органов внутренних дел</name>
                        <type>C</type>
                    </okved>
                </classifier>
                <address>
                    <zip>361115</zip>
                    <subject>
                        <code>07000000000</code>
                        <name>Кабардино-Балкарская Респ</name>
                    </subject>
                    <city>
                        <code>07004001000</code>
                        <name>Майский г</name>
                    </city>
                    <street>
                        <code>070040010000040</code>
                        <name>Ленина ул</name>
                    </street>
                    <building>22</building>
                </address>
            </main>
            <additional>
                <institutionType>
                    <code>9900000</code>
                    <name>Прочие</name>
                </institutionType>
                <ppo>
                    <code>00000000000</code>
                    <name>Российская Федерация</name>
                    <okato>
                        <code>00000000000</code>
                        <name>Объекты административно-территориального деления, кроме сельских населенных пунктов</name>
                    </okato>
                    <oktmo>
                        <code>83620101</code>
                        <name>- Майский</name>
                    </oktmo>
                </ppo>
                <phone>8-86633-21402</phone>
                <section>188</section>
                <oktmo>
                    <code>83620101</code>
                    <name>- Майский</name>
                </oktmo>
                <activity>
                    <okved>
                        <code>75.24.1</code>
                        <name>Деятельность органов внутренних дел</name>
                    </okved>
                    <name>защита личности, общества, государства от противоправных посягательств,предупреждение и пресечение преступлений и административных правонарушений. Обеспечение безопасности дорожного движения.</name>
                </activity>
                <eMail>mayskovd@mail.ru</eMail>
            </additional>
            <other>
                <chief>
                    <lastName>КАРМАЛИКО</lastName>
                    <firstName>МИХАИЛ</firstName>
                    <middleName>ДМИТРИЕВИЧ</middleName>
                    <position>Начальник ОВД</position>
                </chief>
                <founder>
                    <regNum>0173100000062</regNum>
                    <fullName>Министерство внутренних дел Российской Федерации</fullName>
                </founder>
            </other>
            <document>
                <name>Приказ</name>
                <date>2011-03-05+03:00</date>
                <url>http://bus.gov.ru/public/download/download.html?id=4265794</url>
                <type>S</type>
            </document>
            <document>
                <name>Положение об отделе МВД России по Майскому району КБР</name>
                <date>2011-07-04+04:00</date>
                <url>http://bus.gov.ru/public/download/download.html?id=4265505</url>
                <type>F</type>
            </document>
            <document>
                <name>Свидетельство о внесении записи в Единый государственный реестр</name>
                <date>2011-12-28+04:00</date>
                <url>http://bus.gov.ru/public/download/download.html?id=4265658</url>
                <type>E</type>
            </document>
        </ns2:position>
    
<ns2:position xmlns:ns2="http://bus.gov.ru/external/1" xmlns="http://bus.gov.ru/types/1" xmlns:xsi="http://www.w3.org/2001/XMLSchema-instance" xmlns:ns3="http://bus.gov.ru/fk/1">
            <positionId>47c6b3e9-c20c-4483-a0cf-8816eec9e65c</positionId>
            <changeDate>2012-06-28T19:00:44.864+04:00</changeDate>
            <placer>
                <regNum>0304100000069</regNum>
                <fullName>1 гарнизонная квартирно-эксплуатационная часть</fullName>
                <inn>0713003131</inn>
                <kpp>070801001</kpp>
            </placer>
            <initiator>
                <regNum>0304100000069</regNum>
                <fullName>1 гарнизонная квартирно-эксплуатационная часть</fullName>
                <inn>0713003131</inn>
                <kpp>070801001</kpp>
            </initiator>
            <versionNumber>0</versionNumber>
            <main>
                <shortName>Войсковая часть 6825</shortName>
                <ogrn>1050700100120</ogrn>
                <rbs>
                    <regNum>0358100000053</regNum>
                    <fullName>управление Северо-Кавказского регионального командования внутренних войск МВД России</fullName>
                </rbs>
                <grbs>
                    <regNum>0173100000054</regNum>
                    <fullName>Министерство внутренних дел Российской Федерации</fullName>
                </grbs>
                <orgType>03</orgType>
                <classifier>
                    <okfs>
                        <code>12</code>
                        <name>Федеральная собственность</name>
                    </okfs>
                    <okopf>
                        <code>72</code>
                        <name>Бюджетные учреждения</name>
                    </okopf>
                    <okogu>
                        <code>1310500</code>
                        <name>Министерство внутренних дел Российской Федерации</name>
                    </okogu>
                    <okpo>
                        <code>08607569</code>
                    </okpo>
                    <okato>
                        <code>83245559000</code>
                        <name>Звездный</name>
                    </okato>
                    <okved>
                        <code>75.24</code>
                        <name>Деятельность по обеспечению общественного порядка и безопасности</name>
                        <type>C</type>
                    </okved>
                </classifier>
                <address>
                    <zip>361430</zip>
                    <subject>
                        <code>07000000000</code>
                        <name>Кабардино-Балкарская Респ</name>
                    </subject>
                    <region>
                        <code>07008000000</code>
                        <name>Чегемский р-н</name>
                    </region>
                    <locality>
                        <code>07008000013</code>
                        <name>Звездный п</name>
                    </locality>
                    <building>0/0</building>
                    <office>0</office>
                </address>
            </main>
            <additional>
                <institutionType>
                    <code>0900000</code>
                    <name>Национальная оборона</name>
                </institutionType>
                <ppo>
                    <code>00000000000</code>
                    <name>Российская Федерация</name>
                    <okato>
                        <code>00000000000</code>
                        <name>Объекты административно-территориального деления, кроме сельских населенных пунктов</name>
                    </okato>
                </ppo>
                <phone>7-8630-72077</phone>
                <oktmo>
                    <code>83</code>
                    <name>Муниципальные образования Кабардино-Балкарской Республики</name>
                </oktmo>
                <activity>
                    <okved>
                        <code>75.24</code>
                        <name>Деятельность по обеспечению общественного порядка и безопасности</name>
                    </okved>
                    <name> Деятельность, связанная с обеспечением военной безопасности </name>
                </activity>
            </additional>
            <other>
                <chief>
                    <lastName>Устименко</lastName>
                    <firstName>Александр</firstName>
                    <middleName>Алексеевич</middleName>
                    <position>Начальник ГКЭЧ</position>
                </chief>
                <founder>
                    <regNum>0173100000062</regNum>
                    <fullName>Министерство внутренних дел Российской Федерации</fullName>
                </founder>
            </other>
            <document>
                <name>закрытая информация</name>
                <date>2012-06-28+04:00</date>
                <url>http://bus.gov.ru/public/download/download.html?id=4352640</url>
                <type>S</type>
            </document>
            <document>
                <name>закрытая информация</name>
                <date>2012-06-28+04:00</date>
                <url>http://bus.gov.ru/public/download/download.html?id=4352631</url>
                <type>L</type>
            </document>
            <document>
                <name>закрытая информация</name>
                <date>2012-06-28+04:00</date>
                <url>http://bus.gov.ru/public/download/download.html?id=4352627</url>
                <type>C</type>
            </document>
            <document>
                <name>закрытая информация</name>
                <date>2012-06-28+04:00</date>
                <url>http://bus.gov.ru/public/download/download.html?id=4352628</url>
                <type>C</type>
            </document>
            <document>
                <name>закрытая информация</name>
                <date>2012-06-28+04:00</date>
                <url>http://bus.gov.ru/public/download/download.html?id=4352620</url>
                <type>F</type>
            </document>
            <document>
                <name>закрытая информация</name>
                <date>2012-06-28+04:00</date>
                <url>http://bus.gov.ru/public/download/download.html?id=4352623</url>
                <type>E</type>
            </document>
        </ns2:position>
    
<ns2:position xmlns:ns2="http://bus.gov.ru/external/1" xmlns="http://bus.gov.ru/types/1" xmlns:xsi="http://www.w3.org/2001/XMLSchema-instance" xmlns:ns3="http://bus.gov.ru/fk/1">
            <positionId>93031103-695e-43d9-9079-6fdaac35401d</positionId>
            <changeDate>2012-06-30T18:44:10.673+04:00</changeDate>
            <placer>
                <regNum>0304100000044</regNum>
                <fullName>Войсковая часть 6873</fullName>
                <inn>0721009306</inn>
                <kpp>072101001</kpp>
            </placer>
            <initiator>
                <regNum>0304100000044</regNum>
                <fullName>Войсковая часть 6873</fullName>
                <inn>0721009306</inn>
                <kpp>072101001</kpp>
            </initiator>
            <versionNumber>0</versionNumber>
            <main>
                <shortName>Войсковая часть 6873</shortName>
                <ogrn>1040700221540</ogrn>
                <rbs>
                    <regNum>0310100000005</regNum>
                    <fullName>Войсковая часть 3748</fullName>
                </rbs>
                <grbs>
                    <regNum>0173100000054</regNum>
                    <fullName>Министерство внутренних дел Российской Федерации</fullName>
                </grbs>
                <orgType>03</orgType>
                <classifier>
                    <okfs>
                        <code>12</code>
                        <name>Федеральная собственность</name>
                    </okfs>
                    <okopf>
                        <code>81</code>
                        <name>Учреждения</name>
                    </okopf>
                    <okogu>
                        <code>1310500</code>
                        <name>Министерство внутренних дел Российской Федерации</name>
                    </okogu>
                    <okpo>
                        <code>08608342</code>
                    </okpo>
                    <okato>
                        <code>83401000000</code>
                        <name>Нальчик</name>
                    </okato>
                    <okved>
                        <code>75.22</code>
                        <name>Деятельность, связанная с обеспечением военной безопасности</name>
                        <type>C</type>
                    </okved>
                </classifier>
                <address>
                    <zip>360000</zip>
                    <subject>
                        <code>07000000000</code>
                        <name>Кабардино-Балкарская Республика</name>
                    </subject>
                    <city>
                        <code>07000001000</code>
                        <name>г.Нальчик</name>
                    </city>
                    <street>
                        <name>ул.2Промпроезд</name>
                    </street>
                </address>
            </main>
            <additional>
                <institutionType>
                    <code>0907000</code>
                    <name>Воинская часть</name>
                </institutionType>
                <ppo>
                    <code>00000000000</code>
                    <name>Российская Федерация</name>
                    <okato>
                        <code>00000000000</code>
                        <name>Объекты административно-территориального деления, кроме сельских населенных пунктов</name>
                    </okato>
                </ppo>
                <phone>7-8662-961639</phone>
                <oktmo>
                    <code>83701000</code>
                    <name>- Нальчик</name>
                </oktmo>
                <activity>
                    <okved>
                        <code>75.22</code>
                        <name>Деятельность, связанная с обеспечением военной безопасности</name>
                    </okved>
                    <name>Деятельность, связанная с обеспечением военной безопасности</name>
                </activity>
            </additional>
            <other>
                <chief>
                    <lastName>Геуков</lastName>
                    <firstName>Рустам</firstName>
                    <middleName>Талгадович</middleName>
                    <position>Командир части</position>
                </chief>
                <founder>
                    <regNum>0173100000062</regNum>
                    <fullName>Министерство внутренних дел Российской Федерации</fullName>
                </founder>
            </other>
            <document>
                <name>1</name>
                <date>2011-08-01+04:00</date>
                <url>http://bus.gov.ru/public/download/download.html?id=4389497</url>
                <type>S</type>
            </document>
            <document>
                <name>приказ</name>
                <date>2003-11-15+03:00</date>
                <url>http://bus.gov.ru/public/download/download.html?id=4389018</url>
                <type>F</type>
            </document>
            <document>
                <name>свидетельство</name>
                <date>2011-12-01+04:00</date>
                <url>http://bus.gov.ru/public/download/download.html?id=4389039</url>
                <type>E</type>
            </document>
        </ns2:position>
    
<ns2:position xmlns:ns2="http://bus.gov.ru/external/1" xmlns="http://bus.gov.ru/types/1" xmlns:xsi="http://www.w3.org/2001/XMLSchema-instance" xmlns:ns3="http://bus.gov.ru/fk/1">
            <positionId>cf287947-0016-435e-afa2-9b4bb83fd96d</positionId>
            <changeDate>2012-07-05T14:05:07.724+04:00</changeDate>
            <placer>
                <regNum>0804100000010</regNum>
                <fullName>федеральное казенное учреждение здравоохранения"Санаторий "Нальчик" Министерства внутренних дел Российской Федерации"</fullName>
                <inn>0711033194</inn>
                <kpp>072501001</kpp>
            </placer>
            <initiator>
                <regNum>0804100000010</regNum>
                <fullName>федеральное казенное учреждение здравоохранения"Санаторий "Нальчик" Министерства внутренних дел Российской Федерации"</fullName>
                <inn>0711033194</inn>
                <kpp>072501001</kpp>
            </initiator>
            <versionNumber>2</versionNumber>
            <main>
                <shortName>ФКУЗ "Санаторий "Нальчик" МВД России"</shortName>
                <ogrn>1020700757241</ogrn>
                <rbs>
                    <regNum>0173100000054</regNum>
                    <fullName>Министерство внутренних дел Российской Федерации</fullName>
                </rbs>
                <grbs>
                    <regNum>0173100000054</regNum>
                    <fullName>Министерство внутренних дел Российской Федерации</fullName>
                </grbs>
                <orgType>08</orgType>
                <classifier>
                    <okfs>
                        <code>12</code>
                        <name>Федеральная собственность</name>
                    </okfs>
                    <okopf>
                        <code>72</code>
                        <name>Бюджетные учреждения</name>
                    </okopf>
                    <okogu>
                        <code>1310500</code>
                        <name>Министерство внутренних дел Российской Федерации</name>
                    </okogu>
                    <okpo>
                        <code>08739288</code>
                    </okpo>
                    <okato>
                        <code>83401000000</code>
                        <name>Нальчик</name>
                    </okato>
                    <okved>
                        <code>55.23.2</code>
                        <name>Деятельность пансионатов, домов отдыха и т,п,</name>
                        <type>C</type>
                    </okved>
                </classifier>
                <address>
                    <zip>360000</zip>
                    <subject>
                        <code>07000000000</code>
                        <name>Кабардино-Балкарская</name>
                    </subject>
                    <city>
                        <code>07000001000</code>
                        <name>Нальчик</name>
                    </city>
                    <street>
                        <name>ул. Шогенцукова</name>
                    </street>
                    <building>д.9</building>
                </address>
            </main>
            <additional>
                <institutionType>
                    <code>0500000</code>
                    <name>Здравоохранение</name>
                </institutionType>
                <ppo>
                    <code>00000000000</code>
                    <name>Российская Федерация</name>
                    <okato>
                        <code>00000000000</code>
                        <name>Объекты административно-территориального деления, кроме сельских населенных пунктов</name>
                    </okato>
                </ppo>
                <phone>7-8662-426700</phone>
                <www>http://sannal-mvd.ru/</www>
                <section>188</section>
                <oktmo>
                    <code>83701000</code>
                    <name>- Нальчик</name>
                </oktmo>
                <activity>
                    <okved>
                        <code>55.23.2</code>
                        <name>Деятельность пансионатов, домов отдыха и т,п,</name>
                    </okved>
                    <name>Оказание санаторно-курортной помощи населению</name>
                </activity>
                <eMail>101750@inbox.ru</eMail>
            </additional>
            <other>
                <chief>
                    <lastName>Коков</lastName>
                    <firstName>Аслан</firstName>
                    <middleName>Николаевич</middleName>
                    <position>Начальник</position>
                </chief>
                <founder>
                    <regNum>0173100000062</regNum>
                    <fullName>Министерство внутренних дел Российской Федерации</fullName>
                </founder>
            </other>
            <document>
                <name>начальник приказ</name>
                <date>1999-09-20+04:00</date>
                <url>http://bus.gov.ru/public/download/download.html?id=4465671</url>
                <type>S</type>
            </document>
            <document>
                <name>устав</name>
                <date>2009-12-19+03:00</date>
                <url>http://bus.gov.ru/public/download/download.html?id=4465672</url>
                <type>F</type>
            </document>
            <document>
                <name>огрн</name>
                <date>2011-07-06+04:00</date>
                <url>http://bus.gov.ru/public/download/download.html?id=4465673</url>
                <type>E</type>
            </document>
        </ns2:position>
    

    </ns2:body>
    </ns2:institutionInfo>        
        