<?xml version="1.0" encoding="UTF-8" standalone="yes"?>
<ns2:institutionInfo xsi:schemaLocation="http://bus.gov.ru/public/schema/TFF-0.1.3.1/External.xsd" xmlns="http://bus.gov.ru/types/1" xmlns:ns2="http://bus.gov.ru/external/1" xmlns:xsi="http://www.w3.org/2001/XMLSchema-instance" xmlns:ns3="http://bus.gov.ru/fk/1">
    <ns2:body>                        
	<ns2:position xmlns:ns2="http://bus.gov.ru/external/1" xmlns="http://bus.gov.ru/types/1" xmlns:xsi="http://www.w3.org/2001/XMLSchema-instance" xmlns:ns3="http://bus.gov.ru/fk/1">
            <positionId>7f76630a-26e0-468c-993f-8a6bc5d80b1e</positionId>
            <changeDate>2012-10-17T15:53:29.871+04:00</changeDate>
            <placer>
                <regNum>0305100000030</regNum>
                <fullName>федеральное государственное казенное учреждение "Отдел вневедомственной охраны Министерства внутренних дел по Республике Калмыкия"</fullName>
                <inn>0814026664</inn>
                <kpp>081601001</kpp>
            </placer>
            <initiator>
                <regNum>0305100000030</regNum>
                <fullName>федеральное государственное казенное учреждение "Отдел вневедомственной охраны Министерства внутренних дел по Республике Калмыкия"</fullName>
                <inn>0814026664</inn>
                <kpp>081601001</kpp>
            </initiator>
            <versionNumber>3</versionNumber>
            <main>
                <shortName>ФГКУ ОВО МВД по Республике Калмыкия</shortName>
                <ogrn>1020800762069</ogrn>
                <rbs>
                    <regNum>0105100000010</regNum>
                    <fullName>Министерство внутренних дел по Республике Калмыкия</fullName>
                </rbs>
                <grbs>
                    <regNum>0173100000054</regNum>
                    <fullName>Министерство внутренних дел Российской Федерации</fullName>
                </grbs>
                <orgType>08</orgType>
                <classifier>
                    <okfs>
                        <code>12</code>
                        <name>Федеральная собственность</name>
                    </okfs>
                    <okopf>
                        <code>72</code>
                        <name>Бюджетные учреждения</name>
                    </okopf>
                    <okogu>
                        <code>1310500</code>
                        <name>Министерство внутренних дел Российской Федерации</name>
                    </okogu>
                    <okpo>
                        <code>08596699</code>
                    </okpo>
                    <okato>
                        <code>85401000000</code>
                        <name>Элиста</name>
                    </okato>
                    <okved>
                        <code>75.24.1</code>
                        <name>Деятельность органов внутренних дел</name>
                        <type>C</type>
                    </okved>
                </classifier>
                <address>
                    <zip>358000</zip>
                    <subject>
                        <code>08000000000</code>
                        <name>Калмыкия</name>
                    </subject>
                    <city>
                        <code>08000001000</code>
                        <name>Элиста</name>
                    </city>
                    <street>
                        <name>В.И.Ленина ул</name>
                    </street>
                    <building>299, 301</building>
                </address>
            </main>
            <additional>
                <institutionType>
                    <code>0617010</code>
                    <name>Государственное учреждение</name>
                </institutionType>
                <ppo>
                    <code>00000000000</code>
                    <name>Российская Федерация</name>
                    <okato>
                        <code>00000000000</code>
                        <name>Объекты административно-территориального деления, кроме сельских населенных пунктов</name>
                    </okato>
                    <oktmo>
                        <code>85701000</code>
                        <name>Город Элиста</name>
                    </oktmo>
                </ppo>
                <phone>7-84722-40213</phone>
                <www>http://</www>
                <section>188</section>
                <oktmo>
                    <code>85701000</code>
                    <name>Город Элиста</name>
                </oktmo>
                <activity>
                    <okved>
                        <code>75.24.1</code>
                        <name>Деятельность органов внутренних дел</name>
                        <type>C</type>
                    </okved>
                    <name>Охрана имущества граждан и организаций на договорной основе</name>
                </activity>
            </additional>
            <other>
                <chief>
                    <lastName>Настинов</lastName>
                    <firstName>Наран</firstName>
                    <middleName>Мазанович</middleName>
                    <position>Начальник </position>
                </chief>
                <founder>
                    <regNum>0173100000062</regNum>
                    <fullName>Министерство внутренних дел Российской Федерации</fullName>
                </founder>
            </other>
            <document>
                <name>приказ о назначении</name>
                <date>2009-02-19+03:00</date>
                <url>http://bus.gov.ru/public/download/download.html?id=5862358</url>
                <type>S</type>
            </document>
            <document>
                <name>положение</name>
                <date>2009-12-03+03:00</date>
                <url>http://bus.gov.ru/public/download/download.html?id=5862359</url>
                <type>F</type>
            </document>
            <document>
                <name>Приказ об утверждении Положения</name>
                <date>2009-12-03+03:00</date>
                <url>http://bus.gov.ru/public/download/download.html?id=5862360</url>
                <type>F</type>
            </document>
            <document>
                <name>устав</name>
                <date>2012-03-30+04:00</date>
                <url>http://bus.gov.ru/public/download/download.html?id=5862361</url>
                <type>F</type>
            </document>
            <document>
                <name>ОГРН</name>
                <date>1993-12-02+03:00</date>
                <url>http://bus.gov.ru/public/download/download.html?id=5862362</url>
                <type>E</type>
            </document>
            <document>
                <name>ОГРН ФГКУ</name>
                <date>2012-05-10+04:00</date>
                <url>http://bus.gov.ru/public/download/download.html?id=5862363</url>
                <type>E</type>
            </document>
        </ns2:position>
    
<ns2:position xmlns:ns2="http://bus.gov.ru/external/1" xmlns="http://bus.gov.ru/types/1" xmlns:xsi="http://www.w3.org/2001/XMLSchema-instance" xmlns:ns3="http://bus.gov.ru/fk/1">
            <positionId>f7a62a9b-85c5-4501-b818-fd0f03b2632a</positionId>
            <changeDate>2012-04-17T09:01:55.184+04:00</changeDate>
            <placer>
                <regNum>0805100000001</regNum>
                <fullName>федеральное казенное учреждение здравоохранения "Медико-санитарная часть Министерства внутренних дел Российской Федерации по Республике Калмыкия"</fullName>
                <inn>0814167270</inn>
                <kpp>081601001</kpp>
            </placer>
            <initiator>
                <regNum>0805100000001</regNum>
                <fullName>федеральное казенное учреждение здравоохранения "Медико-санитарная часть Министерства внутренних дел Российской Федерации по Республике Калмыкия"</fullName>
                <inn>0814167270</inn>
                <kpp>081601001</kpp>
            </initiator>
            <versionNumber>0</versionNumber>
            <main>
                <shortName>ФКУЗ "МСЧ МВД России по Республике Калмыкия"</shortName>
                <ogrn>1060814038064</ogrn>
                <rbs>
                    <regNum>0105100000010</regNum>
                    <fullName>Министерство внутренних дел по Республике Калмыкия</fullName>
                </rbs>
                <grbs>
                    <regNum>0173100000062</regNum>
                    <fullName>Министерство внутренних дел Российской Федерации</fullName>
                </grbs>
                <orgType>08</orgType>
                <classifier>
                    <okfs>
                        <code>12</code>
                        <name>Федеральная собственность</name>
                    </okfs>
                    <okopf>
                        <code>72</code>
                        <name>Бюджетные учреждения</name>
                    </okopf>
                    <okogu>
                        <code>1310500</code>
                        <name>Министерство внутренних дел Российской Федерации</name>
                    </okogu>
                    <okpo>
                        <code>08585661</code>
                    </okpo>
                    <okato>
                        <code>85401000000</code>
                        <name>Элиста</name>
                    </okato>
                    <okved>
                        <code>85.32</code>
                        <name>Предоставление социальных услуг без обеспечения проживания</name>
                        <type>O</type>
                    </okved>
                    <okved>
                        <code>85.12</code>
                        <name>Врачебная практика</name>
                        <type>O</type>
                    </okved>
                    <okved>
                        <code>85.11.1</code>
                        <name>Деятельность больничных учреждений широкого профиля и специализированных</name>
                        <type>C</type>
                    </okved>
                    <okved>
                        <code>85.14.1</code>
                        <name>Деятельность среднего медицинского персонала</name>
                        <type>O</type>
                    </okved>
                    <okved>
                        <code>74.70.3</code>
                        <name>Деятельность по проведению дезинфекционных, дезинсекционных и дератизационных работ</name>
                        <type>O</type>
                    </okved>
                    <okved>
                        <code>85.13</code>
                        <name>Стоматологическая практика</name>
                        <type>O</type>
                    </okved>
                    <okved>
                        <code>85.14.2</code>
                        <name>Деятельность вспомогательного стоматологического персонала</name>
                        <type>O</type>
                    </okved>
                    <okved>
                        <code>85.14.3</code>
                        <name>Деятельность медицинских лабораторий</name>
                        <type>O</type>
                    </okved>
                    <okved>
                        <code>85.11.2</code>
                        <name>Деятельность санаторно-курортных учреждений</name>
                        <type>O</type>
                    </okved>
                    <okved>
                        <code>85.14.5</code>
                        <name>Деятельность учреждений санитарно-эпидемиологической службы</name>
                        <type>O</type>
                    </okved>
                </classifier>
                <address>
                    <zip>358003</zip>
                    <subject>
                        <code>08000000000</code>
                        <name>Калмыкия Респ</name>
                    </subject>
                    <city>
                        <code>08000001000</code>
                        <name>Элиста г</name>
                    </city>
                    <street>
                        <name>им К.Илюмжинова ул</name>
                    </street>
                    <building>28</building>
                </address>
            </main>
            <additional>
                <institutionType>
                    <code>0500000</code>
                    <name>Здравоохранение</name>
                </institutionType>
                <ppo>
                    <code>00000000000</code>
                    <name>Российская Федерация</name>
                    <okato>
                        <code>00000000000</code>
                        <name>Объекты административно-территориального деления, кроме сельских населенных пунктов</name>
                    </okato>
                </ppo>
                <phone>8-84722-41269</phone>
                <section>188</section>
                <oktmo>
                    <code>85701000</code>
                    <name>- Город Элиста</name>
                </oktmo>
                <activity>
                    <okved>
                        <code>85.32</code>
                        <name>Предоставление социальных услуг без обеспечения проживания</name>
                    </okved>
                    <name>Предоставление социальных услуг без обеспечения проживания</name>
                </activity>
                <activity>
                    <okved>
                        <code>85.12</code>
                        <name>Врачебная практика</name>
                    </okved>
                    <name>Врачебная практика</name>
                </activity>
                <activity>
                    <okved>
                        <code>85.11.1</code>
                        <name>Деятельность больничных учреждений широкого профиля и специализированных</name>
                    </okved>
                    <name>Деятельность больничных учреждений широкого профиля и специализированных</name>
                </activity>
                <activity>
                    <okved>
                        <code>85.14.1</code>
                        <name>Деятельность среднего медицинского персонала</name>
                    </okved>
                    <name>Деятельность среднего медицинского персонала</name>
                </activity>
                <activity>
                    <okved>
                        <code>74.70.3</code>
                        <name>Деятельность по проведению дезинфекционных, дезинсекционных и дератизационных работ</name>
                    </okved>
                    <name>Деятельность по проведению дезинфекционных, дезинсекционных и дератизационных работ</name>
                </activity>
                <activity>
                    <okved>
                        <code>85.13</code>
                        <name>Стоматологическая практика</name>
                    </okved>
                    <name>Стоматологическая практика</name>
                </activity>
                <activity>
                    <okved>
                        <code>85.14.2</code>
                        <name>Деятельность вспомогательного стоматологического персонала</name>
                    </okved>
                    <name>Деятельность вспомогательного стоматологического персонала</name>
                </activity>
                <activity>
                    <okved>
                        <code>85.14.3</code>
                        <name>Деятельность медицинских лабораторий</name>
                    </okved>
                    <name>Деятельность медицинских лабораторий</name>
                </activity>
                <activity>
                    <okved>
                        <code>85.11.2</code>
                        <name>Деятельность санаторно-курортных учреждений</name>
                    </okved>
                    <name>Деятельность санаторно-курортных учреждений</name>
                </activity>
                <activity>
                    <okved>
                        <code>85.14.5</code>
                        <name>Деятельность учреждений санитарно-эпидемиологической службы</name>
                    </okved>
                    <name>Деятельность учреждений санитарно-эпидемиологической службы</name>
                </activity>
                <eMail>msch_mvd_po_rk@mail.ru</eMail>
            </additional>
            <other>
                <chief>
                    <lastName>Убушаев</lastName>
                    <firstName>Анатолий</firstName>
                    <middleName>Босхамджиевич</middleName>
                    <position>Начальник</position>
                </chief>
                <founder>
                    <regNum>0173100000062</regNum>
                    <fullName>Министерство внутренних дел Российской Федерации</fullName>
                </founder>
            </other>
            <document>
                <name>отчет о результатах деятельности на 01.01.2012г.</name>
                <date>2012-01-01+04:00</date>
                <url>http://bus.gov.ru/public/download/download.html?id=2568008</url>
                <type>O</type>
            </document>
            <document>
                <name>ОГРН</name>
                <date>2006-02-10+03:00</date>
                <url>http://bus.gov.ru/public/download/download.html?id=2567604</url>
                <type>E</type>
            </document>
            <document>
                <name>Устав</name>
                <date>2005-12-30+03:00</date>
                <url>http://bus.gov.ru/public/download/download.html?id=2567417</url>
                <type>F</type>
            </document>
            <document>
                <name>приказ о назначении начальника</name>
                <date>2000-07-17+04:00</date>
                <url>http://bus.gov.ru/public/download/download.html?id=2567694</url>
                <type>S</type>
            </document>
        </ns2:position>
    

    </ns2:body>
    </ns2:institutionInfo>        
        