<?xml version="1.0" encoding="UTF-8" standalone="yes"?>
<ns2:institutionInfo xsi:schemaLocation="http://bus.gov.ru/public/schema/TFF-0.1.3.1/External.xsd" xmlns="http://bus.gov.ru/types/1" xmlns:ns2="http://bus.gov.ru/external/1" xmlns:xsi="http://www.w3.org/2001/XMLSchema-instance" xmlns:ns3="http://bus.gov.ru/fk/1">
    <ns2:body>                        
	<ns2:position xmlns:ns2="http://bus.gov.ru/external/1" xmlns="http://bus.gov.ru/types/1" xmlns:xsi="http://www.w3.org/2001/XMLSchema-instance" xmlns:ns3="http://bus.gov.ru/fk/1">
            <positionId>4dd2f36c-ba6a-4dad-b7c7-96cceceabca1</positionId>
            <changeDate>2012-10-18T10:43:32.735+04:00</changeDate>
            <placer>
                <regNum>0106100000010</regNum>
                <fullName>федеральное государственное казенное учреждение "Управление вневедомственной охраны Министерства внутренних дел по Республике Карелия"</fullName>
                <inn>1001262392</inn>
                <kpp>100101001</kpp>
            </placer>
            <initiator>
                <regNum>0106100000010</regNum>
                <fullName>федеральное государственное казенное учреждение "Управление вневедомственной охраны Министерства внутренних дел по Республике Карелия"</fullName>
                <inn>1001262392</inn>
                <kpp>100101001</kpp>
            </initiator>
            <versionNumber>0</versionNumber>
            <main>
                <shortName>ФГКУ УВО МВД по Республике Карелия</shortName>
                <ogrn>1121001013132</ogrn>
                <rbs>
                    <fullName>Министерство внутренних дел по Республике Карелия</fullName>
                </rbs>
                <grbs>
                    <regNum>0173100000054</regNum>
                    <fullName>Министерство внутренних дел Российской Федерации</fullName>
                </grbs>
                <orgType>08</orgType>
                <classifier>
                    <okfs>
                        <code>12</code>
                        <name>Федеральная собственность</name>
                    </okfs>
                    <okopf>
                        <code>74</code>
                        <name>Казенные учреждения</name>
                    </okopf>
                    <okogu>
                        <code>1310500</code>
                        <name>Министерство внутренних дел Российской Федерации</name>
                    </okogu>
                    <okpo>
                        <code>08596707</code>
                    </okpo>
                    <okato>
                        <code>86401000000</code>
                        <name>Петрозаводск</name>
                    </okato>
                    <okved>
                        <code>75.24</code>
                        <name>Деятельность по обеспечению общественного порядка и безопасности</name>
                        <type>C</type>
                    </okved>
                </classifier>
                <address>
                    <zip>185910</zip>
                    <subject>
                        <code>10000000000</code>
                        <name>Карелия</name>
                    </subject>
                    <city>
                        <code>10000001000</code>
                        <name>Петрозаводск</name>
                    </city>
                    <street>
                        <code>100000010000051</code>
                        <name>ул.Гоголя</name>
                    </street>
                    <building>45а</building>
                </address>
            </main>
            <additional>
                <institutionType>
                    <code>9900000</code>
                    <name>Прочие</name>
                </institutionType>
                <ppo>
                    <code>00000000000</code>
                    <name>Российская Федерация</name>
                    <okato>
                        <code>00000000000</code>
                        <name>Объекты административно-территориального деления, кроме сельских населенных пунктов</name>
                    </okato>
                    <oktmo>
                        <code>68616436</code>
                        <name>Карельское</name>
                    </oktmo>
                </ppo>
                <phone>8-8142-784104</phone>
                <www>http://ohrana.karelia.ru/</www>
                <section>188</section>
                <oktmo>
                    <code>68616436</code>
                    <name>Карельское</name>
                </oktmo>
                <activity>
                    <okved>
                        <code>75.24</code>
                        <name>Деятельность по обеспечению общественного порядка и безопасности</name>
                        <type>C</type>
                    </okved>
                    <name>Деятельность по обеспечению общественного порядка и безопасности</name>
                </activity>
                <eMail>ohrana_uvo@inbox.ru</eMail>
            </additional>
            <other>
                <chief>
                    <lastName>Микаилов</lastName>
                    <firstName>Самир</firstName>
                    <middleName>Мурсал оглы</middleName>
                    <position>начальник</position>
                </chief>
                <founder>
                    <regNum>0173100000062</regNum>
                    <fullName>Министерство внутренних дел Российской Федерации</fullName>
                    <authorities>
                        <formative>true</formative>
                        <stateTask>true</stateTask>
                        <supervisoryBoard>true</supervisoryBoard>
                    </authorities>
                </founder>
            </other>
            <document>
                <name>2012.09.12 приказ о назначении 592</name>
                <date>2012-09-12+04:00</date>
                <url>http://bus.gov.ru/public/download/download.html?id=5879118</url>
                <type>S</type>
            </document>
            <document>
                <name>Устав ФГКУ,приказ</name>
                <date>2012-05-05+04:00</date>
                <url>http://bus.gov.ru/public/download/download.html?id=5847756</url>
                <type>F</type>
            </document>
            <document>
                <name>гос.рег.фгку</name>
                <date>2012-09-07+04:00</date>
                <url>http://bus.gov.ru/public/download/download.html?id=5878973</url>
                <type>E</type>
            </document>
        </ns2:position>
    
<ns2:position xmlns:ns2="http://bus.gov.ru/external/1" xmlns="http://bus.gov.ru/types/1" xmlns:xsi="http://www.w3.org/2001/XMLSchema-instance" xmlns:ns3="http://bus.gov.ru/fk/1">
            <positionId>8df508af-74f9-4b5f-981e-84df7c9166e9</positionId>
            <changeDate>2012-06-08T15:08:14.470+04:00</changeDate>
            <placer>
                <regNum>0806100000006</regNum>
                <fullName>федеральное казенное учреждение здравоохранения "Медико-санитарная часть Министерства внутренних дел Российской Федерации по  Республике Карелия"</fullName>
                <inn>1001015058</inn>
                <kpp>100101001</kpp>
            </placer>
            <initiator>
                <regNum>0806100000006</regNum>
                <fullName>федеральное казенное учреждение здравоохранения "Медико-санитарная часть Министерства внутренних дел Российской Федерации по  Республике Карелия"</fullName>
                <inn>1001015058</inn>
                <kpp>100101001</kpp>
            </initiator>
            <versionNumber>1</versionNumber>
            <main>
                <shortName>ФКУЗ "МСЧ МВД России по Республике Карелия"</shortName>
                <ogrn>1061001013369</ogrn>
                <rbs>
                    <fullName>Министерство внутренних дел по Республике Карелия</fullName>
                </rbs>
                <grbs>
                    <regNum>0173100000054</regNum>
                    <fullName>Министерство внутренних дел Российской Федерации</fullName>
                </grbs>
                <orgType>08</orgType>
                <classifier>
                    <okfs>
                        <code>12</code>
                        <name>Федеральная собственность</name>
                    </okfs>
                    <okopf>
                        <code>72</code>
                        <name>Бюджетные учреждения</name>
                    </okopf>
                    <okogu>
                        <code>1310500</code>
                        <name>Министерство внутренних дел Российской Федерации</name>
                    </okogu>
                    <okpo>
                        <code>08585678</code>
                    </okpo>
                    <okato>
                        <code>86401000000</code>
                        <name>Петрозаводск</name>
                    </okato>
                    <okved>
                        <code>85.14.1</code>
                        <name>Деятельность среднего медицинского персонала</name>
                        <type>O</type>
                    </okved>
                    <okved>
                        <code>85.13</code>
                        <name>Стоматологическая практика</name>
                        <type>O</type>
                    </okved>
                    <okved>
                        <code>85.14.5</code>
                        <name>Деятельность учреждений санитарно-эпидемиологической службы</name>
                        <type>O</type>
                    </okved>
                    <okved>
                        <code>85.12</code>
                        <name>Врачебная практика</name>
                        <type>O</type>
                    </okved>
                    <okved>
                        <code>85.32</code>
                        <name>Предоставление социальных услуг без обеспечения проживания</name>
                        <type>O</type>
                    </okved>
                    <okved>
                        <code>85.11.1</code>
                        <name>Деятельность больничных учреждений широкого профиля и специализированных</name>
                        <type>C</type>
                    </okved>
                    <okved>
                        <code>85.11.2</code>
                        <name>Деятельность санаторно-курортных учреждений</name>
                        <type>O</type>
                    </okved>
                    <okved>
                        <code>85.14.2</code>
                        <name>Деятельность вспомогательного стоматологического персонала</name>
                        <type>O</type>
                    </okved>
                    <okved>
                        <code>52.31</code>
                        <name>Розничная торговля фармацевтическими товарами</name>
                        <type>O</type>
                    </okved>
                    <okved>
                        <code>24.42.1</code>
                        <name>Производство медикаментов</name>
                        <type>O</type>
                    </okved>
                    <okved>
                        <code>85.14.3</code>
                        <name>Деятельность медицинских лабораторий</name>
                        <type>O</type>
                    </okved>
                </classifier>
                <address>
                    <zip>185000</zip>
                    <subject>
                        <code>10000000000</code>
                        <name>Карелия Респ</name>
                    </subject>
                    <city>
                        <code>10000001000</code>
                        <name>Петрозаводск г</name>
                    </city>
                    <street>
                        <code>100000010000139</code>
                        <name>Ленина пр-кт</name>
                    </street>
                    <building>9</building>
                </address>
            </main>
            <additional>
                <institutionType>
                    <code>9900000</code>
                    <name>Прочие</name>
                </institutionType>
                <ppo>
                    <code>00000000000</code>
                    <name>Российская Федерация</name>
                    <okato>
                        <code>00000000000</code>
                        <name>Объекты административно-территориального деления, кроме сельских населенных пунктов</name>
                    </okato>
                </ppo>
                <phone>7-8142-766781</phone>
                <section>188</section>
                <oktmo>
                    <code>86701000</code>
                    <name>- Петрозаводский</name>
                </oktmo>
                <activity>
                    <okved>
                        <code>85.14.1</code>
                        <name>Деятельность среднего медицинского персонала</name>
                    </okved>
                    <name>Деятельность среднего медицинского персонала</name>
                </activity>
                <activity>
                    <okved>
                        <code>85.13</code>
                        <name>Стоматологическая практика</name>
                    </okved>
                    <name>Стоматологическая практика</name>
                </activity>
                <activity>
                    <okved>
                        <code>85.14.5</code>
                        <name>Деятельность учреждений санитарно-эпидемиологической службы</name>
                    </okved>
                    <name>Деятельность учреждений санитарно-эпидемиологической службы</name>
                </activity>
                <activity>
                    <okved>
                        <code>85.12</code>
                        <name>Врачебная практика</name>
                    </okved>
                    <name>Врачебная практика</name>
                </activity>
                <activity>
                    <okved>
                        <code>85.32</code>
                        <name>Предоставление социальных услуг без обеспечения проживания</name>
                    </okved>
                    <name>Предоставление социальных услуг без обеспечения проживания</name>
                </activity>
                <activity>
                    <okved>
                        <code>85.11.1</code>
                        <name>Деятельность больничных учреждений широкого профиля и специализированных</name>
                    </okved>
                    <name>Деятельность больничных учреждений широкого профиля и специализированных</name>
                </activity>
                <activity>
                    <okved>
                        <code>85.11.2</code>
                        <name>Деятельность санаторно-курортных учреждений</name>
                    </okved>
                    <name>Деятельность санаторно-курортных учреждений</name>
                </activity>
                <activity>
                    <okved>
                        <code>85.14.2</code>
                        <name>Деятельность вспомогательного стоматологического персонала</name>
                    </okved>
                    <name>Деятельность вспомогательного стоматологического персонала</name>
                </activity>
                <activity>
                    <okved>
                        <code>52.31</code>
                        <name>Розничная торговля фармацевтическими товарами</name>
                    </okved>
                    <name>Розничная торговля фармацевтическими товарами</name>
                </activity>
                <activity>
                    <okved>
                        <code>24.42.1</code>
                        <name>Производство медикаментов</name>
                    </okved>
                    <name>Производство медикаментов</name>
                </activity>
                <activity>
                    <okved>
                        <code>85.14.3</code>
                        <name>Деятельность медицинских лабораторий</name>
                    </okved>
                    <name>Деятельность медицинских лабораторий</name>
                </activity>
                <eMail>mschmvd@yandex.ru</eMail>
            </additional>
            <other>
                <chief>
                    <lastName>Ивоев</lastName>
                    <firstName>Александр</firstName>
                    <middleName>Владимирович</middleName>
                    <position>начальник</position>
                </chief>
                <founder>
                    <regNum>0173100000062</regNum>
                    <fullName>Министерство внутренних дел Российской Федерации</fullName>
                </founder>
            </other>
            <document>
                <name>О назначении руководителя</name>
                <date>2011-05-05+04:00</date>
                <url>http://bus.gov.ru/public/download/download.html?id=3990860</url>
                <type>S</type>
            </document>
            <document>
                <name>Изменения в Уставе</name>
                <date>2011-05-31+04:00</date>
                <url>http://bus.gov.ru/public/download/download.html?id=3990861</url>
                <type>F</type>
            </document>
            <document>
                <name>Свидетельство от 10.02.2012</name>
                <date>2012-02-10+04:00</date>
                <url>http://bus.gov.ru/public/download/download.html?id=3990862</url>
                <type>E</type>
            </document>
        </ns2:position>
    

    </ns2:body>
    </ns2:institutionInfo>        
        