<?xml version="1.0" encoding="UTF-8" standalone="yes"?>
<ns2:institutionInfo xsi:schemaLocation="http://bus.gov.ru/public/schema/TFF-0.1.3.1/External.xsd" xmlns="http://bus.gov.ru/types/1" xmlns:ns2="http://bus.gov.ru/external/1" xmlns:xsi="http://www.w3.org/2001/XMLSchema-instance" xmlns:ns3="http://bus.gov.ru/fk/1">
    <ns2:body>                        
	<ns2:position xmlns:ns2="http://bus.gov.ru/external/1" xmlns="http://bus.gov.ru/types/1" xmlns:xsi="http://www.w3.org/2001/XMLSchema-instance" xmlns:ns3="http://bus.gov.ru/fk/1">
            <positionId>cc3e1140-b770-45e4-a87c-1489b84daa98</positionId>
            <changeDate>2012-10-08T09:52:39.019+04:00</changeDate>
            <placer>
                <regNum>0895100000466</regNum>
                <fullName>федеральное казенное учреждение "Центр хозяйственного и сервисного обеспечения Министерства внутренних дел по Республике Марий Эл"</fullName>
                <inn>1215165893</inn>
                <kpp>121501001</kpp>
            </placer>
            <initiator>
                <regNum>0895100000466</regNum>
                <fullName>федеральное казенное учреждение "Центр хозяйственного и сервисного обеспечения Министерства внутренних дел по Республике Марий Эл"</fullName>
                <inn>1215165893</inn>
                <kpp>121501001</kpp>
            </initiator>
            <versionNumber>0</versionNumber>
            <main>
                <shortName>ФКУ "ЦХиСО МВД по Республике Марий Эл"</shortName>
                <ogrn>1121215005735</ogrn>
                <rbs>
                    <regNum>0108100000035</regNum>
                    <fullName>Министерство внутренних дел по Республике Марий Эл</fullName>
                </rbs>
                <grbs>
                    <regNum>0173100000062</regNum>
                    <fullName>Министерство внутренних дел Российской Федерации</fullName>
                </grbs>
                <orgType>08</orgType>
                <classifier>
                    <okfs>
                        <code>12</code>
                        <name>Федеральная собственность</name>
                    </okfs>
                    <okopf>
                        <code>74</code>
                        <name>Казенные учреждения</name>
                    </okopf>
                    <okogu>
                        <code>1310500</code>
                        <name>Министерство внутренних дел Российской Федерации</name>
                    </okogu>
                    <okpo>
                        <code>08684162</code>
                    </okpo>
                    <okato>
                        <code>88401000000</code>
                        <name>Йошкар-Ола</name>
                    </okato>
                    <okved>
                        <code>75.14</code>
                        <name>Вспомогательная деятельность в области государственного управления</name>
                        <type>C</type>
                    </okved>
                    <okved>
                        <code>75.25.2</code>
                        <name>Деятельность по обеспечению безопасности на водных объектах</name>
                        <type>O</type>
                    </okved>
                </classifier>
                <address>
                    <zip>424003</zip>
                    <subject>
                        <code>12000000000</code>
                        <name>Марий Эл Респ</name>
                    </subject>
                    <city>
                        <code>12000001000</code>
                        <name>Йошкар-Ола г</name>
                    </city>
                    <street>
                        <code>120000010000233</code>
                        <name>Рябинина ул</name>
                    </street>
                    <building>35</building>
                </address>
            </main>
            <additional>
                <institutionType>
                    <code>9900000</code>
                    <name>Прочие</name>
                </institutionType>
                <ppo>
                    <code>00000000000</code>
                    <name>Российская Федерация</name>
                    <okato>
                        <code>00000000000</code>
                        <name>Объекты административно-территориального деления, кроме сельских населенных пунктов</name>
                    </okato>
                    <oktmo>
                        <code>88701000</code>
                        <name>Город Йошкар-Ола</name>
                    </oktmo>
                </ppo>
                <phone>7-8362-683620</phone>
                <section>188</section>
                <oktmo>
                    <code>88701000</code>
                    <name>Город Йошкар-Ола</name>
                </oktmo>
                <activity>
                    <okved>
                        <code>75.14</code>
                        <name>Вспомогательная деятельность в области государственного управления</name>
                    </okved>
                    <name>Вспомогательная деятельность в области государственного управления</name>
                </activity>
                <activity>
                    <okved>
                        <code>75.25.2</code>
                        <name>Деятельность по обеспечению безопасности на водных объектах</name>
                    </okved>
                    <name>Деятельность по обеспечению безопасности на водных объектах</name>
                </activity>
                <eMail>fku_centr@mail.ru</eMail>
            </additional>
            <other>
                <chief>
                    <lastName>Семёнова</lastName>
                    <firstName>Жанна</firstName>
                    <middleName>Эдуардовна</middleName>
                    <position>начальник</position>
                </chief>
                <founder>
                    <regNum>0173100000062</regNum>
                    <fullName>Министерство внутренних дел Российской Федерации</fullName>
                </founder>
            </other>
            <document>
                <name>приказ</name>
                <date>2012-07-12+04:00</date>
                <url>http://bus.gov.ru/public/download/download.html?id=5581852</url>
                <type>S</type>
            </document>
            <document>
                <name>распоряжение Правительства РФ </name>
                <date>2012-02-14+04:00</date>
                <url>http://bus.gov.ru/public/download/download.html?id=5609475</url>
            </document>
            <document>
                <name>устав</name>
                <date>2012-03-30+04:00</date>
                <url>http://bus.gov.ru/public/download/download.html?id=5581851</url>
                <type>F</type>
            </document>
            <document>
                <name>Свидетельство ЕГРЮЛ</name>
                <date>2012-08-08+04:00</date>
                <url>http://bus.gov.ru/public/download/download.html?id=5581730</url>
                <type>E</type>
            </document>
            <document>
                <name>Свидетельство о постановке на учет в налоговом органе</name>
                <date>2012-08-08+04:00</date>
                <url>http://bus.gov.ru/public/download/download.html?id=5581732</url>
                <type>E</type>
            </document>
        </ns2:position>
    

    </ns2:body>
    </ns2:institutionInfo>        
        