<?xml version="1.0" encoding="UTF-8" standalone="yes"?>
<ns2:institutionInfo xsi:schemaLocation="http://bus.gov.ru/public/schema/TFF-0.1.3.1/External.xsd" xmlns="http://bus.gov.ru/types/1" xmlns:ns2="http://bus.gov.ru/external/1" xmlns:xsi="http://www.w3.org/2001/XMLSchema-instance" xmlns:ns3="http://bus.gov.ru/fk/1">
    <ns2:body>                        
	<ns2:position xmlns:ns2="http://bus.gov.ru/external/1" xmlns="http://bus.gov.ru/types/1" xmlns:xsi="http://www.w3.org/2001/XMLSchema-instance" xmlns:ns3="http://bus.gov.ru/fk/1">
            <positionId>6a6025d0-bd27-4010-84f6-2986ab8d7ed9</positionId>
            <changeDate>2012-09-28T09:49:19.457+04:00</changeDate>
            <placer>
                <regNum>0310100000005</regNum>
                <fullName>Федеральное казенное учреждение войсковая часть 3748</fullName>
                <inn>1501005562</inn>
                <kpp>150201001</kpp>
            </placer>
            <initiator>
                <regNum>0310100000005</regNum>
                <fullName>Федеральное казенное учреждение войсковая часть 3748</fullName>
                <inn>1501005562</inn>
                <kpp>150201001</kpp>
            </initiator>
            <versionNumber>0</versionNumber>
            <main>
                <shortName>ФКУ В/Ч 3748</shortName>
                <ogrn>1021500579980</ogrn>
                <rbs>
                    <regNum>0358100000053</regNum>
                    <fullName>управление Северо-Кавказского регионального командования внутренних войск МВД России</fullName>
                </rbs>
                <grbs>
                    <regNum>0173100000054</regNum>
                    <fullName>Министерство внутренних дел Российской Федерации</fullName>
                </grbs>
                <orgType>03</orgType>
                <classifier>
                    <okfs>
                        <code>12</code>
                        <name>Федеральная собственность</name>
                    </okfs>
                    <okopf>
                        <code>72</code>
                        <name>Бюджетные учреждения</name>
                    </okopf>
                    <okogu>
                        <code>1310500</code>
                        <name>Министерство внутренних дел Российской Федерации</name>
                    </okogu>
                    <okpo>
                        <code>08605814</code>
                    </okpo>
                    <okato>
                        <code>90401364000</code>
                        <name>Иристонский</name>
                    </okato>
                    <okved>
                        <code>75.22</code>
                        <name>Деятельность, связанная с обеспечением военной безопасности</name>
                        <type>C</type>
                    </okved>
                </classifier>
                <address>
                    <zip>362007</zip>
                    <subject>
                        <code>15000000000</code>
                        <name>Северная Осетия - Алания Респ</name>
                    </subject>
                    <city>
                        <code>15000001000</code>
                        <name>Владикавказ г</name>
                    </city>
                    <street>
                        <code>150000010000186</code>
                        <name>Кутузова ул</name>
                    </street>
                    <building>80</building>
                </address>
            </main>
            <additional>
                <institutionType>
                    <code>0907000</code>
                    <name>Воинская часть</name>
                </institutionType>
                <ppo>
                    <code>00000000000</code>
                    <name>Российская Федерация</name>
                    <okato>
                        <code>00000000000</code>
                        <name>Объекты административно-территориального деления, кроме сельских населенных пунктов</name>
                    </okato>
                </ppo>
                <phone>7-8672-641426</phone>
                <oktmo>
                    <code>90701000</code>
                    <name>Город Владикавказ</name>
                </oktmo>
                <activity>
                    <okved>
                        <code>75.22</code>
                        <name>Деятельность, связанная с обеспечением военной безопасности</name>
                    </okved>
                    <name>Охрана общественного порядка</name>
                </activity>
            </additional>
            <other>
                <chief>
                    <lastName>Газаев</lastName>
                    <firstName>Сауарбий</firstName>
                    <middleName>Ахматович</middleName>
                    <position>Командир части</position>
                </chief>
                <founder>
                    <regNum>0173100000062</regNum>
                    <fullName>Министерство внутренних дел Российской Федерации</fullName>
                </founder>
            </other>
            <document>
                <name>Приказ</name>
                <date>2010-07-26+04:00</date>
                <url>http://bus.gov.ru/public/download/download.html?id=5492120</url>
                <type>S</type>
            </document>
            <document>
                <name>Приказ МВД РФ от 15 ноября 2003 г. N 884 'Об утверждении Общ</name>
                <date>2003-11-15+03:00</date>
                <url>http://bus.gov.ru/public/download/download.html?id=5492154</url>
                <type>F</type>
            </document>
            <document>
                <name>Свидетельство вч 3748</name>
                <date>2012-05-03+04:00</date>
                <url>http://bus.gov.ru/public/download/download.html?id=5491826</url>
                <type>E</type>
            </document>
        </ns2:position>
    
<ns2:position xmlns:ns2="http://bus.gov.ru/external/1" xmlns="http://bus.gov.ru/types/1" xmlns:xsi="http://www.w3.org/2001/XMLSchema-instance" xmlns:ns3="http://bus.gov.ru/fk/1">
            <positionId>481af608-73df-4a9c-923e-7dbf6ecd9a38</positionId>
            <changeDate>2012-10-11T16:06:28.834+04:00</changeDate>
            <placer>
                <regNum>0310100000164</regNum>
                <fullName>Отдел Министерства внутренних дел Российской Федерации по Правобережному району Республики Северная Осетия-Алания</fullName>
                <inn>1511004536</inn>
                <kpp>151101001</kpp>
            </placer>
            <initiator>
                <regNum>0310100000164</regNum>
                <fullName>Отдел Министерства внутренних дел Российской Федерации по Правобережному району Республики Северная Осетия-Алания</fullName>
                <inn>1511004536</inn>
                <kpp>151101001</kpp>
            </initiator>
            <versionNumber>0</versionNumber>
            <main>
                <shortName>ОМВД России по Правобережному району РСО-Алания</shortName>
                <ogrn>1021500946840</ogrn>
                <rbs>
                    <regNum>0310100000100</regNum>
                    <fullName>Министерство внутренних дел по Республике Северная Осетия-Алания</fullName>
                </rbs>
                <grbs>
                    <regNum>0173100000062</regNum>
                    <fullName>Министерство внутренних дел Российской Федерации</fullName>
                </grbs>
                <orgType>08</orgType>
                <classifier>
                    <okfs>
                        <code>12</code>
                        <name>Федеральная собственность</name>
                    </okfs>
                    <okopf>
                        <code>72</code>
                        <name>Бюджетные учреждения</name>
                    </okopf>
                    <okogu>
                        <code>1310500</code>
                        <name>Министерство внутренних дел Российской Федерации</name>
                    </okogu>
                    <okpo>
                        <code>08662226</code>
                    </okpo>
                    <okato>
                        <code>90235501000</code>
                        <name>Беслан</name>
                    </okato>
                    <okved>
                        <code>75.24.1</code>
                        <name>Деятельность органов внутренних дел</name>
                        <type>C</type>
                    </okved>
                </classifier>
                <address>
                    <zip>363000</zip>
                    <subject>
                        <code>15000000000</code>
                        <name>Северная Осетия - Алания Респ</name>
                    </subject>
                    <city>
                        <code>15008001000</code>
                        <name>Беслан г</name>
                    </city>
                    <street>
                        <code>150080010000072</code>
                        <name>Октябрьская ул</name>
                    </street>
                    <building>34</building>
                </address>
            </main>
            <additional>
                <institutionType>
                    <code>0400000</code>
                    <name>Защита населения и территории от чрезвычайных ситуаций природного и техногенного характера, гражданская оборона и Обеспечение пожарной безопасности</name>
                </institutionType>
                <ppo>
                    <code>00000000000</code>
                    <name>Российская Федерация</name>
                    <okato>
                        <code>00000000000</code>
                        <name>Объекты административно-территориального деления, кроме сельских населенных пунктов</name>
                    </okato>
                    <oktmo>
                        <code>90635000</code>
                        <name>Правобережный муниципальный район</name>
                    </oktmo>
                </ppo>
                <phone>8-86737-37336</phone>
                <section>188</section>
                <oktmo>
                    <code>90635000</code>
                    <name>Правобережный муниципальный район</name>
                </oktmo>
                <activity>
                    <okved>
                        <code>75.24.1</code>
                        <name>Деятельность органов внутренних дел</name>
                    </okved>
                    <name>Отдел министерства внутренних дел по Правобережному району Республики Северная Осетия - Алания</name>
                </activity>
            </additional>
            <other>
                <chief>
                    <lastName>Дулаев</lastName>
                    <firstName>Ибрагим</firstName>
                    <middleName>Сергеевич</middleName>
                    <position>Начальник</position>
                </chief>
                <founder>
                    <regNum>0173100000062</regNum>
                    <fullName>Министерство внутренних дел Российской Федерации</fullName>
                </founder>
            </other>
            <document>
                <name>приказ</name>
                <date>2012-09-07+04:00</date>
                <url>http://bus.gov.ru/public/download/download.html?id=5591846</url>
                <type>S</type>
            </document>
            <document>
                <name>ксзооль за со5</name>
                <date>2012-09-15+04:00</date>
                <url>http://bus.gov.ru/public/download/download.html?id=5581517</url>
                <type>F</type>
            </document>
            <document>
                <name>Приложение</name>
                <date>2012-09-15+04:00</date>
                <url>http://bus.gov.ru/public/download/download.html?id=5581458</url>
                <type>F</type>
            </document>
            <document>
                <name>П Полномочия</name>
                <date>2012-09-15+04:00</date>
                <url>http://bus.gov.ru/public/download/download.html?id=5581505</url>
                <type>F</type>
            </document>
            <document>
                <name>УВЕДОМЛЕНИЕ О ЛИМИТАХ</name>
                <date>2012-01-11+04:00</date>
                <url>http://bus.gov.ru/public/download/download.html?id=5581239</url>
                <type>O</type>
            </document>
            <document>
                <name>свидетельство</name>
                <date>2012-09-18+04:00</date>
                <url>http://bus.gov.ru/public/download/download.html?id=5581354</url>
                <type>E</type>
            </document>
            <document>
                <name>Федеральная налогавая</name>
                <date>2012-09-18+04:00</date>
                <url>http://bus.gov.ru/public/download/download.html?id=5581333</url>
                <type>E</type>
            </document>
        </ns2:position>
    
<ns2:position xmlns:ns2="http://bus.gov.ru/external/1" xmlns="http://bus.gov.ru/types/1" xmlns:xsi="http://www.w3.org/2001/XMLSchema-instance" xmlns:ns3="http://bus.gov.ru/fk/1">
            <positionId>357bca41-df8a-44c5-80d8-bbd5f6b4c8f3</positionId>
            <changeDate>2012-11-14T10:33:50.326+04:00</changeDate>
            <placer>
                <regNum>0310100000042</regNum>
                <fullName>войсковая часть 6770</fullName>
                <inn>1510010583</inn>
                <kpp>151001001</kpp>
            </placer>
            <initiator>
                <regNum>0310100000042</regNum>
                <fullName>войсковая часть 6770</fullName>
                <inn>1510010583</inn>
                <kpp>151001001</kpp>
            </initiator>
            <versionNumber>1</versionNumber>
            <main>
                <ogrn>1021500920979</ogrn>
                <rbs>
                    <regNum>0358100000053</regNum>
                    <fullName>управление Северо-Кавказского регионального командования внутренних войск МВД России</fullName>
                </rbs>
                <grbs>
                    <regNum>0173100000054</regNum>
                    <fullName>Министерство внутренних дел Российской Федерации</fullName>
                </grbs>
                <orgType>03</orgType>
                <classifier>
                    <okfs>
                        <code>12</code>
                        <name>Федеральная собственность</name>
                    </okfs>
                    <okopf>
                        <code>72</code>
                        <name>Бюджетные учреждения</name>
                    </okopf>
                    <okogu>
                        <code>1310500</code>
                        <name>Министерство внутренних дел Российской Федерации</name>
                    </okogu>
                    <okpo>
                        <code>08606802</code>
                    </okpo>
                    <okato>
                        <code>90230501000</code>
                        <name>Моздок</name>
                    </okato>
                    <okved>
                        <code>75.24.1</code>
                        <name>Деятельность органов внутренних дел</name>
                        <type>C</type>
                    </okved>
                </classifier>
                <address>
                    <zip>363750</zip>
                    <subject>
                        <code>15000000000</code>
                        <name>Северная Осетия - Алания Респ</name>
                    </subject>
                    <city>
                        <code>15007001000</code>
                        <name>Моздок г</name>
                    </city>
                    <street>
                        <code>150070010000021</code>
                        <name>Гагарина ул</name>
                    </street>
                    <building>27</building>
                </address>
            </main>
            <additional>
                <institutionType>
                    <code>0907000</code>
                    <name>Воинская часть</name>
                </institutionType>
                <ppo>
                    <code>00000000000</code>
                    <name>Российская Федерация</name>
                    <okato>
                        <code>00000000000</code>
                        <name>Объекты административно-территориального деления, кроме сельских населенных пунктов</name>
                    </okato>
                </ppo>
                <phone>7-86736-27590</phone>
                <oktmo>
                    <code>90630101</code>
                    <name>Город Моздок</name>
                </oktmo>
                <activity>
                    <okved>
                        <code>75.24.1</code>
                        <name>Деятельность органов внутренних дел</name>
                        <type>C</type>
                    </okved>
                    <name>обеспечение общественного провопорядка</name>
                </activity>
                <eMail>6770obmo@mail.ru</eMail>
            </additional>
            <other>
                <chief>
                    <lastName>Ароян</lastName>
                    <firstName>Симон</firstName>
                    <middleName>Томикосович</middleName>
                    <position>Командир воинской части</position>
                </chief>
                <founder>
                    <regNum>0173100000062</regNum>
                    <fullName>Министерство внутренних дел Российской Федерации</fullName>
                </founder>
            </other>
            <document>
                <name>приказ на руководителя</name>
                <date>2006-06-05+04:00</date>
                <url>http://bus.gov.ru/public/download/download.html?id=6101168</url>
                <type>S</type>
            </document>
            <document>
                <name>положение о вч</name>
                <date>2009-12-08+03:00</date>
                <url>http://bus.gov.ru/public/download/download.html?id=6101169</url>
                <type>F</type>
            </document>
            <document>
                <name>огрн</name>
                <date>1999-03-06+03:00</date>
                <url>http://bus.gov.ru/public/download/download.html?id=6101170</url>
                <type>E</type>
            </document>
        </ns2:position>
    

    </ns2:body>
    </ns2:institutionInfo>        
        