<?xml version="1.0" encoding="UTF-8" standalone="yes"?>
<ns2:institutionInfo xsi:schemaLocation="http://bus.gov.ru/public/schema/TFF-0.1.3.1/External.xsd" xmlns="http://bus.gov.ru/types/1" xmlns:ns2="http://bus.gov.ru/external/1" xmlns:xsi="http://www.w3.org/2001/XMLSchema-instance" xmlns:ns3="http://bus.gov.ru/fk/1">
    <ns2:body>                        
	<ns2:position xmlns:ns2="http://bus.gov.ru/external/1" xmlns="http://bus.gov.ru/types/1" xmlns:xsi="http://www.w3.org/2001/XMLSchema-instance" xmlns:ns3="http://bus.gov.ru/fk/1">
            <positionId>e8335ba7-20fc-4f46-b0a2-7fa5cd141622</positionId>
            <changeDate>2012-10-17T14:30:58.900+04:00</changeDate>
            <placer>
                <regNum>0313100000115</regNum>
                <fullName>государственное учреждение "Управление вневедомственной охраны МВД по Удмуртской Республике"</fullName>
                <inn>1835014044</inn>
                <kpp>183501001</kpp>
            </placer>
            <initiator>
                <regNum>0313100000115</regNum>
                <fullName>государственное учреждение "Управление вневедомственной охраны МВД по Удмуртской Республике"</fullName>
                <inn>1835014044</inn>
                <kpp>183501001</kpp>
            </initiator>
            <versionNumber>1</versionNumber>
            <main>
                <shortName>ГУ "УВО МВД по Удмуртской Республике"</shortName>
                <ogrn>1021801654104</ogrn>
                <rbs>
                    <regNum>0113100000027</regNum>
                    <fullName>Министерство внутренних дел по Удмуртской Республике</fullName>
                </rbs>
                <grbs>
                    <regNum>0173100000062</regNum>
                    <fullName>Министерство внутренних дел Российской Федерации</fullName>
                </grbs>
                <orgType>03</orgType>
                <classifier>
                    <okfs>
                        <code>12</code>
                        <name>Федеральная собственность</name>
                    </okfs>
                    <okopf>
                        <code>72</code>
                        <name>Бюджетные учреждения</name>
                    </okopf>
                    <okogu>
                        <code>1310500</code>
                        <name>Министерство внутренних дел Российской Федерации</name>
                    </okogu>
                    <okpo>
                        <code>08596771</code>
                    </okpo>
                    <okato>
                        <code>94401000000</code>
                        <name>Ижевск</name>
                    </okato>
                    <okved>
                        <code>75.24.1</code>
                        <name>Деятельность органов внутренних дел</name>
                        <type>C</type>
                    </okved>
                </classifier>
                <address>
                    <zip>426004</zip>
                    <subject>
                        <code>18000000000</code>
                        <name>Удмуртская Респ</name>
                    </subject>
                    <city>
                        <code>18000001000</code>
                        <name>Ижевск г</name>
                    </city>
                    <street>
                        <code>180000010000442</code>
                        <name>Советская ул</name>
                    </street>
                    <building>32</building>
                </address>
            </main>
            <additional>
                <institutionType>
                    <code>9900000</code>
                    <name>Прочие</name>
                </institutionType>
                <ppo>
                    <code>00000000000</code>
                    <name>Российская Федерация</name>
                    <okato>
                        <code>00000000000</code>
                        <name>Объекты административно-территориального деления, кроме сельских населенных пунктов</name>
                    </okato>
                </ppo>
                <phone>8-3412-684238</phone>
                <www>http://ohrana.udmnet.ru</www>
                <branch>
                    <regNum>0313100000134</regNum>
                    <fullName>государственное учреждение "Отдел вневедомственной охраны при Управлении внутренних дел по городу Ижевску"</fullName>
                    <type>01</type>
                </branch>
                <oktmo>
                    <code>94701000</code>
                    <name>Город Ижевск</name>
                </oktmo>
                <activity>
                    <okved>
                        <code>75.24.1</code>
                        <name>Деятельность органов внутренних дел</name>
                        <type>C</type>
                    </okved>
                    <name>охрана имущества по договорам</name>
                </activity>
                <eMail>uvo.mvd@yandex.ru</eMail>
            </additional>
            <other>
                <chief>
                    <lastName>Ханнанов</lastName>
                    <firstName>Ильяс</firstName>
                    <middleName>Наильевич</middleName>
                    <position>Временно исполняющий обязянности начальника ФГКУ УВО МВД по Удмуртской Республике</position>
                </chief>
                <founder>
                    <regNum>0173100000062</regNum>
                    <fullName>Министерство внутренних дел Российской Федерации</fullName>
                </founder>
            </other>
            <document>
                <name>Приказ о назначении Врио ФГКУ УВО</name>
                <date>2012-09-20+04:00</date>
                <url>http://bus.gov.ru/public/download/download.html?id=5858551</url>
                <type>S</type>
            </document>
            <document>
                <name>Приказ  об утверждении положения</name>
                <date>2012-08-28+04:00</date>
                <url>http://bus.gov.ru/public/download/download.html?id=5858552</url>
                <type>L</type>
            </document>
            <document>
                <name>Положение</name>
                <date>2012-08-28+04:00</date>
                <url>http://bus.gov.ru/public/download/download.html?id=5858553</url>
                <type>L</type>
            </document>
            <document>
                <name>Приказ №427</name>
                <date>2012-05-05+04:00</date>
                <url>http://bus.gov.ru/public/download/download.html?id=5858554</url>
                <type>F</type>
            </document>
            <document>
                <name>Устав ФГКУ УВО</name>
                <date>2012-05-05+04:00</date>
                <url>http://bus.gov.ru/public/download/download.html?id=5858555</url>
                <type>F</type>
            </document>
            <document>
                <name>ЕГРЮЛ</name>
                <date>2012-07-31+04:00</date>
                <url>http://bus.gov.ru/public/download/download.html?id=5858556</url>
                <type>E</type>
            </document>
        </ns2:position>
    
<ns2:position xmlns:ns2="http://bus.gov.ru/external/1" xmlns="http://bus.gov.ru/types/1" xmlns:xsi="http://www.w3.org/2001/XMLSchema-instance" xmlns:ns3="http://bus.gov.ru/fk/1">
            <positionId>947bca14-43f0-459a-bb20-1bf437147e2a</positionId>
            <changeDate>2012-07-05T16:55:01.122+04:00</changeDate>
            <placer>
                <regNum>0813100000016</regNum>
                <fullName>федеральное казенное учреждение здравоохранения "Медико-санитарная часть Министерства внутренних дел     Российской Федерации по Удмуртской Республике"</fullName>
                <inn>1833038145</inn>
                <kpp>183301001</kpp>
            </placer>
            <initiator>
                <regNum>0813100000016</regNum>
                <fullName>федеральное казенное учреждение здравоохранения "Медико-санитарная часть Министерства внутренних дел     Российской Федерации по Удмуртской Республике"</fullName>
                <inn>1833038145</inn>
                <kpp>183301001</kpp>
            </initiator>
            <versionNumber>0</versionNumber>
            <main>
                <shortName>ФКУЗ "МСЧ МВД России по Удмуртской Республике"</shortName>
                <ogrn>1061840016754</ogrn>
                <rbs>
                    <regNum>0113100000027</regNum>
                    <fullName>Министерство внутренних дел по Удмуртской Республике</fullName>
                </rbs>
                <grbs>
                    <regNum>0173100000054</regNum>
                    <fullName>Министерство внутренних дел Российской Федерации</fullName>
                </grbs>
                <orgType>08</orgType>
                <classifier>
                    <okfs>
                        <code>12</code>
                        <name>Федеральная собственность</name>
                    </okfs>
                    <okopf>
                        <code>72</code>
                        <name>Бюджетные учреждения</name>
                    </okopf>
                    <okogu>
                        <code>1310500</code>
                        <name>Министерство внутренних дел Российской Федерации</name>
                    </okogu>
                    <okpo>
                        <code>08585744</code>
                    </okpo>
                    <okato>
                        <code>94401000000</code>
                        <name>Ижевск</name>
                    </okato>
                    <okved>
                        <code>85.11.2</code>
                        <name>Деятельность санаторно-курортных учреждений</name>
                        <type>O</type>
                    </okved>
                    <okved>
                        <code>85.14.2</code>
                        <name>Деятельность вспомогательного стоматологического персонала</name>
                        <type>O</type>
                    </okved>
                    <okved>
                        <code>55.23.5</code>
                        <name>Деятельность прочих мест для временного проживания, не включенных в другие группировки</name>
                        <type>O</type>
                    </okved>
                    <okved>
                        <code>85.14.5</code>
                        <name>Деятельность учреждений санитарно-эпидемиологической службы</name>
                        <type>O</type>
                    </okved>
                    <okved>
                        <code>93.02</code>
                        <name>Предоставление услуг парикмахерскими и салонами красоты</name>
                        <type>O</type>
                    </okved>
                    <okved>
                        <code>85.12</code>
                        <name>Врачебная практика</name>
                        <type>O</type>
                    </okved>
                    <okved>
                        <code>85.14.3</code>
                        <name>Деятельность медицинских лабораторий</name>
                        <type>O</type>
                    </okved>
                    <okved>
                        <code>85.11.1</code>
                        <name>Деятельность больничных учреждений широкого профиля и специализированных</name>
                        <type>O</type>
                    </okved>
                    <okved>
                        <code>85.14.1</code>
                        <name>Деятельность среднего медицинского персонала</name>
                        <type>O</type>
                    </okved>
                    <okved>
                        <code>85.14.6</code>
                        <name>Деятельность судебно-медицинской экспертизы</name>
                        <type>O</type>
                    </okved>
                    <okved>
                        <code>85.13</code>
                        <name>Стоматологическая практика</name>
                        <type>O</type>
                    </okved>
                    <okved>
                        <code>85.14.4</code>
                        <name>Деятельность учреждений скорой медицинской помощи</name>
                        <type>O</type>
                    </okved>
                    <okved>
                        <code>52.31</code>
                        <name>Розничная торговля фармацевтическими товарами</name>
                        <type>C</type>
                    </okved>
                </classifier>
                <address>
                    <zip>426035</zip>
                    <subject>
                        <code>18000000000</code>
                        <name>Удмуртская Респ</name>
                    </subject>
                    <city>
                        <code>18000001000</code>
                        <name>Ижевск г</name>
                    </city>
                    <street>
                        <code>180000010000432</code>
                        <name>Серова ул</name>
                    </street>
                    <building>69</building>
                </address>
            </main>
            <additional>
                <institutionType>
                    <code>0500000</code>
                    <name>Здравоохранение</name>
                </institutionType>
                <ppo>
                    <code>00000000000</code>
                    <name>Российская Федерация</name>
                    <okato>
                        <code>00000000000</code>
                        <name>Объекты административно-территориального деления, кроме сельских населенных пунктов</name>
                    </okato>
                </ppo>
                <phone>7-3412-939221</phone>
                <www>http://www.medmvd.ru</www>
                <section>188</section>
                <oktmo>
                    <code>94701000</code>
                    <name>- Город Ижевск</name>
                </oktmo>
                <activity>
                    <okved>
                        <code>85.11.2</code>
                        <name>Деятельность санаторно-курортных учреждений</name>
                    </okved>
                    <name>санаторно-курортную деятельность, связанную с проведением лечения, профилактики и оздоровительных мероприятий на базе лечебно-профилактических учреждений</name>
                </activity>
                <activity>
                    <okved>
                        <code>85.14.2</code>
                        <name>Деятельность вспомогательного стоматологического персонала</name>
                    </okved>
                    <name>деятельность вспомогательного стоматологического персонала (зубных врачей-терапевтов, медицинских сестер</name>
                </activity>
                <activity>
                    <okved>
                        <code>55.23.5</code>
                        <name>Деятельность прочих мест для временного проживания, не включенных в другие группировки</name>
                    </okved>
                    <name>предоставление мест для временного проживания</name>
                </activity>
                <activity>
                    <okved>
                        <code>85.14.5</code>
                        <name>Деятельность учреждений санитарно-эпидемиологической службы</name>
                    </okved>
                    <name>деятельность ЦГСЭН</name>
                </activity>
                <activity>
                    <okved>
                        <code>93.02</code>
                        <name>Предоставление услуг парикмахерскими и салонами красоты</name>
                    </okved>
                    <name>косметический массаж лица</name>
                </activity>
                <activity>
                    <okved>
                        <code>85.12</code>
                        <name>Врачебная практика</name>
                    </okved>
                    <name>медицинские консультации и лечение в области общей и специальной медицины, предоставляемые врачами общего профиля (терапевтами), врачами-специалистами и хирургами</name>
                </activity>
                <activity>
                    <okved>
                        <code>85.14.3</code>
                        <name>Деятельность медицинских лабораторий</name>
                    </okved>
                    <name>деятельность медицинских лабораторий</name>
                </activity>
                <activity>
                    <okved>
                        <code>85.11.1</code>
                        <name>Деятельность больничных учреждений широкого профиля и специализированных</name>
                    </okved>
                    <name>?</name>
                </activity>
                <activity>
                    <okved>
                        <code>85.14.1</code>
                        <name>Деятельность среднего медицинского персонала</name>
                    </okved>
                    <name>деятельность по охране здоровья человека, осуществляемую не больницами и не врачами, а средним (парамедицинским) персоналом, которому предоставлены юридические права по уходу за пациентами: медсестрами, акушерками, физиотерапевтами-техниками (персоналом физиотерапевтических кабинетов) и другими специалистами</name>
                </activity>
                <activity>
                    <okved>
                        <code>85.14.6</code>
                        <name>Деятельность судебно-медицинской экспертизы</name>
                    </okved>
                    <name>деятельность военно-врачебной комиссии</name>
                </activity>
                <activity>
                    <okved>
                        <code>85.13</code>
                        <name>Стоматологическая практика</name>
                    </okved>
                    <name>деятельность в области стоматологии общего и специального характера
- деятельность в области ортодонтии</name>
                </activity>
                <activity>
                    <okved>
                        <code>85.14.4</code>
                        <name>Деятельность учреждений скорой медицинской помощи</name>
                    </okved>
                    <name>перевозка больных санитарно-транспортными средствами</name>
                </activity>
                <activity>
                    <okved>
                        <code>52.31</code>
                        <name>Розничная торговля фармацевтическими товарами</name>
                    </okved>
                    <name>изготовление аптекой лекарственных средств</name>
                </activity>
                <eMail>mschmvd5@udm.net</eMail>
            </additional>
            <other>
                <chief>
                    <lastName>МОХОВА</lastName>
                    <firstName>ЛЮДМИЛА</firstName>
                    <middleName>ЯКОВЛЕВНА</middleName>
                    <position>Начальник</position>
                </chief>
                <founder>
                    <regNum>0173100000062</regNum>
                    <fullName>Министерство внутренних дел Российской Федерации</fullName>
                </founder>
            </other>
            <document>
                <name>выписка о назначении</name>
                <date>2012-07-05+04:00</date>
                <url>http://bus.gov.ru/public/download/download.html?id=4472515</url>
                <type>S</type>
            </document>
            <document>
                <name>приказ 1145 устав</name>
                <date>2012-07-05+04:00</date>
                <url>http://bus.gov.ru/public/download/download.html?id=4472346</url>
                <type>F</type>
            </document>
            <document>
                <name>приказ 516 изм в устав</name>
                <date>2012-07-05+04:00</date>
                <url>http://bus.gov.ru/public/download/download.html?id=4472356</url>
                <type>F</type>
            </document>
            <document>
                <name>ЕГРЮЛ</name>
                <date>2012-07-05+04:00</date>
                <url>http://bus.gov.ru/public/download/download.html?id=4472503</url>
                <type>E</type>
            </document>
        </ns2:position>
    

    </ns2:body>
    </ns2:institutionInfo>        
        