<?xml version="1.0" encoding="UTF-8" standalone="yes"?>
<ns2:institutionInfo xsi:schemaLocation="http://bus.gov.ru/public/schema/TFF-0.1.3.1/External.xsd" xmlns="http://bus.gov.ru/types/1" xmlns:ns2="http://bus.gov.ru/external/1" xmlns:xsi="http://www.w3.org/2001/XMLSchema-instance" xmlns:ns3="http://bus.gov.ru/fk/1">
    <ns2:body>                        
	<ns2:position xmlns:ns2="http://bus.gov.ru/external/1" xmlns="http://bus.gov.ru/types/1" xmlns:xsi="http://www.w3.org/2001/XMLSchema-instance" xmlns:ns3="http://bus.gov.ru/fk/1">
            <positionId>ffc8d9de-b064-409e-a22a-bad0e112a17f</positionId>
            <changeDate>2012-10-18T12:45:18.825+04:00</changeDate>
            <placer>
                <regNum>0880100000025</regNum>
                <fullName>федеральное государственное казенное учреждение "Отдел вневедомственной охраны Министерства внутренних дел по Республике Хакасия"</fullName>
                <inn>1901108410</inn>
                <kpp>190101001</kpp>
            </placer>
            <initiator>
                <regNum>0880100000025</regNum>
                <fullName>федеральное государственное казенное учреждение "Отдел вневедомственной охраны Министерства внутренних дел по Республике Хакасия"</fullName>
                <inn>1901108410</inn>
                <kpp>190101001</kpp>
            </initiator>
            <versionNumber>0</versionNumber>
            <main>
                <shortName>ФГКУ ОВО МВД по Республике Хакасия</shortName>
                <ogrn>1121901003113</ogrn>
                <rbs>
                    <regNum>0180100000005</regNum>
                    <fullName>Министерство внутренних дел по Республике Хакасия</fullName>
                </rbs>
                <grbs>
                    <regNum>0173100000062</regNum>
                    <fullName>Министерство внутренних дел Российской Федерации</fullName>
                </grbs>
                <orgType>08</orgType>
                <classifier>
                    <okfs>
                        <code>12</code>
                        <name>Федеральная собственность</name>
                    </okfs>
                    <okopf>
                        <code>74</code>
                        <name>Казенные учреждения</name>
                    </okopf>
                    <okogu>
                        <code>1310500</code>
                        <name>Министерство внутренних дел Российской Федерации</name>
                    </okogu>
                    <okpo>
                        <code>08684898</code>
                    </okpo>
                    <okato>
                        <code>95401000000</code>
                        <name>Абакан</name>
                    </okato>
                    <okved>
                        <code>75.24.1</code>
                        <name>Деятельность органов внутренних дел</name>
                        <type>C</type>
                    </okved>
                </classifier>
                <address>
                    <zip>655017</zip>
                    <subject>
                        <code>19000000000</code>
                        <name>Хакасия</name>
                    </subject>
                    <city>
                        <code>19000001000</code>
                        <name>Абакан</name>
                    </city>
                    <street>
                        <code>190000010000221</code>
                        <name> Хакасская</name>
                    </street>
                    <building>54</building>
                </address>
            </main>
            <additional>
                <institutionType>
                    <code>9900000</code>
                    <name>Прочие</name>
                </institutionType>
                <ppo>
                    <code>00000000000</code>
                    <name>Российская Федерация</name>
                    <okato>
                        <code>00000000000</code>
                        <name>Объекты административно-территориального деления, кроме сельских населенных пунктов</name>
                    </okato>
                </ppo>
                <phone>7-3902-221236</phone>
                <www>http://uvoabakan@yandex.ru</www>
                <section>188</section>
                <oktmo>
                    <code>95701000</code>
                    <name>Город Абакан</name>
                </oktmo>
                <activity>
                    <okved>
                        <code>75.24.1</code>
                        <name>Деятельность органов внутренних дел</name>
                        <type>C</type>
                    </okved>
                    <name>Деятельность органов внутренних дел</name>
                </activity>
            </additional>
            <other>
                <chief>
                    <lastName>Кучинский </lastName>
                    <firstName>Игорь </firstName>
                    <middleName>Васильевич</middleName>
                    <position>Начальник</position>
                </chief>
                <founder>
                    <regNum>0173100000062</regNum>
                    <fullName>Министерство внутренних дел Российской Федерации</fullName>
                </founder>
            </other>
            <document>
                <name>приказ</name>
                <date>2012-07-17+04:00</date>
                <url>http://bus.gov.ru/public/download/download.html?id=5886640</url>
                <type>S</type>
            </document>
            <document>
                <name>устав</name>
                <date>2012-05-05+04:00</date>
                <url>http://bus.gov.ru/public/download/download.html?id=5886510</url>
                <type>F</type>
            </document>
            <document>
                <name>свидетельство 2</name>
                <date>2012-07-26+04:00</date>
                <url>http://bus.gov.ru/public/download/download.html?id=5886536</url>
                <type>E</type>
            </document>
            <document>
                <name>свидетельство</name>
                <date>2012-07-26+04:00</date>
                <url>http://bus.gov.ru/public/download/download.html?id=5886518</url>
                <type>E</type>
            </document>
        </ns2:position>
    
<ns2:position xmlns:ns2="http://bus.gov.ru/external/1" xmlns="http://bus.gov.ru/types/1" xmlns:xsi="http://www.w3.org/2001/XMLSchema-instance" xmlns:ns3="http://bus.gov.ru/fk/1">
            <positionId>34ff2ea4-d16c-4b0b-93db-d2d35efdfe68</positionId>
            <changeDate>2012-04-20T07:44:28.863+04:00</changeDate>
            <placer>
                <regNum>0880100000003</regNum>
                <fullName>Отдел вневедомственной охраны Отдела Министерства внутренних дел Российской Федерации по городу Черногорску</fullName>
                <inn>1903007111</inn>
                <kpp>190301001</kpp>
            </placer>
            <initiator>
                <regNum>0880100000003</regNum>
                <fullName>Отдел вневедомственной охраны Отдела Министерства внутренних дел Российской Федерации по городу Черногорску</fullName>
                <inn>1903007111</inn>
                <kpp>190301001</kpp>
            </initiator>
            <versionNumber>0</versionNumber>
            <main>
                <shortName>ОВО ОМВД России по г. Черногорску</shortName>
                <ogrn>1021900701492</ogrn>
                <rbs>
                    <regNum>0880100000025</regNum>
                    <fullName>Отдел вневедомственной охраны Министерства внутренних дел по Республике Хакасия</fullName>
                </rbs>
                <grbs>
                    <regNum>0173100000054</regNum>
                    <fullName>Министерство внутренних дел Российской Федерации</fullName>
                </grbs>
                <orgType>08</orgType>
                <classifier>
                    <okfs>
                        <code>12</code>
                        <name>Федеральная собственность</name>
                    </okfs>
                    <okopf>
                        <code>72</code>
                        <name>Бюджетные учреждения</name>
                    </okopf>
                    <okogu>
                        <code>1310500</code>
                        <name>Министерство внутренних дел Российской Федерации</name>
                    </okogu>
                    <okpo>
                        <code>08709695</code>
                    </okpo>
                    <okato>
                        <code>95415000000</code>
                        <name>Черногорск</name>
                    </okato>
                    <okved>
                        <code>75.24.1</code>
                        <name>Деятельность органов внутренних дел</name>
                        <type>C</type>
                    </okved>
                </classifier>
                <address>
                    <zip>655150</zip>
                    <subject>
                        <code>19000000000</code>
                        <name>Хакасия</name>
                    </subject>
                    <city>
                        <code>19000003000</code>
                        <name>Черногорск</name>
                    </city>
                    <street>
                        <name>Советская</name>
                    </street>
                    <building>23</building>
                </address>
            </main>
            <additional>
                <institutionType>
                    <code>9900000</code>
                    <name>Прочие</name>
                </institutionType>
                <ppo>
                    <code>00000000000</code>
                    <name>Российская Федерация</name>
                    <okato>
                        <code>00000000000</code>
                        <name>Объекты административно-территориального деления, кроме сельских населенных пунктов</name>
                    </okato>
                    <oktmo>
                        <code>95715000</code>
                        <name>- Город Черногорск</name>
                    </oktmo>
                </ppo>
                <phone>8-39031-64401</phone>
                <section>188</section>
                <oktmo>
                    <code>95715000</code>
                    <name>- Город Черногорск</name>
                </oktmo>
                <activity>
                    <okved>
                        <code>75.24.1</code>
                        <name>Деятельность органов внутренних дел</name>
                    </okved>
                    <name>Охрана имущества юридических и физических лиц и предоставление инных услуг, связанных с обеспечение охраны и безопасности граждан</name>
                </activity>
                <eMail>ovochernogorsk@yandex.ru</eMail>
            </additional>
            <other>
                <chief>
                    <lastName>ЧУЧЕНКО</lastName>
                    <firstName>ГЕННАДИЙ</firstName>
                    <middleName>ИВАНОВИЧ</middleName>
                    <position>Начальник</position>
                </chief>
                <founder>
                    <regNum>0173100000062</regNum>
                    <fullName>Министерство внутренних дел Российской Федерации</fullName>
                </founder>
            </other>
            <document>
                <name>Положение</name>
                <date>2011-07-12+04:00</date>
                <url>http://bus.gov.ru/public/download/download.html?id=2698049</url>
                <type>F</type>
            </document>
            <document>
                <name>Свидетельство</name>
                <date>2011-08-09+04:00</date>
                <url>http://bus.gov.ru/public/download/download.html?id=2697481</url>
                <type>E</type>
            </document>
            <document>
                <name>Приказ о назначении</name>
                <date>2011-07-06+04:00</date>
                <url>http://bus.gov.ru/public/download/download.html?id=2697762</url>
                <type>S</type>
            </document>
        </ns2:position>
    

    </ns2:body>
    </ns2:institutionInfo>        
        