<?xml version="1.0" encoding="UTF-8" standalone="yes"?>
<ns2:institutionInfo xsi:schemaLocation="http://bus.gov.ru/public/schema/TFF-0.1.3.1/External.xsd" xmlns="http://bus.gov.ru/types/1" xmlns:ns2="http://bus.gov.ru/external/1" xmlns:xsi="http://www.w3.org/2001/XMLSchema-instance" xmlns:ns3="http://bus.gov.ru/fk/1">
    <ns2:body>                        
	<ns2:position xmlns:ns2="http://bus.gov.ru/external/1" xmlns="http://bus.gov.ru/types/1" xmlns:xsi="http://www.w3.org/2001/XMLSchema-instance" xmlns:ns3="http://bus.gov.ru/fk/1">
            <positionId>a51578e8-f2c6-47ed-92b8-cad66a5cf140</positionId>
            <changeDate>2012-06-29T16:30:06.325+04:00</changeDate>
            <placer>
                <regNum>0394100000046</regNum>
                <fullName>войсковая часть 6787</fullName>
                <inn>2027000516</inn>
                <kpp>201401001</kpp>
            </placer>
            <initiator>
                <regNum>0394100000046</regNum>
                <fullName>войсковая часть 6787</fullName>
                <inn>2027000516</inn>
                <kpp>201401001</kpp>
            </initiator>
            <versionNumber>0</versionNumber>
            <main>
                <ogrn>1042002600639</ogrn>
                <rbs>
                    <regNum>0395100005347</regNum>
                    <fullName>войсковая часть 3025</fullName>
                </rbs>
                <grbs>
                    <regNum>0173100000054</regNum>
                    <fullName>Министерство внутренних дел Российской Федерации</fullName>
                </grbs>
                <orgType>08</orgType>
                <classifier>
                    <okfs>
                        <code>12</code>
                        <name>Федеральная собственность</name>
                    </okfs>
                    <okopf>
                        <code>72</code>
                        <name>Бюджетные учреждения</name>
                    </okopf>
                    <okogu>
                        <code>1310500</code>
                        <name>Министерство внутренних дел Российской Федерации</name>
                    </okogu>
                    <okpo>
                        <code>08607121</code>
                    </okpo>
                    <okato>
                        <code>96000000000</code>
                        <name>Чеченская Республика</name>
                    </okato>
                    <okved>
                        <code>75.24.1</code>
                        <name>Деятельность органов внутренних дел</name>
                        <type>C</type>
                    </okved>
                </classifier>
                <address>
                    <zip>366000</zip>
                    <subject>
                        <code>20000000000</code>
                        <name>Чеченская Респ</name>
                    </subject>
                    <city>
                        <code>20000001000</code>
                        <name>Грозный г</name>
                    </city>
                </address>
            </main>
            <additional>
                <institutionType>
                    <code>0900000</code>
                    <name>Национальная оборона</name>
                </institutionType>
                <ppo>
                    <code>00000000000</code>
                    <name>Российская Федерация</name>
                    <okato>
                        <code>00000000000</code>
                        <name>Объекты административно-территориального деления, кроме сельских населенных пунктов</name>
                    </okato>
                    <oktmo>
                        <code>96</code>
                        <name>Муниципальные образования Чеченской Республики*</name>
                    </oktmo>
                </ppo>
                <phone>7-8712-222429</phone>
                <section>188</section>
                <oktmo>
                    <code>96</code>
                    <name>Муниципальные образования Чеченской Республики*</name>
                </oktmo>
                <activity>
                    <okved>
                        <code>75.24.1</code>
                        <name>Деятельность органов внутренних дел</name>
                    </okved>
                    <name>Детельность органов внутренних дел</name>
                </activity>
                <eMail>obmo.6787@yandex.ru</eMail>
            </additional>
            <other>
                <chief>
                    <lastName>Талалуев</lastName>
                    <firstName>Василий</firstName>
                    <middleName>Николаевич</middleName>
                    <position>Командир части</position>
                </chief>
                <founder>
                    <regNum>0173100000062</regNum>
                    <fullName>Министерство внутренних дел Российской Федерации</fullName>
                </founder>
            </other>
            <document>
                <name>приказ 3025</name>
                <date>2011-07-22+04:00</date>
                <url>http://bus.gov.ru/public/download/download.html?id=4379805</url>
                <type>S</type>
            </document>
            <document>
                <name>приказ 3025 001</name>
                <date>2011-07-22+04:00</date>
                <url>http://bus.gov.ru/public/download/download.html?id=4379882</url>
                <type>S</type>
            </document>
            <document>
                <name>положение о войсковой части</name>
                <date>2011-06-02+04:00</date>
                <url>http://bus.gov.ru/public/download/download.html?id=4365669</url>
                <type>F</type>
            </document>
            <document>
                <name>положение о войсковой части 006</name>
                <date>2011-06-02+04:00</date>
                <url>http://bus.gov.ru/public/download/download.html?id=4366033</url>
                <type>F</type>
            </document>
            <document>
                <name>положение о войсковой части 002</name>
                <date>2011-06-02+04:00</date>
                <url>http://bus.gov.ru/public/download/download.html?id=4365814</url>
                <type>F</type>
            </document>
            <document>
                <name>положение о войсковой части 1</name>
                <date>2011-06-02+04:00</date>
                <url>http://bus.gov.ru/public/download/download.html?id=4365770</url>
                <type>F</type>
            </document>
            <document>
                <name>положение о войсковой части 004</name>
                <date>2011-06-02+04:00</date>
                <url>http://bus.gov.ru/public/download/download.html?id=4365974</url>
                <type>F</type>
            </document>
            <document>
                <name>положение о войсковой части 003</name>
                <date>2011-06-02+04:00</date>
                <url>http://bus.gov.ru/public/download/download.html?id=4365918</url>
                <type>F</type>
            </document>
            <document>
                <name>положение о войсковой части 005</name>
                <date>2011-06-02+04:00</date>
                <url>http://bus.gov.ru/public/download/download.html?id=4366005</url>
                <type>F</type>
            </document>
            <document>
                <name>выписка из ЕГРЮЛ 006</name>
                <date>2011-11-11+04:00</date>
                <url>http://bus.gov.ru/public/download/download.html?id=4368406</url>
                <type>E</type>
            </document>
            <document>
                <name>выписка из ЕГРЮЛ 004</name>
                <date>2011-11-11+04:00</date>
                <url>http://bus.gov.ru/public/download/download.html?id=4368354</url>
                <type>E</type>
            </document>
            <document>
                <name>свидетельство о постановке на учет в налоговом органе РФ</name>
                <date>2011-11-11+04:00</date>
                <url>http://bus.gov.ru/public/download/download.html?id=4368505</url>
                <type>E</type>
            </document>
            <document>
                <name>выписка из ЕГРЮЛ 005</name>
                <date>2011-11-11+04:00</date>
                <url>http://bus.gov.ru/public/download/download.html?id=4368388</url>
                <type>E</type>
            </document>
            <document>
                <name>выписка из ЕГРЮЛ</name>
                <date>2011-11-11+04:00</date>
                <url>http://bus.gov.ru/public/download/download.html?id=4367177</url>
                <type>E</type>
            </document>
            <document>
                <name>выписка из ЕГРЮЛ 003</name>
                <date>2011-11-11+04:00</date>
                <url>http://bus.gov.ru/public/download/download.html?id=4367772</url>
                <type>E</type>
            </document>
            <document>
                <name>свидетельство о внесении записи в ЕГРЮЛ</name>
                <date>2011-11-11+04:00</date>
                <url>http://bus.gov.ru/public/download/download.html?id=4368443</url>
                <type>E</type>
            </document>
            <document>
                <name>выписка из ЕГРЮЛ 001</name>
                <date>2011-11-11+04:00</date>
                <url>http://bus.gov.ru/public/download/download.html?id=4367292</url>
                <type>E</type>
            </document>
            <document>
                <name>выписка из ЕГРЮЛ 002</name>
                <date>2011-11-11+04:00</date>
                <url>http://bus.gov.ru/public/download/download.html?id=4367335</url>
                <type>E</type>
            </document>
        </ns2:position>
    
<ns2:position xmlns:ns2="http://bus.gov.ru/external/1" xmlns="http://bus.gov.ru/types/1" xmlns:xsi="http://www.w3.org/2001/XMLSchema-instance" xmlns:ns3="http://bus.gov.ru/fk/1">
            <positionId>46032c37-0ad5-4ab1-a075-fbd2f37643d7</positionId>
            <changeDate>2012-08-09T20:12:08.434+04:00</changeDate>
            <placer>
                <regNum>0395100005347</regNum>
                <fullName>Войсковая часть 3025</fullName>
                <inn>2020002137</inn>
                <kpp>201401001</kpp>
            </placer>
            <initiator>
                <regNum>0395100005347</regNum>
                <fullName>Войсковая часть 3025</fullName>
                <inn>2020002137</inn>
                <kpp>201401001</kpp>
            </initiator>
            <versionNumber>1</versionNumber>
            <main>
                <ogrn>1042002600232</ogrn>
                <grbs>
                    <fullName>Министерство внутренних дел Российской Федерации</fullName>
                </grbs>
                <orgType>08</orgType>
                <classifier>
                    <okfs>
                        <code>12</code>
                        <name>Федеральная собственность</name>
                    </okfs>
                    <okopf>
                        <code>72</code>
                        <name>Бюджетные учреждения</name>
                    </okopf>
                    <okogu>
                        <code>1310500</code>
                        <name>Министерство внутренних дел Российской Федерации</name>
                    </okogu>
                    <okpo>
                        <code>08607055</code>
                    </okpo>
                    <okato>
                        <code>96000000000</code>
                        <name>Чеченская Республика</name>
                    </okato>
                    <okved>
                        <code>75.22</code>
                        <name>Деятельность, связанная с обеспечением военной безопасности</name>
                        <type>C</type>
                    </okved>
                </classifier>
                <address>
                    <zip>366000</zip>
                    <subject>
                        <code>20000000000</code>
                        <name>Чеченская Респ</name>
                    </subject>
                    <city>
                        <code>20000001000</code>
                        <name>Грозный г</name>
                    </city>
                </address>
            </main>
            <additional>
                <institutionType>
                    <code>0907000</code>
                    <name>Воинская часть</name>
                </institutionType>
                <ppo>
                    <code>00000000000</code>
                    <name>Российская Федерация</name>
                    <okato>
                        <code>00000000000</code>
                        <name>Объекты административно-территориального деления, кроме сельских населенных пунктов</name>
                    </okato>
                </ppo>
                <phone>7-8712-222248</phone>
                <section>188</section>
                <oktmo>
                    <code>96</code>
                    <name>Муниципальные образования Чеченской Республики*</name>
                </oktmo>
                <activity>
                    <okved>
                        <code>75.22</code>
                        <name>Деятельность, связанная с обеспечением военной безопасности</name>
                    </okved>
                    <name>Деятельность, связанная с обеспечением военной безопасности</name>
                </activity>
                <eMail>fin3025chr@mail.ru</eMail>
            </additional>
            <other>
                <chief>
                    <lastName>Хоружин</lastName>
                    <firstName>Алексей</firstName>
                    <middleName>Павлович</middleName>
                    <position>Командир войсковой части 3025</position>
                </chief>
                <founder>
                    <regNum>0173100000062</regNum>
                    <fullName>Министерство внутренних дел Российской Федерации</fullName>
                </founder>
            </other>
            <document>
                <name>приказ о назначении руководителя</name>
                <date>2010-08-17+04:00</date>
                <url>http://bus.gov.ru/public/download/download.html?id=4902451</url>
                <type>S</type>
            </document>
            <document>
                <name>положение</name>
                <date>2011-04-06+04:00</date>
                <url>http://bus.gov.ru/public/download/download.html?id=4902452</url>
                <type>F</type>
            </document>
            <document>
                <name>ЕГРЮЛ</name>
                <date>2012-07-16+04:00</date>
                <url>http://bus.gov.ru/public/download/download.html?id=4902453</url>
                <type>E</type>
            </document>
        </ns2:position>
    
<ns2:position xmlns:ns2="http://bus.gov.ru/external/1" xmlns="http://bus.gov.ru/types/1" xmlns:xsi="http://www.w3.org/2001/XMLSchema-instance" xmlns:ns3="http://bus.gov.ru/fk/1">
            <positionId>fa183d69-db8e-4560-a835-5a1b17af98e6</positionId>
            <changeDate>2012-04-25T13:43:04.387+04:00</changeDate>
            <placer>
                <regNum>0394100000082</regNum>
                <fullName>федеральное государсвенное казенное образовательное учреждение среднего (полного) общего образования "Грозненское суворовское военное училище Министерства внутренних дел Российской Федерации"</fullName>
                <inn>2014260108</inn>
                <kpp>201401001</kpp>
            </placer>
            <initiator>
                <regNum>0394100000082</regNum>
                <fullName>федеральное государсвенное казенное образовательное учреждение среднего (полного) общего образования "Грозненское суворовское военное училище Министерства внутренних дел Российской Федерации"</fullName>
                <inn>2014260108</inn>
                <kpp>201401001</kpp>
            </initiator>
            <versionNumber>1</versionNumber>
            <main>
                <shortName>ФГКОУ ГСВУ МВД России</shortName>
                <ogrn>1082031003966</ogrn>
                <rbs>
                    <regNum>0173100000062</regNum>
                    <fullName>Министерство внутренних дел Российской Федерации</fullName>
                </rbs>
                <grbs>
                    <regNum>0173100000062</regNum>
                    <fullName>Министерство внутренних дел Российской Федерации</fullName>
                </grbs>
                <orgType>08</orgType>
                <classifier>
                    <okfs>
                        <code>12</code>
                        <name>Федеральная собственность</name>
                    </okfs>
                    <okopf>
                        <code>72</code>
                        <name>Бюджетные учреждения</name>
                    </okopf>
                    <okogu>
                        <code>1310500</code>
                        <name>Министерство внутренних дел Российской Федерации</name>
                    </okogu>
                    <okpo>
                        <code>08679959</code>
                    </okpo>
                    <okato>
                        <code>96000000000</code>
                        <name>Чеченская Республика</name>
                    </okato>
                    <okved>
                        <code>80.10.3</code>
                        <name>Дополнительное образование детей</name>
                        <type>O</type>
                    </okved>
                    <okved>
                        <code>80.42</code>
                        <name>Образование для взрослых и прочие виды образования, не включенные в другие группировки</name>
                        <type>C</type>
                    </okved>
                </classifier>
                <address>
                    <zip>364031</zip>
                    <subject>
                        <code>20000000000</code>
                        <name>Чеченская Респ</name>
                    </subject>
                    <city>
                        <code>20000001000</code>
                        <name>Грозный г</name>
                    </city>
                    <street>
                        <name>Мичурина ул</name>
                    </street>
                    <building>189</building>
                </address>
            </main>
            <additional>
                <institutionType>
                    <code>1000000</code>
                    <name>Образование</name>
                </institutionType>
                <ppo>
                    <code>00000000000</code>
                    <name>Российская Федерация</name>
                    <okato>
                        <code>00000000000</code>
                        <name>Объекты административно-территориального деления, кроме сельских населенных пунктов</name>
                    </okato>
                    <oktmo>
                        <code>96</code>
                        <name>Муниципальные образования Чеченской Республики*</name>
                    </oktmo>
                </ppo>
                <phone>7-8712-333290</phone>
                <www>http://гсву.рф</www>
                <section>188</section>
                <oktmo>
                    <code>96</code>
                    <name>Муниципальные образования Чеченской Республики*</name>
                </oktmo>
                <activity>
                    <okved>
                        <code>80.10.3</code>
                        <name>Дополнительное образование детей</name>
                    </okved>
                    <name>предостваление услуг  среднего (полного) общего образования</name>
                </activity>
                <activity>
                    <okved>
                        <code>80.42</code>
                        <name>Образование для взрослых и прочие виды образования, не включенные в другие группировки</name>
                    </okved>
                    <name>не предоставляется</name>
                </activity>
                <eMail>gsvumvd@mail.ru</eMail>
            </additional>
            <other>
                <chief>
                    <lastName>Лечиев</lastName>
                    <firstName>Руслан</firstName>
                    <middleName>Самовдынович</middleName>
                    <position>Начальник</position>
                </chief>
                <founder>
                    <regNum>0173100000062</regNum>
                    <fullName>Главный центр обеспечения ресурсами Министерства внутренних дел Российской Федерации</fullName>
                </founder>
            </other>
            <document>
                <name>Устав 2009 ДКО  № 4гр</name>
                <date>2009-06-15+04:00</date>
                <url>http://bus.gov.ru/public/download/download.html?id=2815787</url>
                <type>F</type>
            </document>
            <document>
                <name>прилож 001</name>
                <date>2008-08-25+04:00</date>
                <url>http://bus.gov.ru/public/download/download.html?id=2815788</url>
                <type>E</type>
            </document>
            <document>
                <name>прилож 002</name>
                <date>2008-08-15+04:00</date>
                <url>http://bus.gov.ru/public/download/download.html?id=2815789</url>
                <type>S</type>
            </document>
        </ns2:position>
    

    </ns2:body>
    </ns2:institutionInfo>        
        