<?xml version="1.0" encoding="UTF-8" standalone="yes"?>
<ns2:institutionInfo xsi:schemaLocation="http://bus.gov.ru/public/schema/TFF-0.1.3.1/External.xsd" xmlns="http://bus.gov.ru/types/1" xmlns:ns2="http://bus.gov.ru/external/1" xmlns:xsi="http://www.w3.org/2001/XMLSchema-instance" xmlns:ns3="http://bus.gov.ru/fk/1">
    <ns2:body>                        
	<ns2:position xmlns:ns2="http://bus.gov.ru/external/1" xmlns="http://bus.gov.ru/types/1" xmlns:xsi="http://www.w3.org/2001/XMLSchema-instance" xmlns:ns3="http://bus.gov.ru/fk/1">
            <positionId>40df278c-3259-42c9-8042-aeb812cce673</positionId>
            <changeDate>2012-06-01T10:20:26.397+04:00</changeDate>
            <placer>
                <regNum>0815100000019</regNum>
                <fullName>Федеральное казенное учреждение здравоохранения "Медико-санитарная часть Министерства внутренних дел Российской Федерации по Чувашской Республике"</fullName>
                <inn>2128708432</inn>
                <kpp>212801001</kpp>
            </placer>
            <initiator>
                <regNum>0815100000019</regNum>
                <fullName>Федеральное казенное учреждение здравоохранения "Медико-санитарная часть Министерства внутренних дел Российской Федерации по Чувашской Республике"</fullName>
                <inn>2128708432</inn>
                <kpp>212801001</kpp>
            </initiator>
            <versionNumber>1</versionNumber>
            <main>
                <shortName>ФКУЗ "МСЧ МВД России по Чувашской Республике"</shortName>
                <ogrn>1062128189771</ogrn>
                <rbs>
                    <regNum>0115100000025</regNum>
                    <fullName>Министерство внутренних дел по Чувашской Республике</fullName>
                </rbs>
                <grbs>
                    <regNum>0173100000054</regNum>
                    <fullName>Министерство внутренних дел Российской Федерации</fullName>
                </grbs>
                <orgType>08</orgType>
                <classifier>
                    <okfs>
                        <code>12</code>
                        <name>Федеральная собственность</name>
                    </okfs>
                    <okopf>
                        <code>72</code>
                        <name>Бюджетные учреждения</name>
                    </okopf>
                    <okogu>
                        <code>1310500</code>
                        <name>Министерство внутренних дел Российской Федерации</name>
                    </okogu>
                    <okpo>
                        <code>08813369</code>
                    </okpo>
                    <okato>
                        <code>97401000000</code>
                        <name>Чебоксары</name>
                    </okato>
                    <okved>
                        <code>85.11</code>
                        <name>Деятельность лечебных учреждений</name>
                        <type>C</type>
                    </okved>
                </classifier>
                <address>
                    <zip>428000</zip>
                    <subject>
                        <code>21000000000</code>
                        <name>Чувашская - Чувашия Респ</name>
                    </subject>
                    <city>
                        <code>21000001000</code>
                        <name>Чебоксары г</name>
                    </city>
                    <street>
                        <name>Ярославская ул</name>
                    </street>
                    <building>66</building>
                </address>
            </main>
            <additional>
                <institutionType>
                    <code>0509000</code>
                    <name>Медико-санитарная часть, в том числе центральная</name>
                </institutionType>
                <ppo>
                    <code>00000000000</code>
                    <name>Российская Федерация</name>
                    <okato>
                        <code>00000000000</code>
                        <name>Объекты административно-территориального деления, кроме сельских населенных пунктов</name>
                    </okato>
                </ppo>
                <phone>7-8352-620166</phone>
                <www>http://www.msch-mvd.med.cap.ru</www>
                <section>188</section>
                <oktmo>
                    <code>97701000</code>
                    <name>- Город Чебоксары</name>
                </oktmo>
                <activity>
                    <okved>
                        <code>85.11</code>
                        <name>Деятельность лечебных учреждений</name>
                    </okved>
                    <name>осуществление медицинской деятельности, предусматривающей выполнение работ (услуг) по оказанию медицинской помощи пациентам, бесплатное медицинское обеспечение которых возложено на МВД России.</name>
                </activity>
            </additional>
            <other>
                <chief>
                    <lastName>Савастьянов</lastName>
                    <firstName>Сергей</firstName>
                    <middleName>Николаевич</middleName>
                    <position>начальник</position>
                </chief>
                <founder>
                    <regNum>0173100000062</regNum>
                    <fullName>Министерство внутренних дел Российской Федерации</fullName>
                </founder>
            </other>
            <document>
                <name>выписка из приказа 14.07.2011</name>
                <date>2011-07-14+04:00</date>
                <url>http://bus.gov.ru/public/download/download.html?id=3395899</url>
                <type>S</type>
            </document>
            <document>
                <name>Приказ об изменениях в Устав 16.11.2007 №1084</name>
                <date>2007-11-16+03:00</date>
                <url>http://bus.gov.ru/public/download/download.html?id=3395900</url>
                <type>F</type>
            </document>
            <document>
                <name>Приказ об изменениях в Устав 31.05.2011 №519</name>
                <date>2011-05-31+04:00</date>
                <url>http://bus.gov.ru/public/download/download.html?id=3395901</url>
                <type>F</type>
            </document>
            <document>
                <name>Устав 30.12.2005 №1093</name>
                <date>2005-12-30+03:00</date>
                <url>http://bus.gov.ru/public/download/download.html?id=3395902</url>
                <type>F</type>
            </document>
            <document>
                <name>Свидетельство о государственной регистрации 04.04.2006</name>
                <date>2006-04-04+04:00</date>
                <url>http://bus.gov.ru/public/download/download.html?id=3395903</url>
                <type>E</type>
            </document>
            <document>
                <name>Свидетельство о внесении записи в ЕГРЮЛ 12.07.2011</name>
                <date>2011-07-12+04:00</date>
                <url>http://bus.gov.ru/public/download/download.html?id=3395904</url>
                <type>E</type>
            </document>
        </ns2:position>
    
<ns2:position xmlns:ns2="http://bus.gov.ru/external/1" xmlns="http://bus.gov.ru/types/1" xmlns:xsi="http://www.w3.org/2001/XMLSchema-instance" xmlns:ns3="http://bus.gov.ru/fk/1">
            <positionId>252fafed-120d-4ac2-b110-52033073f7e8</positionId>
            <changeDate>2012-09-14T17:40:31.348+04:00</changeDate>
            <placer>
                <regNum>0895100000416</regNum>
                <fullName>Отделение вневедомственной охраны по Ядринскому району - филиал федерального государственного казенного учреждения "Управление вневедомственной охраны Министерства внутренних дел по Чувашской Республике"</fullName>
                <inn>2130107118</inn>
                <kpp>211943001</kpp>
            </placer>
            <initiator>
                <regNum>0895100000416</regNum>
                <fullName>Отделение вневедомственной охраны по Ядринскому району - филиал федерального государственного казенного учреждения "Управление вневедомственной охраны Министерства внутренних дел по Чувашской Республике"</fullName>
                <inn>2130107118</inn>
                <kpp>211943001</kpp>
            </initiator>
            <versionNumber>0</versionNumber>
            <main>
                <shortName>ОВО по Ядринскому району - филиал ФГКУ УВО МВД по Чувашской Республике</shortName>
                <ogrn>1122130009726</ogrn>
                <rbs>
                    <regNum>0895100000306</regNum>
                    <fullName>федеральное государственное казенное учреждение "Управление вневедомственной охраны Министерства внутренних дел по Чувашской Республике"</fullName>
                </rbs>
                <grbs>
                    <regNum>0173100000062</regNum>
                    <fullName>Министерство внутренних дел Российской Федерации</fullName>
                </grbs>
                <orgType>08</orgType>
                <classifier>
                    <okfs>
                        <code>12</code>
                        <name>Федеральная собственность</name>
                    </okfs>
                    <okopf>
                        <code>90</code>
                        <name>Представительства и филиалы</name>
                    </okopf>
                    <okogu>
                        <code>1310500</code>
                        <name>Министерство внутренних дел Российской Федерации</name>
                    </okogu>
                    <okpo>
                        <code>08693847</code>
                    </okpo>
                    <okato>
                        <code>97253501000</code>
                        <name>Ядрин</name>
                    </okato>
                    <okved>
                        <code>75.24.1</code>
                        <name>Деятельность органов внутренних дел</name>
                        <type>C</type>
                    </okved>
                </classifier>
                <address>
                    <zip>429060</zip>
                    <subject>
                        <code>21000000000</code>
                        <name>Чувашская Республика -</name>
                    </subject>
                    <city>
                        <code>21020001000</code>
                        <name>Ядрин</name>
                    </city>
                    <street>
                        <name>Садовая</name>
                    </street>
                    <building>19</building>
                </address>
            </main>
            <additional>
                <institutionType>
                    <code>9900000</code>
                    <name>Прочие</name>
                </institutionType>
                <ppo>
                    <code>00000000000</code>
                    <name>Российская Федерация</name>
                    <okato>
                        <code>00000000000</code>
                        <name>Объекты административно-территориального деления, кроме сельских населенных пунктов</name>
                    </okato>
                    <oktmo>
                        <code>97653101</code>
                        <name>Ядринское</name>
                    </oktmo>
                </ppo>
                <phone>8-83547-22446</phone>
                <section>188</section>
                <oktmo>
                    <code>97653101</code>
                    <name>Ядринское</name>
                </oktmo>
                <activity>
                    <okved>
                        <code>75.24.1</code>
                        <name>Деятельность органов внутренних дел</name>
                    </okved>
                    <name>Деятельность органов внутренних дел</name>
                </activity>
                <eMail>yadr_ovo@chtts.ru</eMail>
            </additional>
            <other>
                <chief>
                    <lastName>Юхтанов</lastName>
                    <firstName>Алексей</firstName>
                    <middleName>Витальевич</middleName>
                    <position>Начальник</position>
                </chief>
                <founder>
                    <regNum>0173100000062</regNum>
                    <fullName>Министерство внутренних дел Российской Федерации</fullName>
                </founder>
            </other>
            <document>
                <name>ПриказНазначениеРуководителя</name>
                <date>2012-08-01+04:00</date>
                <url>http://bus.gov.ru/public/download/download.html?id=5323363</url>
                <type>S</type>
            </document>
            <document>
                <name>Положение</name>
                <date>2012-08-10+04:00</date>
                <url>http://bus.gov.ru/public/download/download.html?id=5324646</url>
                <type>L</type>
            </document>
            <document>
                <name>Приказ_об_учреждении</name>
                <date>2012-07-28+04:00</date>
                <url>http://bus.gov.ru/public/download/download.html?id=5323180</url>
                <type>F</type>
            </document>
            <document>
                <name>Свидетельство_регистрация</name>
                <date>2012-08-09+04:00</date>
                <url>http://bus.gov.ru/public/download/download.html?id=5323261</url>
                <type>E</type>
            </document>
        </ns2:position>
    
<ns2:position xmlns:ns2="http://bus.gov.ru/external/1" xmlns="http://bus.gov.ru/types/1" xmlns:xsi="http://www.w3.org/2001/XMLSchema-instance" xmlns:ns3="http://bus.gov.ru/fk/1">
            <positionId>7f9fc623-0344-4a85-ba91-5c2f647894c2</positionId>
            <changeDate>2012-09-19T16:07:25.044+04:00</changeDate>
            <placer>
                <regNum>0895100000412</regNum>
                <fullName>Алатырское отделение вневедомственной  охраны - филиал федерального государственного казенного учреждения "Управление вневедомственной охраны Министерства внутренних дел по Чувашской Республике"</fullName>
                <inn>2130107118</inn>
                <kpp>212243001</kpp>
            </placer>
            <initiator>
                <regNum>0895100000412</regNum>
                <fullName>Алатырское отделение вневедомственной  охраны - филиал федерального государственного казенного учреждения "Управление вневедомственной охраны Министерства внутренних дел по Чувашской Республике"</fullName>
                <inn>2130107118</inn>
                <kpp>212243001</kpp>
            </initiator>
            <versionNumber>0</versionNumber>
            <main>
                <shortName>Алатырское ОВО - филиал ФГКУ УВО МВД по Чувашской Республике</shortName>
                <ogrn>1122130009726</ogrn>
                <rbs>
                    <regNum>0895100000306</regNum>
                    <fullName>федеральное государственное казенное учреждение "Управление вневедомственной охраны Министерства внутренних дел по Чувашской Республике"</fullName>
                </rbs>
                <grbs>
                    <regNum>0173100000062</regNum>
                    <fullName>Министерство внутренних дел Российской Федерации</fullName>
                </grbs>
                <orgType>08</orgType>
                <classifier>
                    <okfs>
                        <code>12</code>
                        <name>Федеральная собственность</name>
                    </okfs>
                    <okopf>
                        <code>90</code>
                        <name>Представительства и филиалы</name>
                    </okopf>
                    <okogu>
                        <code>1310500</code>
                        <name>Министерство внутренних дел Российской Федерации</name>
                    </okogu>
                    <okpo>
                        <code>08693824</code>
                    </okpo>
                    <okato>
                        <code>97404000000</code>
                        <name>Алатырь</name>
                    </okato>
                    <okved>
                        <code>75.24.1</code>
                        <name>Деятельность органов внутренних дел</name>
                        <type>C</type>
                    </okved>
                </classifier>
                <address>
                    <zip>429828</zip>
                    <subject>
                        <code>21000000000</code>
                        <name>Чувашская Республика -</name>
                    </subject>
                    <city>
                        <code>21000022000</code>
                        <name>Алатырь</name>
                    </city>
                    <street>
                        <name>Кирова</name>
                    </street>
                    <building>73</building>
                </address>
            </main>
            <additional>
                <institutionType>
                    <code>0900000</code>
                    <name>Национальная оборона</name>
                </institutionType>
                <ppo>
                    <code>00000000000</code>
                    <name>Российская Федерация</name>
                    <okato>
                        <code>00000000000</code>
                        <name>Объекты административно-территориального деления, кроме сельских населенных пунктов</name>
                    </okato>
                    <oktmo>
                        <code>97704000</code>
                        <name>Город Алатырь</name>
                    </oktmo>
                </ppo>
                <phone>7-83531-22025</phone>
                <section>188</section>
                <oktmo>
                    <code>97704000</code>
                    <name>Город Алатырь</name>
                </oktmo>
                <activity>
                    <okved>
                        <code>75.24.1</code>
                        <name>Деятельность органов внутренних дел</name>
                    </okved>
                    <name>Деятельность органов внутренних дел</name>
                </activity>
                <eMail>alat_ovo@mail.ru</eMail>
            </additional>
            <other>
                <chief>
                    <lastName>Гаранин</lastName>
                    <firstName>Сергей</firstName>
                    <middleName>Валентинович</middleName>
                    <position>Начальник</position>
                </chief>
                <founder>
                    <regNum>0173100000062</regNum>
                    <fullName>Министерство внутренних дел Российской Федерации</fullName>
                </founder>
            </other>
            <document>
                <name>Приказ на начальника</name>
                <date>2012-09-19+04:00</date>
                <url>http://bus.gov.ru/public/download/download.html?id=5375355</url>
                <type>S</type>
            </document>
            <document>
                <name>Приказ о создании</name>
                <date>2012-09-19+04:00</date>
                <url>http://bus.gov.ru/public/download/download.html?id=5375289</url>
            </document>
            <document>
                <name>Положение</name>
                <date>2012-09-19+04:00</date>
                <url>http://bus.gov.ru/public/download/download.html?id=5375004</url>
                <type>F</type>
            </document>
            <document>
                <name>Уведомление</name>
                <date>2012-09-19+04:00</date>
                <url>http://bus.gov.ru/public/download/download.html?id=5375255</url>
                <type>E</type>
            </document>
        </ns2:position>
    
<ns2:position xmlns:ns2="http://bus.gov.ru/external/1" xmlns="http://bus.gov.ru/types/1" xmlns:xsi="http://www.w3.org/2001/XMLSchema-instance" xmlns:ns3="http://bus.gov.ru/fk/1">
            <positionId>78fe5ad3-1c19-4ab7-9a99-b195380e6952</positionId>
            <changeDate>2012-10-17T14:29:31.262+04:00</changeDate>
            <placer>
                <regNum>0895100000306</regNum>
                <fullName>федеральное государственное казенное учреждение "Управление вневедомственной охраны Министерства внутренних дел по Чувашской Республике"</fullName>
                <inn>2130107118</inn>
                <kpp>213001001</kpp>
            </placer>
            <initiator>
                <regNum>0895100000306</regNum>
                <fullName>федеральное государственное казенное учреждение "Управление вневедомственной охраны Министерства внутренних дел по Чувашской Республике"</fullName>
                <inn>2130107118</inn>
                <kpp>213001001</kpp>
            </initiator>
            <versionNumber>1</versionNumber>
            <main>
                <shortName>ФГКУ УВО МВД по Чувашской Республике</shortName>
                <ogrn>1122130009726</ogrn>
                <rbs>
                    <regNum>0115100000025</regNum>
                    <fullName>Министерство внутренних дел по Чувашской Республике</fullName>
                </rbs>
                <grbs>
                    <regNum>0173100000062</regNum>
                    <fullName>Министерство внутренних дел Российской Федерации</fullName>
                </grbs>
                <orgType>08</orgType>
                <classifier>
                    <okfs>
                        <code>12</code>
                        <name>Федеральная собственность</name>
                    </okfs>
                    <okopf>
                        <code>74</code>
                        <name>Казенные учреждения</name>
                    </okopf>
                    <okogu>
                        <code>1310500</code>
                        <name>Министерство внутренних дел Российской Федерации</name>
                    </okogu>
                    <okpo>
                        <code>13098963</code>
                    </okpo>
                    <okato>
                        <code>97401365000</code>
                        <name>Калининский</name>
                    </okato>
                    <okved>
                        <code>75.24.1</code>
                        <name>Деятельность органов внутренних дел</name>
                        <type>C</type>
                    </okved>
                </classifier>
                <address>
                    <zip>428022</zip>
                    <subject>
                        <code>21000000000</code>
                        <name>Чувашская Республика -</name>
                    </subject>
                    <city>
                        <code>21000001000</code>
                        <name>Чебоксары</name>
                    </city>
                    <street>
                        <name>полковника Валькевича</name>
                    </street>
                    <building>3</building>
                </address>
            </main>
            <additional>
                <institutionType>
                    <code>9900000</code>
                    <name>Прочие</name>
                </institutionType>
                <ppo>
                    <code>00000000000</code>
                    <name>Российская Федерация</name>
                    <okato>
                        <code>00000000000</code>
                        <name>Объекты административно-территориального деления, кроме сельских населенных пунктов</name>
                    </okato>
                    <oktmo>
                        <code>97701000</code>
                        <name>Город Чебоксары</name>
                    </oktmo>
                </ppo>
                <phone>643-8352-573995</phone>
                <www>http://www.mwd-uwo.cap.ru</www>
                <branch>
                    <regNum>0115100000009</regNum>
                    <fullName>Отдел вневедомственной охраны по городу Чебоксары - филиал федерального государственного казенного учреждения "Управление вневедомственной охраны Министерства внутренних дел по Чувашской Республике"</fullName>
                    <type>01</type>
                </branch>
                <branch>
                    <regNum>0895100000412</regNum>
                    <fullName>Алатырское отделение вневедомственной  охраны - филиал федерального государственного казенного учреждения "Управление вневедомственной охраны Министерства внутренних дел по Чувашской Республике"</fullName>
                    <type>01</type>
                </branch>
                <branch>
                    <regNum>0895100000385</regNum>
                    <fullName>Цивильское отделение вневедомственной охраны - филиал федерального государственного казенного учреждения "Управление вневедомственной охраны Министерства внутренних дел по Чувашской Республике"</fullName>
                    <type>01</type>
                </branch>
                <branch>
                    <regNum>0895100000369</regNum>
                    <fullName>Отдел вневедомственной охраны по городу Новочебоксарск - филиал федерального государственного казенного учреждения "Управление вневедомственной охраны Министерства внутренних дел по Чувашской Республике"</fullName>
                    <type>01</type>
                </branch>
                <branch>
                    <regNum>0895100000437</regNum>
                    <fullName>Отдел вневедомственной охраны по городу Канаш - филиал федерального государственного казенного учреждения "Управление вневедомственной охраны Министерства внутренних дел по Чувашской Республике"</fullName>
                    <type>01</type>
                </branch>
                <branch>
                    <regNum>0895100000415</regNum>
                    <fullName>Отделение вневедомственной охраны по Чебоксарскому району - филиал федерального государственного казенного учреждения "Управление вневедомственной охраны Министерства внутренних дел по Чувашской Республике"</fullName>
                    <type>01</type>
                </branch>
                <branch>
                    <regNum>0895100000432</regNum>
                    <fullName>Мариинско-Посадское отделение вневедомственной охраны - филиал федерального государственного казенного учреждения "Управление вневедомственной охраны Министерства внутренних дел по Чувашской Республике"</fullName>
                    <type>01</type>
                </branch>
                <branch>
                    <regNum>0895100000416</regNum>
                    <fullName>Отделение вневедомственной охраны по Ядринскому району - филиал федерального государственного казенного учреждения "Управление вневедомственной охраны Министерства внутренних дел по Чувашской Республике"</fullName>
                    <type>01</type>
                </branch>
                <branch>
                    <regNum>0895100000386</regNum>
                    <fullName>Шумерлинское отделение вневедомственной охраны - филиал федерального государственного казенного учреждения "Управление вневедомственной охраны Министерства внутренних дел по Чувашской Республике"</fullName>
                    <type>01</type>
                </branch>
                <branch>
                    <regNum>0895100000426</regNum>
                    <fullName>Вурнарское отделение вневедомственной охраны - филиал федерального государственного казенного учреждения "Управление вневедомственной охраны Министерства внутренних дел по Чувашской Республике"</fullName>
                    <type>01</type>
                </branch>
                <section>188</section>
                <oktmo>
                    <code>97701000</code>
                    <name>Город Чебоксары</name>
                </oktmo>
                <activity>
                    <okved>
                        <code>75.24.1</code>
                        <name>Деятельность органов внутренних дел</name>
                        <type>C</type>
                    </okved>
                    <name>охранная</name>
                </activity>
                <eMail>ohrana@chuvashia.ru</eMail>
            </additional>
            <other>
                <chief>
                    <lastName>Акреев</lastName>
                    <firstName>Сергей</firstName>
                    <middleName>Кронидович</middleName>
                    <position>начальник</position>
                </chief>
                <founder>
                    <regNum>0173100000062</regNum>
                    <fullName>Министерство внутренних дел Российской Федерации</fullName>
                    <authorities>
                        <formative>true</formative>
                        <stateTask>true</stateTask>
                    </authorities>
                </founder>
            </other>
            <document>
                <name>ПРИКАЗ о назн начальника ФГКУ</name>
                <date>2012-07-28+04:00</date>
                <url>http://bus.gov.ru/public/download/download.html?id=5858606</url>
                <type>S</type>
            </document>
            <document>
                <name>2807пр.705 по реорг.0001</name>
                <date>2012-07-28+04:00</date>
                <url>http://bus.gov.ru/public/download/download.html?id=5858607</url>
                <type>L</type>
            </document>
            <document>
                <name>Устав ФГКУ УВО МВД по Чувашии</name>
                <date>2012-05-05+04:00</date>
                <url>http://bus.gov.ru/public/download/download.html?id=5858608</url>
                <type>F</type>
            </document>
            <document>
                <name>Свидетельство о постановке на учет.ОГРЮЛ</name>
                <date>2012-08-09+04:00</date>
                <url>http://bus.gov.ru/public/download/download.html?id=5858609</url>
                <type>E</type>
            </document>
        </ns2:position>
    
<ns2:position xmlns:ns2="http://bus.gov.ru/external/1" xmlns="http://bus.gov.ru/types/1" xmlns:xsi="http://www.w3.org/2001/XMLSchema-instance" xmlns:ns3="http://bus.gov.ru/fk/1">
            <positionId>107136e8-8704-429b-a14d-f92335b39730</positionId>
            <changeDate>2012-10-18T15:40:23.796+04:00</changeDate>
            <placer>
                <regNum>0895100000369</regNum>
                <fullName>Отдел вневедомственной охраны по городу Новочебоксарск - филиал федерального государственного казенного учреждения "Управление вневедомственной охраны Министерства внутренних дел по Чувашской Республике"</fullName>
                <inn>2130107118</inn>
                <kpp>212443001</kpp>
            </placer>
            <initiator>
                <regNum>0895100000369</regNum>
                <fullName>Отдел вневедомственной охраны по городу Новочебоксарск - филиал федерального государственного казенного учреждения "Управление вневедомственной охраны Министерства внутренних дел по Чувашской Республике"</fullName>
                <inn>2130107118</inn>
                <kpp>212443001</kpp>
            </initiator>
            <versionNumber>0</versionNumber>
            <main>
                <shortName>ОВО по г. Новочебоксарск - филиал ФГКУ УВО МВД по Чувашской Республике</shortName>
                <ogrn>1122130009726</ogrn>
                <rbs>
                    <regNum>0895100000306</regNum>
                    <fullName>федеральное государственное казенное учреждение "Управление вневедомственной охраны Министерства внутренних дел по Чувашской Республике"</fullName>
                </rbs>
                <grbs>
                    <regNum>0173100000062</regNum>
                    <fullName>Министерство внутренних дел Российской Федерации</fullName>
                </grbs>
                <orgType>08</orgType>
                <classifier>
                    <okfs>
                        <code>12</code>
                        <name>Федеральная собственность</name>
                    </okfs>
                    <okopf>
                        <code>90</code>
                        <name>Представительства и филиалы</name>
                    </okopf>
                    <okogu>
                        <code>1310500</code>
                        <name>Министерство внутренних дел Российской Федерации</name>
                    </okogu>
                    <okpo>
                        <code>08693793</code>
                    </okpo>
                    <okato>
                        <code>97410000000</code>
                        <name>Новочебоксарск</name>
                    </okato>
                    <okved>
                        <code>75.24.1</code>
                        <name>Деятельность органов внутренних дел</name>
                        <type>C</type>
                    </okved>
                </classifier>
                <address>
                    <zip>429950</zip>
                    <subject>
                        <code>21000000000</code>
                        <name>Чувашская Республика</name>
                    </subject>
                    <city>
                        <code>21000024000</code>
                        <name>Новочебоксарск</name>
                    </city>
                    <street>
                        <name>Солнечная</name>
                    </street>
                    <building>2</building>
                </address>
            </main>
            <additional>
                <institutionType>
                    <code>9900000</code>
                    <name>Прочие</name>
                </institutionType>
                <ppo>
                    <code>00000000000</code>
                    <name>Российская Федерация</name>
                    <okato>
                        <code>00000000000</code>
                        <name>Объекты административно-территориального деления, кроме сельских населенных пунктов</name>
                    </okato>
                </ppo>
                <phone>7-8352-738130</phone>
                <branchInfo>
                    <type>01</type>
                    <headOffice>
                        <regNum>0895100000306</regNum>
                        <fullName>федеральное государственное казенное учреждение "Управление вневедомственной охраны Министерства внутренних дел по Чувашской Республике"</fullName>
                    </headOffice>
                </branchInfo>
                <section>188</section>
                <oktmo>
                    <code>97710000</code>
                    <name>Город Новочебоксарск</name>
                </oktmo>
                <activity>
                    <okved>
                        <code>75.24.1</code>
                        <name>Деятельность органов внутренних дел</name>
                        <type>C</type>
                    </okved>
                    <name>деятельность органов внутренних дел</name>
                </activity>
                <eMail>nov_ovo@chtts.ru</eMail>
            </additional>
            <other>
                <chief>
                    <lastName>Тихонов</lastName>
                    <firstName>Евгений</firstName>
                    <middleName>Владимирович</middleName>
                    <position>Начальник</position>
                </chief>
                <founder>
                    <regNum>0173100000062</regNum>
                    <fullName>Министерство внутренних дел Российской Федерации</fullName>
                </founder>
            </other>
            <document>
                <name>приказ на руководителя</name>
                <date>2012-08-01+04:00</date>
                <url>http://bus.gov.ru/public/download/download.html?id=5890218</url>
                <type>S</type>
            </document>
            <document>
                <name>приказ о Положении</name>
                <date>2012-08-10+04:00</date>
                <url>http://bus.gov.ru/public/download/download.html?id=5892821</url>
                <type>F</type>
            </document>
            <document>
                <name>КПП</name>
                <date>2012-08-10+04:00</date>
                <url>http://bus.gov.ru/public/download/download.html?id=5892766</url>
                <type>E</type>
            </document>
        </ns2:position>
    
<ns2:position xmlns:ns2="http://bus.gov.ru/external/1" xmlns="http://bus.gov.ru/types/1" xmlns:xsi="http://www.w3.org/2001/XMLSchema-instance" xmlns:ns3="http://bus.gov.ru/fk/1">
            <positionId>6e1afeb8-94ce-43e4-be0c-159218587411</positionId>
            <changeDate>2012-11-12T14:25:16.017+04:00</changeDate>
            <placer>
                <regNum>0895100000426</regNum>
                <fullName>Вурнарское отделение вневедомственной охраны - филиал федерального государственного казенного учреждения "Управление вневедомственной охраны Министерства внутренних дел по Чувашской Республике"</fullName>
                <inn>2130107118</inn>
                <kpp>210443001</kpp>
            </placer>
            <initiator>
                <regNum>0895100000426</regNum>
                <fullName>Вурнарское отделение вневедомственной охраны - филиал федерального государственного казенного учреждения "Управление вневедомственной охраны Министерства внутренних дел по Чувашской Республике"</fullName>
                <inn>2130107118</inn>
                <kpp>210443001</kpp>
            </initiator>
            <versionNumber>0</versionNumber>
            <main>
                <shortName>Вурнарское ОВО - филиал ФГКУ УВО МВД по Чувашской Республике</shortName>
                <ogrn>1122130009726</ogrn>
                <rbs>
                    <regNum>0895100000306</regNum>
                    <fullName>федеральное государственное казенное учреждение "Управление вневедомственной охраны Министерства внутренних дел по Чувашской Республике"</fullName>
                </rbs>
                <grbs>
                    <regNum>0173100000062</regNum>
                    <fullName>Министерство внутренних дел Российской Федерации</fullName>
                </grbs>
                <orgType>08</orgType>
                <classifier>
                    <okfs>
                        <code>12</code>
                        <name>Федеральная собственность</name>
                    </okfs>
                    <okopf>
                        <code>90</code>
                        <name>Представительства и филиалы</name>
                    </okopf>
                    <okogu>
                        <code>1310500</code>
                        <name>Министерство внутренних дел Российской Федерации</name>
                    </okogu>
                    <okpo>
                        <code>08693830</code>
                    </okpo>
                    <okato>
                        <code>97210551000</code>
                        <name>Вурнары</name>
                    </okato>
                    <okved>
                        <code>75.24.1</code>
                        <name>Деятельность органов внутренних дел</name>
                        <type>C</type>
                    </okved>
                </classifier>
                <address>
                    <zip>429220</zip>
                    <subject>
                        <code>21000000000</code>
                        <name>Чувашская Республика -</name>
                    </subject>
                    <region>
                        <code>21005000000</code>
                        <name>Вурнарский</name>
                    </region>
                    <locality>
                        <code>21005000001</code>
                        <name>Вурнары</name>
                    </locality>
                    <street>
                        <name>Советская</name>
                    </street>
                    <building>23а</building>
                </address>
            </main>
            <additional>
                <institutionType>
                    <code>9900000</code>
                    <name>Прочие</name>
                </institutionType>
                <ppo>
                    <code>00000000000</code>
                    <name>Российская Федерация</name>
                    <okato>
                        <code>00000000000</code>
                        <name>Объекты административно-территориального деления, кроме сельских населенных пунктов</name>
                    </okato>
                    <oktmo>
                        <code>97610151</code>
                        <name>Вурнарское</name>
                    </oktmo>
                </ppo>
                <phone>8-83537-26839-27492</phone>
                <branchInfo>
                    <type>01</type>
                    <headOffice>
                        <regNum>0895100000306</regNum>
                        <fullName>федеральное государственное казенное учреждение "Управление вневедомственной охраны Министерства внутренних дел по Чувашской Республике"</fullName>
                    </headOffice>
                </branchInfo>
                <section>188</section>
                <oktmo>
                    <code>97701000</code>
                    <name>Город Чебоксары</name>
                </oktmo>
                <activity>
                    <okved>
                        <code>75.24.1</code>
                        <name>Деятельность органов внутренних дел</name>
                        <type>C</type>
                    </okved>
                    <name>деятельность органов внутренних дел</name>
                </activity>
                <eMail>vur_obo2@cbx.ru</eMail>
            </additional>
            <other>
                <chief>
                    <lastName>Куракин </lastName>
                    <firstName>Павел</firstName>
                    <middleName>Николаевич</middleName>
                    <position>начальник</position>
                </chief>
                <founder>
                    <regNum>0173100000062</regNum>
                    <fullName>Министерство внутренних дел Российской Федерации</fullName>
                </founder>
            </other>
            <document>
                <name>Приказ о назначении начальника</name>
                <date>2012-08-01+04:00</date>
                <url>http://bus.gov.ru/public/download/download.html?id=6405905</url>
                <type>S</type>
            </document>
            <document>
                <name>Положение</name>
                <date>2012-08-10+04:00</date>
                <url>http://bus.gov.ru/public/download/download.html?id=6256551</url>
                <type>L</type>
            </document>
            <document>
                <name>Приказ о реорганизации</name>
                <date>2012-07-28+04:00</date>
                <url>http://bus.gov.ru/public/download/download.html?id=6261703</url>
                <type>F</type>
            </document>
            <document>
                <name>Уведомление о постановке на учет в налоговой</name>
                <date>2012-08-14+04:00</date>
                <url>http://bus.gov.ru/public/download/download.html?id=6257142</url>
                <type>E</type>
            </document>
        </ns2:position>
    

    </ns2:body>
    </ns2:institutionInfo>        
        