<?xml version="1.0" encoding="UTF-8" standalone="yes"?>
<ns2:institutionInfo xsi:schemaLocation="http://bus.gov.ru/public/schema/TFF-0.1.3.1/External.xsd" xmlns="http://bus.gov.ru/types/1" xmlns:ns2="http://bus.gov.ru/external/1" xmlns:xsi="http://www.w3.org/2001/XMLSchema-instance" xmlns:ns3="http://bus.gov.ru/fk/1">
    <ns2:body>                        
	<ns2:position xmlns:ns2="http://bus.gov.ru/external/1" xmlns="http://bus.gov.ru/types/1" xmlns:xsi="http://www.w3.org/2001/XMLSchema-instance" xmlns:ns3="http://bus.gov.ru/fk/1">
            <positionId>772aa8ff-4df2-4c8e-a90c-754e065cd88d</positionId>
            <changeDate>2012-04-09T13:08:05.144+04:00</changeDate>
            <placer>
                <regNum>0117100000025</regNum>
                <fullName>Войсковая часть 5428</fullName>
                <inn>2223011063</inn>
                <kpp>222301001</kpp>
            </placer>
            <initiator>
                <regNum>0117100000025</regNum>
                <fullName>Войсковая часть 5428</fullName>
                <inn>2223011063</inn>
                <kpp>222301001</kpp>
            </initiator>
            <versionNumber>0</versionNumber>
            <main>
                <ogrn>1022201388406</ogrn>
                <rbs>
                    <regNum>0317100000085</regNum>
                    <fullName>Войсковая часть 6515</fullName>
                </rbs>
                <grbs>
                    <regNum>0173100000054</regNum>
                    <fullName>Министерство внутренних дел Российской Федерации</fullName>
                </grbs>
                <orgType>08</orgType>
                <classifier>
                    <okfs>
                        <code>12</code>
                        <name>Федеральная собственность</name>
                    </okfs>
                    <okopf>
                        <code>72</code>
                        <name>Бюджетные учреждения</name>
                    </okopf>
                    <okogu>
                        <code>1310500</code>
                        <name>Министерство внутренних дел Российской Федерации</name>
                    </okogu>
                    <okpo>
                        <code>08608758</code>
                    </okpo>
                    <okato>
                        <code>01401000000</code>
                        <name>Барнаул</name>
                    </okato>
                    <okved>
                        <code>75.22</code>
                        <name>Деятельность, связанная с обеспечением военной безопасности</name>
                        <type>C</type>
                    </okved>
                    <okved>
                        <code>75.24.1</code>
                        <name>Деятельность органов внутренних дел</name>
                        <type>C</type>
                    </okved>
                </classifier>
                <address>
                    <zip>656023</zip>
                    <subject>
                        <code>22000000000</code>
                        <name>Алтайский край</name>
                    </subject>
                    <city>
                        <code>22000001000</code>
                        <name>Барнаул г</name>
                    </city>
                    <street>
                        <name>Западная 10-я ул</name>
                    </street>
                    <building>7</building>
                </address>
            </main>
            <additional>
                <institutionType>
                    <code>0907000</code>
                    <name>Воинская часть</name>
                </institutionType>
                <ppo>
                    <code>00000000000</code>
                    <name>Российская Федерация</name>
                    <okato>
                        <code>00000000000</code>
                        <name>Объекты административно-территориального деления, кроме сельских населенных пунктов</name>
                    </okato>
                    <oktmo>
                        <code>01701000</code>
                        <name> город Барнаул</name>
                    </oktmo>
                </ppo>
                <phone>8-3852-342820</phone>
                <section>188</section>
                <oktmo>
                    <code>01701000</code>
                    <name> город Барнаул</name>
                </oktmo>
                <activity>
                    <okved>
                        <code>75.22</code>
                        <name>Деятельность, связанная с обеспечением военной безопасности</name>
                    </okved>
                    <name>Деятельность, связанная с обеспечением военной безопасности</name>
                </activity>
                <activity>
                    <okved>
                        <code>75.24.1</code>
                        <name>Деятельность органов внутренних дел</name>
                    </okved>
                    <name>Деятельность органов внутренних дел</name>
                </activity>
            </additional>
            <other>
                <chief>
                    <lastName>ТРОЯН</lastName>
                    <firstName>АЛЕКСЕЙ</firstName>
                    <middleName>СЕРГЕЕВИЧ</middleName>
                    <position>Командир воинской части</position>
                </chief>
                <founder>
                    <regNum>0173100000053</regNum>
                    <fullName>Министерство финансов Российской Федерации</fullName>
                </founder>
            </other>
            <document>
                <name>Выписка из приказа о назначении командира части</name>
                <date>2011-10-31+04:00</date>
                <url>http://bus.gov.ru/public/download/download.html?id=2250588</url>
                <type>S</type>
            </document>
            <document>
                <name>Приказ об утверджении общего положения № 884</name>
                <date>2003-11-26+03:00</date>
                <url>http://bus.gov.ru/public/download/download.html?id=2251555</url>
                <type>F</type>
            </document>
            <document>
                <name>Свидетельство о постановке на учет в  нагалоговом органе</name>
                <date>1993-02-16+03:00</date>
                <url>http://bus.gov.ru/public/download/download.html?id=2251616</url>
                <type>F</type>
            </document>
            <document>
                <name>Выписка из ЕГРЮЛ</name>
                <date>2012-01-31+04:00</date>
                <url>http://bus.gov.ru/public/download/download.html?id=2250672</url>
                <type>F</type>
            </document>
            <document>
                <name>Свидетельство ЕГРЮЛ</name>
                <date>2012-01-31+04:00</date>
                <url>http://bus.gov.ru/public/download/download.html?id=2250787</url>
                <type>E</type>
            </document>
        </ns2:position>
    
<ns2:position xmlns:ns2="http://bus.gov.ru/external/1" xmlns="http://bus.gov.ru/types/1" xmlns:xsi="http://www.w3.org/2001/XMLSchema-instance" xmlns:ns3="http://bus.gov.ru/fk/1">
            <positionId>361e9f79-060e-4708-9fbd-b15f7ff815b7</positionId>
            <changeDate>2012-04-16T12:56:03.875+04:00</changeDate>
            <placer>
                <regNum>0817100000017</regNum>
                <fullName>федеральное государственное казенное образовательное учреждение высшего профессионального образования "Барнаульский юридический институт Министерства внутренних дел Российской Федерации"</fullName>
                <inn>2223014970</inn>
                <kpp>222501001</kpp>
            </placer>
            <initiator>
                <regNum>0817100000017</regNum>
                <fullName>федеральное государственное казенное образовательное учреждение высшего профессионального образования "Барнаульский юридический институт Министерства внутренних дел Российской Федерации"</fullName>
                <inn>2223014970</inn>
                <kpp>222501001</kpp>
            </initiator>
            <versionNumber>0</versionNumber>
            <main>
                <shortName>Барнаульский юридический институт МВД России; БЮИ МВД России</shortName>
                <ogrn>1022201759678</ogrn>
                <rbs>
                    <regNum>0173100000054</regNum>
                    <fullName>Министерство внутренних дел Российской Федерации</fullName>
                </rbs>
                <grbs>
                    <regNum>0173100000054</regNum>
                    <fullName>Министерство внутренних дел Российской Федерации</fullName>
                </grbs>
                <orgType>08</orgType>
                <classifier>
                    <okfs>
                        <code>12</code>
                        <name>Федеральная собственность</name>
                    </okfs>
                    <okopf>
                        <code>72</code>
                        <name>Бюджетные учреждения</name>
                    </okopf>
                    <okogu>
                        <code>1310500</code>
                        <name>Министерство внутренних дел Российской Федерации</name>
                    </okogu>
                    <okpo>
                        <code>08571239</code>
                    </okpo>
                    <okato>
                        <code>01401000000</code>
                        <name>Барнаул</name>
                    </okato>
                    <okved>
                        <code>80.30.4</code>
                        <name>Обучение на подготовительных курсах для поступления в учебные заведения высшего профессионального образования</name>
                        <type>O</type>
                    </okved>
                    <okved>
                        <code>80.30.3</code>
                        <name>Обучение в образовательных учреждениях дополнительного профессионального образования (повышения квалификации) для специалистов, имеющих высшее профессиональное образование</name>
                        <type>O</type>
                    </okved>
                    <okved>
                        <code>80.41.1</code>
                        <name>Обучение водителей автотранспортных средств</name>
                        <type>O</type>
                    </okved>
                    <okved>
                        <code>22.22</code>
                        <name>Полиграфическая деятельность, не включенная в другие группировки</name>
                        <type>O</type>
                    </okved>
                    <okved>
                        <code>80.42</code>
                        <name>Образование для взрослых и прочие виды образования, не включенные в другие группировки</name>
                        <type>O</type>
                    </okved>
                    <okved>
                        <code>80.30.2</code>
                        <name>Послевузовское профессиональное образование</name>
                        <type>O</type>
                    </okved>
                    <okved>
                        <code>80.30.1</code>
                        <name>Обучение в образовательных учреждениях высшего профессионального образования (университетах, академиях, институтах и в др,)</name>
                        <type>C</type>
                    </okved>
                </classifier>
                <address>
                    <zip>656038</zip>
                    <subject>
                        <code>22000000000</code>
                        <name>Алтайский край</name>
                    </subject>
                    <city>
                        <code>22000001000</code>
                        <name>Барнаул г</name>
                    </city>
                    <street>
                        <name>Чкалова ул</name>
                    </street>
                    <building>49</building>
                </address>
            </main>
            <additional>
                <institutionType>
                    <code>1000000</code>
                    <name>Образование</name>
                </institutionType>
                <ppo>
                    <code>00000000000</code>
                    <name>Российская Федерация</name>
                    <okato>
                        <code>00000000000</code>
                        <name>Объекты административно-территориального деления, кроме сельских населенных пунктов</name>
                    </okato>
                    <oktmo>
                        <code>01701000</code>
                        <name> город Барнаул</name>
                    </oktmo>
                </ppo>
                <phone>8-3852-370106</phone>
                <www>http://www.buimvd.ru</www>
                <section>188</section>
                <oktmo>
                    <code>01701000</code>
                    <name> город Барнаул</name>
                </oktmo>
                <activity>
                    <okved>
                        <code>80.30.4</code>
                        <name>Обучение на подготовительных курсах для поступления в учебные заведения высшего профессионального образования</name>
                    </okved>
                    <name>Обучение на подготовительных курсах для поступления в учебные заведения высшего профессионального образования</name>
                </activity>
                <activity>
                    <okved>
                        <code>80.30.3</code>
                        <name>Обучение в образовательных учреждениях дополнительного профессионального образования (повышения квалификации) для специалистов, имеющих высшее профессиональное образование</name>
                    </okved>
                    <name>Обучение в образовательных учреждениях дополнительного профессионального образования (повышения квалификации) для специалистов, имеющих высшее профессиональное образование</name>
                </activity>
                <activity>
                    <okved>
                        <code>80.41.1</code>
                        <name>Обучение водителей автотранспортных средств</name>
                    </okved>
                    <name>Обучение водителей автотранспортных средств</name>
                </activity>
                <activity>
                    <okved>
                        <code>22.22</code>
                        <name>Полиграфическая деятельность, не включенная в другие группировки</name>
                    </okved>
                    <name>Полиграфическая деятельность, не включенная в другие группировки</name>
                </activity>
                <activity>
                    <okved>
                        <code>80.42</code>
                        <name>Образование для взрослых и прочие виды образования, не включенные в другие группировки</name>
                    </okved>
                    <name>Образование для взрослых и прочие виды образования, не включенные в другие группировки</name>
                </activity>
                <activity>
                    <okved>
                        <code>80.30.2</code>
                        <name>Послевузовское профессиональное образование</name>
                    </okved>
                    <name>Послевузовское профессиональное образование</name>
                </activity>
                <activity>
                    <okved>
                        <code>80.30.1</code>
                        <name>Обучение в образовательных учреждениях высшего профессионального образования (университетах, академиях, институтах и в др,)</name>
                    </okved>
                    <name>Высшее профессиональное образование</name>
                </activity>
                <eMail>info@buimvd.ru</eMail>
            </additional>
            <other>
                <chief>
                    <lastName>АНДРЕЕВ</lastName>
                    <firstName>АЛЕКСАНДР</firstName>
                    <middleName>АЛЕКСАНДРОВИЧ</middleName>
                    <position>начальник института</position>
                </chief>
                <founder>
                    <regNum>0173100000062</regNum>
                    <fullName>Министерство внутренних дел Российской Федерации</fullName>
                </founder>
            </other>
            <document>
                <name>Приказ о назначении на должность</name>
                <date>2011-07-06+04:00</date>
                <url>http://bus.gov.ru/public/download/download.html?id=2279275</url>
                <type>S</type>
            </document>
            <document>
                <name>Свидетельство</name>
                <date>2011-08-15+04:00</date>
                <url>http://bus.gov.ru/public/download/download.html?id=2537814</url>
                <type>E</type>
            </document>
            <document>
                <name>Устав института 2009</name>
                <date>2009-07-15+04:00</date>
                <url>http://bus.gov.ru/public/download/download.html?id=2537700</url>
                <type>F</type>
            </document>
        </ns2:position>
    
<ns2:position xmlns:ns2="http://bus.gov.ru/external/1" xmlns="http://bus.gov.ru/types/1" xmlns:xsi="http://www.w3.org/2001/XMLSchema-instance" xmlns:ns3="http://bus.gov.ru/fk/1">
            <positionId>576dd769-8015-4a17-840b-2fc6e86c1336</positionId>
            <changeDate>2012-04-19T06:46:47.440+04:00</changeDate>
            <placer>
                <regNum>0317100000052</regNum>
                <fullName>Войсковая часть 6720</fullName>
                <inn>2209016782</inn>
                <kpp>220901001</kpp>
            </placer>
            <initiator>
                <regNum>0317100000052</regNum>
                <fullName>Войсковая часть 6720</fullName>
                <inn>2209016782</inn>
                <kpp>220901001</kpp>
            </initiator>
            <versionNumber>0</versionNumber>
            <main>
                <ogrn>1022200812920</ogrn>
                <rbs>
                    <regNum>0317100000085</regNum>
                    <fullName>Войсковая часть 6515</fullName>
                </rbs>
                <grbs>
                    <regNum>0173100000054</regNum>
                    <fullName>Министерство внутренних дел Российской Федерации</fullName>
                </grbs>
                <orgType>08</orgType>
                <classifier>
                    <okfs>
                        <code>12</code>
                        <name>Федеральная собственность</name>
                    </okfs>
                    <okopf>
                        <code>72</code>
                        <name>Бюджетные учреждения</name>
                    </okopf>
                    <okogu>
                        <code>1310500</code>
                        <name>Министерство внутренних дел Российской Федерации</name>
                    </okogu>
                    <okpo>
                        <code>08608741</code>
                    </okpo>
                    <okato>
                        <code>01416000000</code>
                        <name>Рубцовск</name>
                    </okato>
                    <okved>
                        <code>75.22</code>
                        <name>Деятельность, связанная с обеспечением военной безопасности</name>
                        <type>C</type>
                    </okved>
                </classifier>
                <address>
                    <zip>658208</zip>
                    <subject>
                        <code>22000000000</code>
                        <name>Алтайский край</name>
                    </subject>
                    <city>
                        <code>22000009000</code>
                        <name>Рубцовск г</name>
                    </city>
                    <street>
                        <name>Багратиона ул</name>
                    </street>
                    <building>9</building>
                </address>
            </main>
            <additional>
                <institutionType>
                    <code>0900000</code>
                    <name>Национальная оборона</name>
                </institutionType>
                <ppo>
                    <code>00000000000</code>
                    <name>Российская Федерация</name>
                    <okato>
                        <code>00000000000</code>
                        <name>Объекты административно-территориального деления, кроме сельских населенных пунктов</name>
                    </okato>
                    <oktmo>
                        <code>01716000</code>
                        <name> город Рубцовск</name>
                    </oktmo>
                </ppo>
                <phone>7-38557-63444</phone>
                <section>188</section>
                <oktmo>
                    <code>01716000</code>
                    <name> город Рубцовск</name>
                </oktmo>
                <activity>
                    <okved>
                        <code>75.22</code>
                        <name>Деятельность, связанная с обеспечением военной безопасности</name>
                    </okved>
                    <name>75.22 - Деятельность, связанная с обеспечением военной безопасности </name>
                </activity>
            </additional>
            <other>
                <chief>
                    <lastName>Лютин</lastName>
                    <firstName>Александр</firstName>
                    <middleName>Владимирович</middleName>
                    <position>командир полка</position>
                </chief>
                <founder>
                    <regNum>0173100000062</regNum>
                    <fullName>Министерство внутренних дел Российской Федерации</fullName>
                </founder>
            </other>
            <document>
                <name>Выписка из ЕГРЮЛ</name>
                <date>2012-04-19+04:00</date>
                <url>http://bus.gov.ru/public/download/download.html?id=2650518</url>
                <type>F</type>
            </document>
            <document>
                <name>Приказ об утверджении общего положения № 884</name>
                <date>2012-04-19+04:00</date>
                <url>http://bus.gov.ru/public/download/download.html?id=2650422</url>
                <type>L</type>
            </document>
            <document>
                <name>ОГРН</name>
                <date>2012-04-19+04:00</date>
                <url>http://bus.gov.ru/public/download/download.html?id=2650545</url>
                <type>O</type>
            </document>
            <document>
                <name>Приказ на назначение командира</name>
                <date>2012-04-19+04:00</date>
                <url>http://bus.gov.ru/public/download/download.html?id=2650441</url>
                <type>S</type>
            </document>
            <document>
                <name>ИНН-КПП</name>
                <date>2012-04-19+04:00</date>
                <url>http://bus.gov.ru/public/download/download.html?id=2650448</url>
                <type>E</type>
            </document>
        </ns2:position>
    
<ns2:position xmlns:ns2="http://bus.gov.ru/external/1" xmlns="http://bus.gov.ru/types/1" xmlns:xsi="http://www.w3.org/2001/XMLSchema-instance" xmlns:ns3="http://bus.gov.ru/fk/1">
            <positionId>17849d85-ef2d-4288-b3af-8307575aba3c</positionId>
            <changeDate>2012-05-23T09:47:34.600+04:00</changeDate>
            <placer>
                <regNum>0317100000085</regNum>
                <fullName>Войсковая часть 6515</fullName>
                <inn>2225029637</inn>
                <kpp>222501001</kpp>
            </placer>
            <initiator>
                <regNum>0317100000085</regNum>
                <fullName>Войсковая часть 6515</fullName>
                <inn>2225029637</inn>
                <kpp>222501001</kpp>
            </initiator>
            <versionNumber>0</versionNumber>
            <main>
                <ogrn>1022201771008</ogrn>
                <rbs>
                    <regNum>0351100000052</regNum>
                    <fullName>управление Сибирского регионального командования внутренних войск МВД России</fullName>
                </rbs>
                <grbs>
                    <regNum>0173100000054</regNum>
                    <fullName>Министерство внутренних дел Российской Федерации</fullName>
                </grbs>
                <orgType>08</orgType>
                <classifier>
                    <okfs>
                        <code>12</code>
                        <name>Федеральная собственность</name>
                    </okfs>
                    <okopf>
                        <code>72</code>
                        <name>Бюджетные учреждения</name>
                    </okopf>
                    <okogu>
                        <code>1310500</code>
                        <name>Министерство внутренних дел Российской Федерации</name>
                    </okogu>
                    <okpo>
                        <code>08608735</code>
                    </okpo>
                    <okato>
                        <code>01401000000</code>
                        <name>Барнаул</name>
                    </okato>
                    <okved>
                        <code>75.24.1</code>
                        <name>Деятельность органов внутренних дел</name>
                        <type>C</type>
                    </okved>
                </classifier>
                <address>
                    <zip>656021</zip>
                    <subject>
                        <code>22000000000</code>
                        <name>Алтайский край</name>
                    </subject>
                    <city>
                        <code>22000001000</code>
                        <name>Барнаул г</name>
                    </city>
                    <street>
                        <code>220000010000282</code>
                        <name>Канатный пр</name>
                    </street>
                    <building>43 А</building>
                </address>
            </main>
            <additional>
                <institutionType>
                    <code>0900000</code>
                    <name>Национальная оборона</name>
                </institutionType>
                <ppo>
                    <code>00000000000</code>
                    <name>Российская Федерация</name>
                    <okato>
                        <code>00000000000</code>
                        <name>Объекты административно-территориального деления, кроме сельских населенных пунктов</name>
                    </okato>
                    <oktmo>
                        <code>01701000</code>
                        <name> город Барнаул</name>
                    </oktmo>
                </ppo>
                <phone>7-3852-200181</phone>
                <section>188</section>
                <oktmo>
                    <code>01701000</code>
                    <name> город Барнаул</name>
                </oktmo>
                <activity>
                    <okved>
                        <code>75.24.1</code>
                        <name>Деятельность органов внутренних дел</name>
                    </okved>
                    <name>деятельность органов внутренних дел</name>
                </activity>
                <eMail>radchenko22@mail.ru</eMail>
            </additional>
            <other>
                <chief>
                    <lastName>Коршунов</lastName>
                    <firstName>Олег</firstName>
                    <middleName>Владимирович</middleName>
                    <position>Командир Войсковой части 6515</position>
                </chief>
                <founder>
                    <regNum>0173100000062</regNum>
                    <fullName>Министерство внутренних дел Российской Федерации</fullName>
                </founder>
            </other>
            <document>
                <name>КБр</name>
                <date>2007-09-14+04:00</date>
                <url>http://bus.gov.ru/public/download/download.html?id=3525883</url>
                <type>S</type>
            </document>
            <document>
                <name>Зарегистрировано в Минюсте РФ 26 ноября 2003 г</name>
                <date>1979-04-23+03:00</date>
                <url>http://bus.gov.ru/public/download/download.html?id=3526356</url>
            </document>
            <document>
                <name>Приказ МВД РФ от 15 ноября 2003 г. N 884 'Об утверждении Общего поло</name>
                <date>2003-11-15+03:00</date>
                <url>http://bus.gov.ru/public/download/download.html?id=3525218</url>
                <type>F</type>
            </document>
            <document>
                <name>свидетельство о пост. в налоговую</name>
                <date>1995-09-27+03:00</date>
                <url>http://bus.gov.ru/public/download/download.html?id=3525648</url>
                <type>O</type>
            </document>
            <document>
                <name>выписка 2</name>
                <date>2011-04-08+04:00</date>
                <url>http://bus.gov.ru/public/download/download.html?id=3525501</url>
                <type>E</type>
            </document>
            <document>
                <name>свидет.ЕГРЮ</name>
                <date>2011-04-08+04:00</date>
                <url>http://bus.gov.ru/public/download/download.html?id=3525251</url>
                <type>E</type>
            </document>
            <document>
                <name>выписка</name>
                <date>2011-04-08+04:00</date>
                <url>http://bus.gov.ru/public/download/download.html?id=3525381</url>
                <type>E</type>
            </document>
            <document>
                <name>выписка 1</name>
                <date>2011-04-08+04:00</date>
                <url>http://bus.gov.ru/public/download/download.html?id=3525392</url>
                <type>E</type>
            </document>
            <document>
                <name>выписка 3</name>
                <date>2011-04-08+04:00</date>
                <url>http://bus.gov.ru/public/download/download.html?id=3525557</url>
                <type>E</type>
            </document>
        </ns2:position>
    
<ns2:position xmlns:ns2="http://bus.gov.ru/external/1" xmlns="http://bus.gov.ru/types/1" xmlns:xsi="http://www.w3.org/2001/XMLSchema-instance" xmlns:ns3="http://bus.gov.ru/fk/1">
            <positionId>61a1fef0-558f-440c-b4fc-ce6602717e8b</positionId>
            <changeDate>2012-05-30T10:24:36.500+04:00</changeDate>
            <placer>
                <regNum>0117100000010</regNum>
                <fullName>ВОЙСКОВАЯ ЧАСТЬ 3484</fullName>
                <inn>2227022891</inn>
                <kpp>220401001</kpp>
            </placer>
            <initiator>
                <regNum>0117100000010</regNum>
                <fullName>ВОЙСКОВАЯ ЧАСТЬ 3484</fullName>
                <inn>2227022891</inn>
                <kpp>220401001</kpp>
            </initiator>
            <versionNumber>3</versionNumber>
            <main>
                <ogrn>1022200574219</ogrn>
                <rbs>
                    <regNum>0317100000085</regNum>
                    <fullName>Войсковая часть 6515</fullName>
                </rbs>
                <grbs>
                    <regNum>0173100000062</regNum>
                    <fullName>Министерство внутренних дел Российской Федерации</fullName>
                </grbs>
                <orgType>08</orgType>
                <classifier>
                    <okfs>
                        <code>12</code>
                        <name>Федеральная собственность</name>
                    </okfs>
                    <okopf>
                        <code>72</code>
                        <name>Бюджетные учреждения</name>
                    </okopf>
                    <okogu>
                        <code>1310500</code>
                        <name>Министерство внутренних дел Российской Федерации</name>
                    </okogu>
                    <okpo>
                        <code>08578036</code>
                    </okpo>
                    <okato>
                        <code>01405000000</code>
                        <name>Бийск</name>
                    </okato>
                    <okved>
                        <code>75.22</code>
                        <name>Деятельность, связанная с обеспечением военной безопасности</name>
                        <type>C</type>
                    </okved>
                </classifier>
                <address>
                    <zip>659316</zip>
                    <subject>
                        <code>22000000000</code>
                        <name>Алтайский</name>
                    </subject>
                    <city>
                        <code>22000004000</code>
                        <name>Бийск</name>
                    </city>
                </address>
            </main>
            <additional>
                <institutionType>
                    <code>0907000</code>
                    <name>Воинская часть</name>
                </institutionType>
                <ppo>
                    <code>00000000000</code>
                    <name>Российская Федерация</name>
                    <okato>
                        <code>00000000000</code>
                        <name>Объекты административно-территориального деления, кроме сельских населенных пунктов</name>
                    </okato>
                    <oktmo>
                        <code>01705000</code>
                        <name> город Бийск</name>
                    </oktmo>
                </ppo>
                <phone>8-3854-396864</phone>
                <section>188</section>
                <oktmo>
                    <code>01705000</code>
                    <name> город Бийск</name>
                </oktmo>
                <activity>
                    <okved>
                        <code>75.22</code>
                        <name>Деятельность, связанная с обеспечением военной безопасности</name>
                    </okved>
                    <name>Деятельность, связанная с обеспечением военной безопасности</name>
                </activity>
                <eMail>fin3484@mail.ru</eMail>
            </additional>
            <other>
                <chief>
                    <lastName>САЛИКЕЕВ</lastName>
                    <firstName>ВАЛЕРИЙ</firstName>
                    <middleName>АЛЕКСАНДРОВИЧ</middleName>
                    <position>КОМАНДИР ЧАСТИ</position>
                </chief>
                <founder>
                    <regNum>0173100000062</regNum>
                    <fullName>Министерство внутренних дел Российской Федерации</fullName>
                </founder>
            </other>
            <document>
                <name>Doc1</name>
                <date>2012-04-09+04:00</date>
                <url>http://bus.gov.ru/public/download/download.html?id=3694236</url>
                <type>S</type>
            </document>
            <document>
                <name>tmp1152</name>
                <date>2011-07-13+04:00</date>
                <url>http://bus.gov.ru/public/download/download.html?id=3694237</url>
                <type>S</type>
            </document>
            <document>
                <name>Doc1</name>
                <date>2003-11-15+03:00</date>
                <url>http://bus.gov.ru/public/download/download.html?id=3694238</url>
                <type>F</type>
            </document>
            <document>
                <name>Приказ МВД РФ от 15 ноября 2003 г. N 884 'Об утверждении Общего поло</name>
                <date>2003-11-15+03:00</date>
                <url>http://bus.gov.ru/public/download/download.html?id=3694239</url>
                <type>F</type>
            </document>
            <document>
                <name>Doc1</name>
                <date>2012-04-09+04:00</date>
                <url>http://bus.gov.ru/public/download/download.html?id=3694240</url>
                <type>E</type>
            </document>
            <document>
                <name>tmp101E</name>
                <date>2011-08-24+04:00</date>
                <url>http://bus.gov.ru/public/download/download.html?id=3694241</url>
                <type>E</type>
            </document>
        </ns2:position>
    
<ns2:position xmlns:ns2="http://bus.gov.ru/external/1" xmlns="http://bus.gov.ru/types/1" xmlns:xsi="http://www.w3.org/2001/XMLSchema-instance" xmlns:ns3="http://bus.gov.ru/fk/1">
            <positionId>11f8a31c-24c8-48b2-9ce0-e101e405caea</positionId>
            <changeDate>2012-07-12T09:08:30.737+04:00</changeDate>
            <placer>
                <regNum>0117100000045</regNum>
                <fullName>федеральное казенное учреждение здравоохранения "Медико-санитарная часть Министерства внутренних дел Российской Федерации по Алтайскому краю"</fullName>
                <inn>2225018459</inn>
                <kpp>222501001</kpp>
            </placer>
            <initiator>
                <regNum>0117100000045</regNum>
                <fullName>федеральное казенное учреждение здравоохранения "Медико-санитарная часть Министерства внутренних дел Российской Федерации по Алтайскому краю"</fullName>
                <inn>2225018459</inn>
                <kpp>222501001</kpp>
            </initiator>
            <versionNumber>3</versionNumber>
            <main>
                <shortName>ФКУЗ "МСЧ МВД России по Алтайскому краю"</shortName>
                <ogrn>1022201766762</ogrn>
                <rbs>
                    <regNum>0117100000052</regNum>
                    <fullName>Главное управление внутренних дел по Алтайскому краю</fullName>
                </rbs>
                <grbs>
                    <regNum>0173100000054</regNum>
                    <fullName>Министерство внутренних дел Российской Федерации</fullName>
                </grbs>
                <orgType>08</orgType>
                <classifier>
                    <okfs>
                        <code>12</code>
                        <name>Федеральная собственность</name>
                    </okfs>
                    <okopf>
                        <code>72</code>
                        <name>Бюджетные учреждения</name>
                    </okopf>
                    <okogu>
                        <code>1310500</code>
                        <name>Министерство внутренних дел Российской Федерации</name>
                    </okogu>
                    <okpo>
                        <code>08584905</code>
                    </okpo>
                    <okato>
                        <code>01401000000</code>
                        <name>Барнаул</name>
                    </okato>
                    <okved>
                        <code>85.11.1</code>
                        <name>Деятельность больничных учреждений широкого профиля и специализированных</name>
                        <type>C</type>
                    </okved>
                </classifier>
                <address>
                    <zip>656056</zip>
                    <subject>
                        <code>22000000000</code>
                        <name>Алтайский край</name>
                    </subject>
                    <city>
                        <code>22000001000</code>
                        <name>Барнаул г</name>
                    </city>
                    <street>
                        <code>220000010000110</code>
                        <name>Анатолия ул</name>
                    </street>
                    <building>66</building>
                </address>
            </main>
            <additional>
                <institutionType>
                    <code>0509000</code>
                    <name>Медико-санитарная часть, в том числе центральная</name>
                </institutionType>
                <ppo>
                    <code>00000000000</code>
                    <name>Российская Федерация</name>
                    <okato>
                        <code>00000000000</code>
                        <name>Объекты административно-территориального деления, кроме сельских населенных пунктов</name>
                    </okato>
                    <oktmo>
                        <code>01602000</code>
                        <name>Алтайский муниципальный рай-он</name>
                    </oktmo>
                </ppo>
                <phone>7-3852-391852</phone>
                <section>188</section>
                <oktmo>
                    <code>01701000</code>
                    <name> город Барнаул</name>
                </oktmo>
                <activity>
                    <okved>
                        <code>85.11.1</code>
                        <name>Деятельность больничных учреждений широкого профиля и специализированных</name>
                    </okved>
                    <name>Деятельность больничных учреждений широкого профиля </name>
                </activity>
            </additional>
            <other>
                <chief>
                    <lastName>Кузякин</lastName>
                    <firstName>Григорий</firstName>
                    <middleName>Викторович</middleName>
                    <position>начальник</position>
                </chief>
                <founder>
                    <regNum>0173100000062</regNum>
                    <fullName>Министерство внутренних дел Российской Федерации</fullName>
                </founder>
            </other>
            <document>
                <name>Приказ 38 лс</name>
                <date>2006-02-08+03:00</date>
                <url>http://bus.gov.ru/public/download/download.html?id=4560963</url>
                <type>S</type>
            </document>
            <document>
                <name>Изменения в Устав 2007 г.</name>
                <date>2007-11-16+03:00</date>
                <url>http://bus.gov.ru/public/download/download.html?id=4560964</url>
                <type>F</type>
            </document>
            <document>
                <name>Изменения в Устав 2011 г.</name>
                <date>2011-05-31+04:00</date>
                <url>http://bus.gov.ru/public/download/download.html?id=4560965</url>
                <type>F</type>
            </document>
            <document>
                <name>Устав</name>
                <date>2005-12-30+03:00</date>
                <url>http://bus.gov.ru/public/download/download.html?id=4560966</url>
                <type>F</type>
            </document>
            <document>
                <name>ОГРН-ИНН</name>
                <date>2011-09-20+04:00</date>
                <url>http://bus.gov.ru/public/download/download.html?id=4560967</url>
                <type>E</type>
            </document>
            <document>
                <name>ЕГРЮЛ</name>
                <date>2011-09-20+04:00</date>
                <url>http://bus.gov.ru/public/download/download.html?id=4560968</url>
                <type>E</type>
            </document>
        </ns2:position>
    
<ns2:position xmlns:ns2="http://bus.gov.ru/external/1" xmlns="http://bus.gov.ru/types/1" xmlns:xsi="http://www.w3.org/2001/XMLSchema-instance" xmlns:ns3="http://bus.gov.ru/fk/1">
            <positionId>d5fb3a17-71da-447c-8703-2a68f3ea234d</positionId>
            <changeDate>2012-10-10T08:35:50.389+04:00</changeDate>
            <placer>
                <regNum>0117100000053</regNum>
                <fullName>федеральное государственное казенное учреждение "Управление вневедомственной охраны Главного управления Министерства внутренних дел Российской Федерации по Алтайскому краю"</fullName>
                <inn>2221199187</inn>
                <kpp>222101001</kpp>
            </placer>
            <initiator>
                <regNum>0117100000053</regNum>
                <fullName>федеральное государственное казенное учреждение "Управление вневедомственной охраны Главного управления Министерства внутренних дел Российской Федерации по Алтайскому краю"</fullName>
                <inn>2221199187</inn>
                <kpp>222101001</kpp>
            </initiator>
            <versionNumber>0</versionNumber>
            <main>
                <shortName>ФГКУ УВО ГУ МВД России по Алтайскому краю</shortName>
                <ogrn>1122225009961</ogrn>
                <grbs>
                    <regNum>0173100000062</regNum>
                    <fullName>Министерство внутренних дел Российской Федерации</fullName>
                </grbs>
                <orgType>08</orgType>
                <classifier>
                    <okfs>
                        <code>12</code>
                        <name>Федеральная собственность</name>
                    </okfs>
                    <okopf>
                        <code>74</code>
                        <name>Казенные учреждения</name>
                    </okopf>
                    <okogu>
                        <code>1310500</code>
                        <name>Министерство внутренних дел Российской Федерации</name>
                    </okogu>
                    <okpo>
                        <code>08683837</code>
                    </okpo>
                    <okato>
                        <code>01401000000</code>
                        <name>Барнаул</name>
                    </okato>
                    <okved>
                        <code>75.24.1</code>
                        <name>Деятельность органов внутренних дел</name>
                        <type>C</type>
                    </okved>
                </classifier>
                <address>
                    <zip>656052</zip>
                    <subject>
                        <code>22000000000</code>
                        <name>Алтайский край</name>
                    </subject>
                    <city>
                        <code>22000001000</code>
                        <name>Барнаул г</name>
                    </city>
                    <street>
                        <code>220000010000566</code>
                        <name>Северо-Западная ул</name>
                    </street>
                    <building>157а</building>
                </address>
            </main>
            <additional>
                <institutionType>
                    <code>9900000</code>
                    <name>Прочие</name>
                </institutionType>
                <ppo>
                    <code>00000000000</code>
                    <name>Российская Федерация</name>
                    <okato>
                        <code>00000000000</code>
                        <name>Объекты административно-территориального деления, кроме сельских населенных пунктов</name>
                    </okato>
                </ppo>
                <phone>7-3852-772931</phone>
                <branch>
                    <regNum>0895100000174</regNum>
                    <fullName>Отделение вневедомственной охраны по Волчихинскому району - филиал федерального государственного казенного учреждения "Управление вневедомственной охраны Главного управления Министерства внутренних дел Российской Федерации по Алтайскому краю"</fullName>
                    <type>01</type>
                </branch>
                <branch>
                    <regNum>0317100000065</regNum>
                    <fullName>Отдел вневедомственной охраны по городу Заринску - филиал федерального государственного казенного учреждения "Управление вневедомственной охраны Главного управления Министерства внутренних дел Российской Федерации по Алтайскому краю"</fullName>
                    <type>01</type>
                </branch>
                <branch>
                    <regNum>0117100000047</regNum>
                    <fullName>Отдел вневедомственной охраны по городу Бийску - филиал федерального государственного казенного учреждения "Управление вневедомственной охраны Главного управления Министерства внутренних дел Российской Федерации по Алтайскому краю"</fullName>
                    <type>01</type>
                </branch>
                <branch>
                    <regNum>0317100000059</regNum>
                    <fullName>Отдел вневедомственной охраны по городу Новоалтайску - филиал федерального государственного казенного учреждения "Управление вневедомственной охраны Главного управления Министерства внутренних дел Российской Федерации по Алтайскому краю"</fullName>
                    <type>01</type>
                </branch>
                <section>188</section>
                <oktmo>
                    <code>01701000</code>
                    <name>Город Барнаул</name>
                </oktmo>
                <activity>
                    <okved>
                        <code>75.24.1</code>
                        <name>Деятельность органов внутренних дел</name>
                    </okved>
                    <name>деятельность органов внутренних дел</name>
                </activity>
                <eMail>odpr_6@uvoalt.ru</eMail>
            </additional>
            <other>
                <chief>
                    <lastName>Мауль</lastName>
                    <firstName>Александр</firstName>
                    <middleName>Викторович</middleName>
                    <position>начальник</position>
                </chief>
                <founder>
                    <regNum>0173100000062</regNum>
                    <fullName>Министерство внутренних дел Российской Федерации</fullName>
                </founder>
            </other>
            <document>
                <name>Приказ о назначении начальника</name>
                <date>2012-06-05+04:00</date>
                <url>http://bus.gov.ru/public/download/download.html?id=5657803</url>
                <type>S</type>
            </document>
            <document>
                <name>Приказ по филиалам</name>
                <date>2012-07-19+04:00</date>
                <url>http://bus.gov.ru/public/download/download.html?id=5658557</url>
                <type>L</type>
            </document>
            <document>
                <name>Положение о филиале г. Заринск</name>
                <date>2012-07-19+04:00</date>
                <url>http://bus.gov.ru/public/download/download.html?id=5659073</url>
                <type>L</type>
            </document>
            <document>
                <name>Положение о филиале г. Новоалтайск</name>
                <date>2012-07-19+04:00</date>
                <url>http://bus.gov.ru/public/download/download.html?id=5659062</url>
                <type>L</type>
            </document>
            <document>
                <name>Положение о филиале Волчихинской район</name>
                <date>2012-07-19+04:00</date>
                <url>http://bus.gov.ru/public/download/download.html?id=5659003</url>
                <type>L</type>
            </document>
            <document>
                <name>Положение о филиале г. Бийск</name>
                <date>2012-07-19+04:00</date>
                <url>http://bus.gov.ru/public/download/download.html?id=5659011</url>
                <type>L</type>
            </document>
            <document>
                <name>Устав</name>
                <date>2012-05-05+04:00</date>
                <url>http://bus.gov.ru/public/download/download.html?id=5587378</url>
                <type>F</type>
            </document>
            <document>
                <name>Приказ об утверждении Устава</name>
                <date>2012-05-05+04:00</date>
                <url>http://bus.gov.ru/public/download/download.html?id=5587296</url>
                <type>F</type>
            </document>
            <document>
                <name>Свидетельство о постановке на учет</name>
                <date>2012-07-18+04:00</date>
                <url>http://bus.gov.ru/public/download/download.html?id=5587414</url>
                <type>E</type>
            </document>
            <document>
                <name>Свидетельство о государственной регистрации юридического лица</name>
                <date>2012-07-18+04:00</date>
                <url>http://bus.gov.ru/public/download/download.html?id=5587428</url>
                <type>E</type>
            </document>
        </ns2:position>
    
<ns2:position xmlns:ns2="http://bus.gov.ru/external/1" xmlns="http://bus.gov.ru/types/1" xmlns:xsi="http://www.w3.org/2001/XMLSchema-instance" xmlns:ns3="http://bus.gov.ru/fk/1">
            <positionId>ae59077c-f700-4575-b846-b92dc7a9117c</positionId>
            <changeDate>2012-10-19T07:17:50.768+04:00</changeDate>
            <placer>
                <regNum>0117100000047</regNum>
                <fullName>Отдел вневедомственной охраны по городу Бийску - филиал федерального государственного казенного учреждения "Управление вневедомственной охраны Главного управления Министерства внутренних дел Российской Федерации по Алтайскому краю"</fullName>
                <inn>2221199187</inn>
                <kpp>220443001</kpp>
            </placer>
            <initiator>
                <regNum>0117100000047</regNum>
                <fullName>Отдел вневедомственной охраны по городу Бийску - филиал федерального государственного казенного учреждения "Управление вневедомственной охраны Главного управления Министерства внутренних дел Российской Федерации по Алтайскому краю"</fullName>
                <inn>2221199187</inn>
                <kpp>220443001</kpp>
            </initiator>
            <versionNumber>0</versionNumber>
            <main>
                <shortName>ОВО по г. Бийску - филиал ФГКУ УВО ГУ МВД России по Алтайскому краю</shortName>
                <ogrn>1122225009961</ogrn>
                <rbs>
                    <regNum>0117100000053</regNum>
                    <fullName>федеральное государственное казенное учреждение "Управление вневедомственной охраны Главного управления Министерства внутренних дел Российской Федерации по Алтайскому краю"</fullName>
                </rbs>
                <grbs>
                    <regNum>0173100000062</regNum>
                    <fullName>Министерство внутренних дел Российской Федерации</fullName>
                </grbs>
                <orgType>08</orgType>
                <classifier>
                    <okfs>
                        <code>12</code>
                        <name>Федеральная собственность</name>
                    </okfs>
                    <okopf>
                        <code>90</code>
                        <name>Представительства и филиалы</name>
                    </okopf>
                    <okogu>
                        <code>1310500</code>
                        <name>Министерство внутренних дел Российской Федерации</name>
                    </okogu>
                    <okpo>
                        <code>08683837</code>
                    </okpo>
                    <okato>
                        <code>01405000000</code>
                        <name>Бийск</name>
                    </okato>
                    <okved>
                        <code>75.24.1</code>
                        <name>Деятельность органов внутренних дел</name>
                        <type>C</type>
                    </okved>
                </classifier>
                <address>
                    <zip>659315</zip>
                    <subject>
                        <code>22000000000</code>
                        <name>Алтайский</name>
                    </subject>
                    <city>
                        <code>22000004000</code>
                        <name>Бийск</name>
                    </city>
                    <street>
                        <code>220000040000357</code>
                        <name>Социалистическая</name>
                    </street>
                    <building>94/1</building>
                </address>
            </main>
            <additional>
                <institutionType>
                    <code>9900000</code>
                    <name>Прочие</name>
                </institutionType>
                <ppo>
                    <code>00000000000</code>
                    <name>Российская Федерация</name>
                    <okato>
                        <code>00000000000</code>
                        <name>Объекты административно-территориального деления, кроме сельских населенных пунктов</name>
                    </okato>
                    <oktmo>
                        <code>01701000</code>
                        <name>Город Барнаул</name>
                    </oktmo>
                </ppo>
                <phone>7-3854-450480</phone>
                <branchInfo>
                    <type>01</type>
                    <headOffice>
                        <regNum>0117100000053</regNum>
                        <fullName>федеральное государственное казенное учреждение "Управление вневедомственной охраны Главного управления Министерства внутренних дел Российской Федерации по Алтайскому краю"</fullName>
                    </headOffice>
                </branchInfo>
                <section>188</section>
                <oktmo>
                    <code>01701000</code>
                    <name>Город Барнаул</name>
                </oktmo>
                <activity>
                    <okved>
                        <code>75.24.1</code>
                        <name>Деятельность органов внутренних дел</name>
                        <type>C</type>
                    </okved>
                    <name>Деятельность органов внутренних дел</name>
                </activity>
                <eMail>olgin_717@mail.ru</eMail>
            </additional>
            <other>
                <chief>
                    <lastName>ШЕСТАКОВ</lastName>
                    <firstName>АНАТОЛИЙ</firstName>
                    <middleName>ЮРЬЕВИЧ</middleName>
                    <position>НАЧАЛЬНИК</position>
                </chief>
                <founder>
                    <regNum>0173100000062</regNum>
                    <fullName>Министерство внутренних дел Российской Федерации</fullName>
                </founder>
            </other>
            <document>
                <name>приказ</name>
                <date>2012-07-19+04:00</date>
                <url>http://bus.gov.ru/public/download/download.html?id=5903587</url>
                <type>S</type>
            </document>
            <document>
                <name>Положение о филиалах УВО</name>
                <date>2012-07-19+04:00</date>
                <url>http://bus.gov.ru/public/download/download.html?id=5903476</url>
                <type>F</type>
            </document>
            <document>
                <name>уведомление</name>
                <date>2012-07-20+04:00</date>
                <url>http://bus.gov.ru/public/download/download.html?id=5903530</url>
                <type>E</type>
            </document>
            <document>
                <name>Свидетельство+ОГРН</name>
                <date>2012-07-18+04:00</date>
                <url>http://bus.gov.ru/public/download/download.html?id=5903495</url>
                <type>E</type>
            </document>
            <document>
                <name>Свидетельство+ИНН</name>
                <date>2012-07-18+04:00</date>
                <url>http://bus.gov.ru/public/download/download.html?id=5903477</url>
                <type>E</type>
            </document>
        </ns2:position>
    
<ns2:position xmlns:ns2="http://bus.gov.ru/external/1" xmlns="http://bus.gov.ru/types/1" xmlns:xsi="http://www.w3.org/2001/XMLSchema-instance" xmlns:ns3="http://bus.gov.ru/fk/1">
            <positionId>365481dd-fe99-442c-bff4-d38c7884fb78</positionId>
            <changeDate>2012-11-13T08:33:13.609+04:00</changeDate>
            <placer>
                <regNum>0895100000166</regNum>
                <fullName>Отдел вневедомственной охраны по городу Камень-на-Оби - филиал федерального государственного казенного учреждения "Управление вневедомственной охраны Главного управления Министерства внутренних дел Российской Федерации по Алтайскому краю"</fullName>
                <inn>2221199187</inn>
                <kpp>220743001</kpp>
            </placer>
            <initiator>
                <regNum>0895100000166</regNum>
                <fullName>Отдел вневедомственной охраны по городу Камень-на-Оби - филиал федерального государственного казенного учреждения "Управление вневедомственной охраны Главного управления Министерства внутренних дел Российской Федерации по Алтайскому краю"</fullName>
                <inn>2221199187</inn>
                <kpp>220743001</kpp>
            </initiator>
            <versionNumber>0</versionNumber>
            <main>
                <shortName>ОВО по г. Камень-на-Оби - филиал ФГКУ УВО ГУ МВД России по Алтайскому краю</shortName>
                <ogrn>1122225009961</ogrn>
                <rbs>
                    <regNum>0117100000053</regNum>
                    <fullName>федеральное государственное казенное учреждение "Управление вневедомственной охраны Главного управления Министерства внутренних дел Российской Федерации по Алтайскому краю"</fullName>
                </rbs>
                <grbs>
                    <regNum>0173100000062</regNum>
                    <fullName>Министерство внутренних дел Российской Федерации</fullName>
                </grbs>
                <orgType>08</orgType>
                <classifier>
                    <okfs>
                        <code>12</code>
                        <name>Федеральная собственность</name>
                    </okfs>
                    <okopf>
                        <code>90</code>
                        <name>Представительства и филиалы</name>
                    </okopf>
                    <okogu>
                        <code>1310500</code>
                        <name>Министерство внутренних дел Российской Федерации</name>
                    </okogu>
                    <okpo>
                        <code>08683837</code>
                    </okpo>
                    <okato>
                        <code>01401000000</code>
                        <name>Барнаул</name>
                    </okato>
                    <okved>
                        <code>75.24.1</code>
                        <name>Деятельность органов внутренних дел</name>
                        <type>C</type>
                    </okved>
                </classifier>
                <address>
                    <zip>658700</zip>
                    <subject>
                        <code>22000000000</code>
                        <name>Алтайский</name>
                    </subject>
                    <city>
                        <code>22000007000</code>
                        <name>Камень-на-Оби</name>
                    </city>
                    <street>
                        <name>Титова</name>
                    </street>
                    <building>18</building>
                </address>
            </main>
            <additional>
                <institutionType>
                    <code>0400000</code>
                    <name>Защита населения и территории от чрезвычайных ситуаций природного и техногенного характера, гражданская оборона и Обеспечение пожарной безопасности</name>
                </institutionType>
                <ppo>
                    <code>00000000000</code>
                    <name>Российская Федерация</name>
                    <okato>
                        <code>00000000000</code>
                        <name>Объекты административно-территориального деления, кроме сельских населенных пунктов</name>
                    </okato>
                    <oktmo>
                        <code>01701000</code>
                        <name>Город Барнаул</name>
                    </oktmo>
                </ppo>
                <phone>8-38584-22646</phone>
                <section>188</section>
                <oktmo>
                    <code>01710000</code>
                    <name>Город Камень-на-Оби</name>
                </oktmo>
                <activity>
                    <okved>
                        <code>75.24.1</code>
                        <name>Деятельность органов внутренних дел</name>
                        <type>C</type>
                    </okved>
                    <name>Деятельность органов внутренних дел</name>
                </activity>
                <eMail>ovokam@uvoalt.ru</eMail>
            </additional>
            <other>
                <chief>
                    <lastName>Капес</lastName>
                    <firstName>Евгений</firstName>
                    <middleName>Владимирович</middleName>
                    <position>начальник</position>
                </chief>
                <founder>
                    <regNum>0173100000062</regNum>
                    <fullName>Министерство внутренних дел Российской Федерации</fullName>
                </founder>
            </other>
            <document>
                <name>Выписка из приказа - назначение руководителя</name>
                <date>2012-07-19+04:00</date>
                <url>http://bus.gov.ru/public/download/download.html?id=6405176</url>
                <type>S</type>
            </document>
            <document>
                <name>Положение об ОВО по г.Камень-на-Оби</name>
                <date>2012-07-19+04:00</date>
                <url>http://bus.gov.ru/public/download/download.html?id=6406963</url>
                <type>F</type>
            </document>
            <document>
                <name>Уведомление о постановке на учет</name>
                <date>2012-07-23+04:00</date>
                <url>http://bus.gov.ru/public/download/download.html?id=6405293</url>
                <type>E</type>
            </document>
            <document>
                <name>Свидетельство - постановка на учет в налоговом органе</name>
                <date>2012-07-18+04:00</date>
                <url>http://bus.gov.ru/public/download/download.html?id=6405255</url>
                <type>E</type>
            </document>
        </ns2:position>
    
<ns2:position xmlns:ns2="http://bus.gov.ru/external/1" xmlns="http://bus.gov.ru/types/1" xmlns:xsi="http://www.w3.org/2001/XMLSchema-instance" xmlns:ns3="http://bus.gov.ru/fk/1">
            <positionId>606547cf-9fc5-4ff8-8215-796e3f1f1de5</positionId>
            <changeDate>2012-11-14T12:22:30.435+04:00</changeDate>
            <placer>
                <regNum>0895100000174</regNum>
                <fullName>Отделение вневедомственной охраны по Волчихинскому району - филиал федерального государственного казенного учреждения "Управление вневедомственной охраны Главного управления Министерства внутренних дел Российской Федерации по Алтайскому краю"</fullName>
                <inn>2221199187</inn>
                <kpp>223843001</kpp>
            </placer>
            <initiator>
                <regNum>0895100000174</regNum>
                <fullName>Отделение вневедомственной охраны по Волчихинскому району - филиал федерального государственного казенного учреждения "Управление вневедомственной охраны Главного управления Министерства внутренних дел Российской Федерации по Алтайскому краю"</fullName>
                <inn>2221199187</inn>
                <kpp>223843001</kpp>
            </initiator>
            <versionNumber>1</versionNumber>
            <main>
                <shortName>ОВО по Волчихинскому району - филиал ФГКУ УВО ГУ МВД России по Алтайскому краю</shortName>
                <ogrn>1122225009961</ogrn>
                <rbs>
                    <regNum>0117100000053</regNum>
                    <fullName>федеральное государственное казенное учреждение "Управление вневедомственной охраны Главного управления Министерства внутренних дел Российской Федерации по Алтайскому краю"</fullName>
                </rbs>
                <grbs>
                    <regNum>0173100000062</regNum>
                    <fullName>Министерство внутренних дел Российской Федерации</fullName>
                </grbs>
                <orgType>08</orgType>
                <classifier>
                    <okfs>
                        <code>12</code>
                        <name>Федеральная собственность</name>
                    </okfs>
                    <okopf>
                        <code>90</code>
                        <name>Представительства и филиалы</name>
                    </okopf>
                    <okogu>
                        <code>1310500</code>
                        <name>Министерство внутренних дел Российской Федерации</name>
                    </okogu>
                    <okpo>
                        <code>08683837</code>
                    </okpo>
                    <okato>
                        <code>01208821001</code>
                        <name>с Волчиха</name>
                    </okato>
                    <okved>
                        <code>75.24.1</code>
                        <name>Деятельность органов внутренних дел</name>
                        <type>C</type>
                    </okved>
                </classifier>
                <address>
                    <zip>658930</zip>
                    <subject>
                        <code>22000000000</code>
                        <name>Алтайский</name>
                    </subject>
                    <region>
                        <code>22009000000</code>
                        <name>Волчихинский</name>
                    </region>
                    <locality>
                        <code>22009000001</code>
                        <name>Волчиха</name>
                    </locality>
                    <street>
                        <name>Матросова</name>
                    </street>
                    <building>2а</building>
                </address>
            </main>
            <additional>
                <institutionType>
                    <code>0900000</code>
                    <name>Национальная оборона</name>
                </institutionType>
                <ppo>
                    <code>00000000000</code>
                    <name>Российская Федерация</name>
                    <okato>
                        <code>00000000000</code>
                        <name>Объекты административно-территориального деления, кроме сельских населенных пунктов</name>
                    </okato>
                    <oktmo>
                        <code>01701000</code>
                        <name>Город Барнаул</name>
                    </oktmo>
                </ppo>
                <phone>8-38565-22716</phone>
                <branchInfo>
                    <type>01</type>
                    <headOffice>
                        <regNum>0117100000053</regNum>
                        <fullName>федеральное государственное казенное учреждение "Управление вневедомственной охраны Главного управления Министерства внутренних дел Российской Федерации по Алтайскому краю"</fullName>
                    </headOffice>
                </branchInfo>
                <section>188</section>
                <oktmo>
                    <code>01701000</code>
                    <name>Город Барнаул</name>
                </oktmo>
                <activity>
                    <okved>
                        <code>75.24.1</code>
                        <name>Деятельность органов внутренних дел</name>
                        <type>C</type>
                    </okved>
                    <name>Деятельность органов внутренних дел</name>
                </activity>
                <eMail>ovovol@uvoalt.ru</eMail>
            </additional>
            <other>
                <chief>
                    <lastName>Гамаюнов</lastName>
                    <firstName>Виталий</firstName>
                    <middleName>Владимирович</middleName>
                    <position>Начальник Отделения</position>
                </chief>
                <founder>
                    <regNum>0173100000062</regNum>
                    <fullName>Министерство внутренних дел Российской Федерации</fullName>
                </founder>
            </other>
            <document>
                <name>приказ</name>
                <date>2012-07-19+04:00</date>
                <url>http://bus.gov.ru/public/download/download.html?id=6458623</url>
                <type>S</type>
            </document>
            <document>
                <name>Положение о филиале</name>
                <date>2012-07-19+04:00</date>
                <url>http://bus.gov.ru/public/download/download.html?id=6458624</url>
                <type>F</type>
            </document>
            <document>
                <name>Свидетельство ИНН</name>
                <date>2012-07-18+04:00</date>
                <url>http://bus.gov.ru/public/download/download.html?id=6458626</url>
                <type>E</type>
            </document>
            <document>
                <name>Свидетельство ОГРН</name>
                <date>2012-07-18+04:00</date>
                <url>http://bus.gov.ru/public/download/download.html?id=6458627</url>
                <type>E</type>
            </document>
            <document>
                <name>уведомление</name>
                <date>2012-07-20+04:00</date>
                <url>http://bus.gov.ru/public/download/download.html?id=6458625</url>
                <type>E</type>
            </document>
        </ns2:position>
    

    </ns2:body>
    </ns2:institutionInfo>        
        