<?xml version="1.0" encoding="UTF-8" standalone="yes"?>
<ns2:institutionInfo xsi:schemaLocation="http://bus.gov.ru/public/schema/TFF-0.1.3.1/External.xsd" xmlns="http://bus.gov.ru/types/1" xmlns:ns2="http://bus.gov.ru/external/1" xmlns:xsi="http://www.w3.org/2001/XMLSchema-instance" xmlns:ns3="http://bus.gov.ru/fk/1">
    <ns2:body>                        
	<ns2:position xmlns:ns2="http://bus.gov.ru/external/1" xmlns="http://bus.gov.ru/types/1" xmlns:xsi="http://www.w3.org/2001/XMLSchema-instance" xmlns:ns3="http://bus.gov.ru/fk/1">
            <positionId>ec11b397-0e41-42bc-b759-bcadd5c1883d</positionId>
            <changeDate>2012-04-26T11:09:02.677+04:00</changeDate>
            <placer>
                <regNum>0819100000052</regNum>
                <fullName>федеральное казенное учреждение здравоохранения "Медико-санитарная часть Министерства внутренних дел Российской Федерации по Красноярскому краю"</fullName>
                <inn>2460073957</inn>
                <kpp>246001001</kpp>
            </placer>
            <initiator>
                <regNum>0819100000052</regNum>
                <fullName>федеральное казенное учреждение здравоохранения "Медико-санитарная часть Министерства внутренних дел Российской Федерации по Красноярскому краю"</fullName>
                <inn>2460073957</inn>
                <kpp>246001001</kpp>
            </initiator>
            <versionNumber>0</versionNumber>
            <main>
                <shortName>ФКУЗ "МСЧ МВД России по Красноярскому краю"</shortName>
                <ogrn>1062460012086</ogrn>
                <rbs>
                    <regNum>0119100000129</regNum>
                    <fullName>Главное управление Министерства внутренних дел Российской Федерации по Красноярскому краю</fullName>
                </rbs>
                <grbs>
                    <regNum>0173100000062</regNum>
                    <fullName>Министерство внутренних дел Российской Федерации</fullName>
                </grbs>
                <orgType>08</orgType>
                <classifier>
                    <okfs>
                        <code>12</code>
                        <name>Федеральная собственность</name>
                    </okfs>
                    <okopf>
                        <code>72</code>
                        <name>Бюджетные учреждения</name>
                    </okopf>
                    <okogu>
                        <code>1310500</code>
                        <name>Министерство внутренних дел Российской Федерации</name>
                    </okogu>
                    <okpo>
                        <code>08725853</code>
                    </okpo>
                    <okato>
                        <code>04401000000</code>
                        <name>Красноярск</name>
                    </okato>
                    <okved>
                        <code>85.11.1</code>
                        <name>Деятельность больничных учреждений широкого профиля и специализированных</name>
                        <type>C</type>
                    </okved>
                    <okved>
                        <code>85.14.3</code>
                        <name>Деятельность медицинских лабораторий</name>
                        <type>O</type>
                    </okved>
                    <okved>
                        <code>85.12</code>
                        <name>Врачебная практика</name>
                        <type>O</type>
                    </okved>
                    <okved>
                        <code>85.13</code>
                        <name>Стоматологическая практика</name>
                        <type>O</type>
                    </okved>
                    <okved>
                        <code>85.14.1</code>
                        <name>Деятельность среднего медицинского персонала</name>
                        <type>O</type>
                    </okved>
                    <okved>
                        <code>85.14.2</code>
                        <name>Деятельность вспомогательного стоматологического персонала</name>
                        <type>O</type>
                    </okved>
                </classifier>
                <address>
                    <zip>660021</zip>
                    <subject>
                        <code>24000000000</code>
                        <name>Красноярский край</name>
                    </subject>
                    <city>
                        <code>24000001000</code>
                        <name>Красноярск г</name>
                    </city>
                    <street>
                        <name>Карла Маркса ул</name>
                    </street>
                    <building>128</building>
                </address>
            </main>
            <additional>
                <institutionType>
                    <code>0509000</code>
                    <name>Медико-санитарная часть, в том числе центральная</name>
                </institutionType>
                <ppo>
                    <code>00000000000</code>
                    <name>Российская Федерация</name>
                    <okato>
                        <code>00000000000</code>
                        <name>Объекты административно-территориального деления, кроме сельских населенных пунктов</name>
                    </okato>
                    <oktmo>
                        <code>04701000</code>
                        <name> город Красноярск</name>
                    </oktmo>
                </ppo>
                <phone>8-391-2219318</phone>
                <branch>
                    <regNum>0819100000057</regNum>
                    <fullName>Поликлиника федерального казенного учреждения здравоохранения "Медико-санитарная часть Министерства внутренних дел Российской Федерации по Красноярскому краю"</fullName>
                    <type>01</type>
                </branch>
                <section>188</section>
                <oktmo>
                    <code>04701000</code>
                    <name> город Красноярск</name>
                </oktmo>
                <activity>
                    <okved>
                        <code>85.11.1</code>
                        <name>Деятельность больничных учреждений широкого профиля и специализированных</name>
                    </okved>
                    <name>Деятельность больничных учреждений широкого профиля и специализированных</name>
                </activity>
                <activity>
                    <okved>
                        <code>85.14.3</code>
                        <name>Деятельность медицинских лабораторий</name>
                    </okved>
                    <name>Деятельность медицинских лабораторий</name>
                </activity>
                <activity>
                    <okved>
                        <code>85.12</code>
                        <name>Врачебная практика</name>
                    </okved>
                    <name>Врачебная практика</name>
                </activity>
                <activity>
                    <okved>
                        <code>85.13</code>
                        <name>Стоматологическая практика</name>
                    </okved>
                    <name>Стоматологическая практика</name>
                </activity>
                <activity>
                    <okved>
                        <code>85.14.1</code>
                        <name>Деятельность среднего медицинского персонала</name>
                    </okved>
                    <name>Деятельность среднего медицинского персонала</name>
                </activity>
                <activity>
                    <okved>
                        <code>85.14.2</code>
                        <name>Деятельность вспомогательного стоматологического персонала</name>
                    </okved>
                    <name>Деятельность вспомогательного стоматологического персонала</name>
                </activity>
                <eMail>uli_26@mail.ru</eMail>
            </additional>
            <other>
                <chief>
                    <lastName>Масленников</lastName>
                    <firstName>Александр</firstName>
                    <middleName>Витальевич</middleName>
                    <position>Начальник</position>
                </chief>
                <founder>
                    <regNum>0173100000062</regNum>
                    <fullName>Министерство внутренних дел Российской Федерации</fullName>
                </founder>
            </other>
            <document>
                <name>положение по филиалу</name>
                <date>2011-08-16+04:00</date>
                <url>http://bus.gov.ru/public/download/download.html?id=2883703</url>
                <type>L</type>
            </document>
            <document>
                <name>свид-во о постановке на учет</name>
                <date>2006-02-21+03:00</date>
                <url>http://bus.gov.ru/public/download/download.html?id=2883419</url>
                <type>E</type>
            </document>
            <document>
                <name>выписка из приказа</name>
                <date>2011-07-21+04:00</date>
                <url>http://bus.gov.ru/public/download/download.html?id=2883545</url>
                <type>S</type>
            </document>
            <document>
                <name>устав</name>
                <date>2005-12-30+03:00</date>
                <url>http://bus.gov.ru/public/download/download.html?id=2883116</url>
                <type>F</type>
            </document>
        </ns2:position>
    
<ns2:position xmlns:ns2="http://bus.gov.ru/external/1" xmlns="http://bus.gov.ru/types/1" xmlns:xsi="http://www.w3.org/2001/XMLSchema-instance" xmlns:ns3="http://bus.gov.ru/fk/1">
            <positionId>947e6aea-1a29-4fb0-b460-1c73829d5cf6</positionId>
            <changeDate>2012-05-15T10:16:38.669+04:00</changeDate>
            <placer>
                <regNum>0819100000004</regNum>
                <fullName>филиал федерального казенного учреждения "Главный центр специальных перевозок Министерства внутренних дел Российской Федерации" "Центр специальных перевозок МВД России на Красноярской железной дороге"</fullName>
                <inn>7702718243</inn>
                <kpp>246643001</kpp>
            </placer>
            <initiator>
                <regNum>0819100000004</regNum>
                <fullName>филиал федерального казенного учреждения "Главный центр специальных перевозок Министерства внутренних дел Российской Федерации" "Центр специальных перевозок МВД России на Красноярской железной дороге"</fullName>
                <inn>7702718243</inn>
                <kpp>246643001</kpp>
            </initiator>
            <versionNumber>0</versionNumber>
            <main>
                <shortName>филиал ФКУ "ГЦСП МВД России" "ЦСП МВД России на Красноярской ж.д."</shortName>
                <ogrn>1097746667061</ogrn>
                <rbs>
                    <regNum>0873100000015</regNum>
                    <fullName>федеральное казенное учреждение "Главный центр специальных перевозок Министерства внутренних дел Российской Федерации"</fullName>
                </rbs>
                <grbs>
                    <regNum>0173100000054</regNum>
                    <fullName>Министерство внутренних дел Российской Федерации</fullName>
                </grbs>
                <orgType>08</orgType>
                <classifier>
                    <okfs>
                        <code>12</code>
                        <name>Федеральная собственность</name>
                    </okfs>
                    <okopf>
                        <code>90</code>
                        <name>Представительства и филиалы</name>
                    </okopf>
                    <okogu>
                        <code>1310500</code>
                        <name>Министерство внутренних дел Российской Федерации</name>
                    </okogu>
                    <okpo>
                        <code>08680833</code>
                    </okpo>
                    <okato>
                        <code>04401377000</code>
                        <name>Центральный</name>
                    </okato>
                    <okved>
                        <code>75.24.1</code>
                        <name>Деятельность органов внутренних дел</name>
                        <type>C</type>
                    </okved>
                </classifier>
                <address>
                    <zip>660021</zip>
                    <subject>
                        <code>24000000000</code>
                        <name>Красноярский</name>
                    </subject>
                    <city>
                        <code>24000001000</code>
                        <name>Красноярск</name>
                    </city>
                    <street>
                        <name>Горького</name>
                    </street>
                    <building>6</building>
                </address>
            </main>
            <additional>
                <institutionType>
                    <code>9900000</code>
                    <name>Прочие</name>
                </institutionType>
                <ppo>
                    <code>00000000000</code>
                    <name>Российская Федерация</name>
                    <okato>
                        <code>00000000000</code>
                        <name>Объекты административно-территориального деления, кроме сельских населенных пунктов</name>
                    </okato>
                    <oktmo>
                        <code>04701000</code>
                        <name> город Красноярск</name>
                    </oktmo>
                </ppo>
                <phone>643-391-2484749</phone>
                <section>188</section>
                <oktmo>
                    <code>04701000</code>
                    <name> город Красноярск</name>
                </oktmo>
                <activity>
                    <okved>
                        <code>75.24.1</code>
                        <name>Деятельность органов внутренних дел</name>
                    </okved>
                    <name>Деятельность органов внутренних дел
</name>
                </activity>
                <eMail>kriasir@mail.ru</eMail>
            </additional>
            <other>
                <chief>
                    <lastName>Рыбин</lastName>
                    <firstName>Анатолий</firstName>
                    <middleName>Эдуардович</middleName>
                    <position>Начальник: </position>
                </chief>
                <founder>
                    <regNum>0173100000062</regNum>
                    <fullName>Министерство внутренних дел Российской Федерации</fullName>
                </founder>
            </other>
            <document>
                <name>ПРИКАЗ О НАЗНАЧЕНИИ РУКОВОДИТЕЛЯ</name>
                <date>2009-08-14+04:00</date>
                <url>http://bus.gov.ru/public/download/download.html?id=3291380</url>
                <type>S</type>
            </document>
            <document>
                <name>ПОЛОЖЕНИЕ_О_ФИЛИАЛЕ</name>
                <date>2011-05-03+04:00</date>
                <url>http://bus.gov.ru/public/download/download.html?id=3298122</url>
                <type>F</type>
            </document>
            <document>
                <name>УСТАВ ФКУ</name>
                <date>2012-04-21+04:00</date>
                <url>http://bus.gov.ru/public/download/download.html?id=3291466</url>
                <type>O</type>
            </document>
            <document>
                <name>УВЕДОМЛЕНИЕ О ПОСТАНОВКЕ НА УЧЕТ В ИФНС</name>
                <date>2011-07-27+04:00</date>
                <url>http://bus.gov.ru/public/download/download.html?id=3291239</url>
                <type>E</type>
            </document>
        </ns2:position>
    
<ns2:position xmlns:ns2="http://bus.gov.ru/external/1" xmlns="http://bus.gov.ru/types/1" xmlns:xsi="http://www.w3.org/2001/XMLSchema-instance" xmlns:ns3="http://bus.gov.ru/fk/1">
            <positionId>fe925033-c419-483a-9ea3-5bb8bdfff5cb</positionId>
            <changeDate>2012-05-31T07:37:26.115+04:00</changeDate>
            <placer>
                <regNum>0319100000174</regNum>
                <fullName>Войсковая часть 3476</fullName>
                <inn>2462014989</inn>
                <kpp>246201001</kpp>
            </placer>
            <initiator>
                <regNum>0319100000174</regNum>
                <fullName>Войсковая часть 3476</fullName>
                <inn>2462014989</inn>
                <kpp>246201001</kpp>
            </initiator>
            <versionNumber>0</versionNumber>
            <main>
                <shortName>Войсковая часть 3476</shortName>
                <ogrn>1022402058832</ogrn>
                <rbs>
                    <regNum>0319100000020</regNum>
                    <fullName>Войсковая часть  7486</fullName>
                </rbs>
                <grbs>
                    <regNum>0173100000054</regNum>
                    <fullName>Министерство внутренних дел Российской Федерации</fullName>
                </grbs>
                <orgType>03</orgType>
                <classifier>
                    <okfs>
                        <code>12</code>
                        <name>Федеральная собственность</name>
                    </okfs>
                    <okopf>
                        <code>72</code>
                        <name>Бюджетные учреждения</name>
                    </okopf>
                    <okogu>
                        <code>1310500</code>
                        <name>Министерство внутренних дел Российской Федерации</name>
                    </okogu>
                    <okpo>
                        <code>08578023</code>
                    </okpo>
                    <okato>
                        <code>04401000000</code>
                        <name>Красноярск</name>
                    </okato>
                    <okved>
                        <code>75.24</code>
                        <name>Деятельность по обеспечению общественного порядка и безопасности</name>
                        <type>C</type>
                    </okved>
                </classifier>
                <address>
                    <zip>660123</zip>
                    <subject>
                        <code>24000000000</code>
                        <name>Красноярский край</name>
                    </subject>
                    <city>
                        <code>24000001000</code>
                        <name>Красноярск</name>
                    </city>
                    <street>
                        <name>5-й участок</name>
                    </street>
                </address>
            </main>
            <additional>
                <institutionType>
                    <code>0907000</code>
                    <name>Воинская часть</name>
                </institutionType>
                <ppo>
                    <code>00000000000</code>
                    <name>Российская Федерация</name>
                    <okato>
                        <code>00000000000</code>
                        <name>Объекты административно-территориального деления, кроме сельских населенных пунктов</name>
                    </okato>
                    <oktmo>
                        <code>04600000</code>
                        <name>Муниципальные районы Крас-ноярского края</name>
                    </oktmo>
                </ppo>
                <phone>7-391-2641518</phone>
                <oktmo>
                    <code>04600000</code>
                    <name>Муниципальные районы Крас-ноярского края</name>
                </oktmo>
                <activity>
                    <okved>
                        <code>75.24</code>
                        <name>Деятельность по обеспечению общественного порядка и безопасности</name>
                    </okved>
                    <name>Деятельность по обеспечению общественного порядка и безопасности</name>
                </activity>
                <eMail>vch3476@mail.ru</eMail>
            </additional>
            <other>
                <chief>
                    <lastName>Кутарев</lastName>
                    <firstName>Александр</firstName>
                    <middleName>Леонидович</middleName>
                    <position>Командир части</position>
                </chief>
                <founder>
                    <regNum>0173100000062</regNum>
                    <fullName>Министерство внутренних дел Российской Федерации</fullName>
                </founder>
            </other>
            <document>
                <name>приказ о назначении</name>
                <date>2010-06-03+04:00</date>
                <url>http://bus.gov.ru/public/download/download.html?id=3732422</url>
                <type>S</type>
            </document>
            <document>
                <name>приказ об утверждении наставления</name>
                <date>2007-06-27+04:00</date>
                <url>http://bus.gov.ru/public/download/download.html?id=3732375</url>
                <type>F</type>
            </document>
            <document>
                <name>_20120531_08501504</name>
                <date>2010-06-29+04:00</date>
                <url>http://bus.gov.ru/public/download/download.html?id=3732495</url>
                <type>E</type>
            </document>
            <document>
                <name>_20120531_08490007</name>
                <date>2002-10-24+04:00</date>
                <url>http://bus.gov.ru/public/download/download.html?id=3732468</url>
                <type>E</type>
            </document>
        </ns2:position>
    
<ns2:position xmlns:ns2="http://bus.gov.ru/external/1" xmlns="http://bus.gov.ru/types/1" xmlns:xsi="http://www.w3.org/2001/XMLSchema-instance" xmlns:ns3="http://bus.gov.ru/fk/1">
            <positionId>dcc420de-e361-49e4-9aff-77805ef101eb</positionId>
            <changeDate>2012-10-06T17:29:08.875+04:00</changeDate>
            <placer>
                <regNum>0319100000154</regNum>
                <fullName>федеральное государственное казенное учреждение "Управление вневедомственной охраны Главного управления Министерства внутренних дел Российской Федерации по Красноярскому краю"</fullName>
                <inn>2466253723</inn>
                <kpp>246601001</kpp>
            </placer>
            <initiator>
                <regNum>0319100000154</regNum>
                <fullName>федеральное государственное казенное учреждение "Управление вневедомственной охраны Главного управления Министерства внутренних дел Российской Федерации по Красноярскому краю"</fullName>
                <inn>2466253723</inn>
                <kpp>246601001</kpp>
            </initiator>
            <versionNumber>0</versionNumber>
            <main>
                <shortName>ФГКУ УВО ГУ МВД России по Красноярскому краю</shortName>
                <ogrn>1122468044830</ogrn>
                <rbs>
                    <regNum>0119100000129</regNum>
                    <fullName>Главное управление Министерства внутренних дел Российской Федерации по Красноярскому краю</fullName>
                </rbs>
                <grbs>
                    <regNum>0173100000062</regNum>
                    <fullName>Министерство внутренних дел Российской Федерации</fullName>
                </grbs>
                <orgType>08</orgType>
                <classifier>
                    <okfs>
                        <code>12</code>
                        <name>Федеральная собственность</name>
                    </okfs>
                    <okopf>
                        <code>74</code>
                        <name>Казенные учреждения</name>
                    </okopf>
                    <okogu>
                        <code>1310500</code>
                        <name>Министерство внутренних дел Российской Федерации</name>
                    </okogu>
                    <okpo>
                        <code>08596110</code>
                    </okpo>
                    <okato>
                        <code>04401000000</code>
                        <name>Красноярск</name>
                    </okato>
                    <okved>
                        <code>75.24.1</code>
                        <name>Деятельность органов внутренних дел</name>
                        <type>C</type>
                    </okved>
                </classifier>
                <address>
                    <zip>660049</zip>
                    <subject>
                        <code>24000000000</code>
                        <name>Красноярский край</name>
                    </subject>
                    <city>
                        <code>24000001000</code>
                        <name>Красноярск г</name>
                    </city>
                    <street>
                        <code>240000010000443</code>
                        <name>Мира пр-кт</name>
                    </street>
                    <building>72</building>
                </address>
            </main>
            <additional>
                <institutionType>
                    <code>9900000</code>
                    <name>Прочие</name>
                </institutionType>
                <ppo>
                    <code>00000000000</code>
                    <name>Российская Федерация</name>
                    <okato>
                        <code>00000000000</code>
                        <name>Объекты административно-территориального деления, кроме сельских населенных пунктов</name>
                    </okato>
                </ppo>
                <phone>8-391-2274938</phone>
                <www>http://www.krasuvo.ru</www>
                <section>188</section>
                <oktmo>
                    <code>04701000</code>
                    <name>город Красноярск</name>
                </oktmo>
                <activity>
                    <okved>
                        <code>75.24.1</code>
                        <name>Деятельность органов внутренних дел</name>
                    </okved>
                    <name>Деятельность органов внутренних дел</name>
                </activity>
            </additional>
            <other>
                <chief>
                    <lastName>Кириллов</lastName>
                    <firstName>Евгений</firstName>
                    <middleName>Владимирович</middleName>
                    <position>Начальник</position>
                </chief>
                <founder>
                    <regNum>0173100000062</regNum>
                    <fullName>Министерство внутренних дел Российской Федерации</fullName>
                </founder>
            </other>
            <document>
                <name>Приказ №432</name>
                <date>2012-05-05+04:00</date>
                <url>http://bus.gov.ru/public/download/download.html?id=5603632</url>
                <type>S</type>
            </document>
            <document>
                <name>Выписка из ЕГРЮЛ</name>
                <date>2012-08-15+04:00</date>
                <url>http://bus.gov.ru/public/download/download.html?id=5603635</url>
                <type>F</type>
            </document>
            <document>
                <name>Свидетельство о гос.регистрации ЮЛ</name>
                <date>2012-08-15+04:00</date>
                <url>http://bus.gov.ru/public/download/download.html?id=5603630</url>
                <type>E</type>
            </document>
        </ns2:position>
    

    </ns2:body>
    </ns2:institutionInfo>        
        