<?xml version="1.0" encoding="UTF-8" standalone="yes"?>
<ns2:institutionInfo xsi:schemaLocation="http://bus.gov.ru/public/schema/TFF-0.1.3.1/External.xsd" xmlns="http://bus.gov.ru/types/1" xmlns:ns2="http://bus.gov.ru/external/1" xmlns:xsi="http://www.w3.org/2001/XMLSchema-instance" xmlns:ns3="http://bus.gov.ru/fk/1">
    <ns2:body>                        
	<ns2:position xmlns:ns2="http://bus.gov.ru/external/1" xmlns="http://bus.gov.ru/types/1" xmlns:xsi="http://www.w3.org/2001/XMLSchema-instance" xmlns:ns3="http://bus.gov.ru/fk/1">
            <positionId>90ca2cc0-5233-4f73-9d68-1f45d4536dd5</positionId>
            <changeDate>2012-07-12T16:07:48.213+04:00</changeDate>
            <placer>
                <regNum>0821100000036</regNum>
                <fullName>федеральное казенное учреждение здравоохранения "Медико-санитарная часть Министерства внутренних дел Российской Федерации по Ставропольскому краю"</fullName>
                <inn>2634069743</inn>
                <kpp>263401001</kpp>
            </placer>
            <initiator>
                <regNum>0821100000036</regNum>
                <fullName>федеральное казенное учреждение здравоохранения "Медико-санитарная часть Министерства внутренних дел Российской Федерации по Ставропольскому краю"</fullName>
                <inn>2634069743</inn>
                <kpp>263401001</kpp>
            </initiator>
            <versionNumber>0</versionNumber>
            <main>
                <shortName>ФКУЗ "МСЧ МВД России по Ставропольскому краю"</shortName>
                <ogrn>1062635066086</ogrn>
                <grbs>
                    <regNum>0173100000062</regNum>
                    <fullName>Министерство внутренних дел Российской Федерации</fullName>
                </grbs>
                <orgType>08</orgType>
                <classifier>
                    <okfs>
                        <code>12</code>
                        <name>Федеральная собственность</name>
                    </okfs>
                    <okopf>
                        <code>72</code>
                        <name>Бюджетные учреждения</name>
                    </okopf>
                    <okogu>
                        <code>1310500</code>
                        <name>Министерство внутренних дел Российской Федерации</name>
                    </okogu>
                    <okpo>
                        <code>08813085</code>
                    </okpo>
                    <okato>
                        <code>07401000000</code>
                        <name>Ставрополь</name>
                    </okato>
                    <okved>
                        <code>85.14.1</code>
                        <name>Деятельность среднего медицинского персонала</name>
                        <type>O</type>
                    </okved>
                    <okved>
                        <code>85.32</code>
                        <name>Предоставление социальных услуг без обеспечения проживания</name>
                        <type>O</type>
                    </okved>
                    <okved>
                        <code>85.14.5</code>
                        <name>Деятельность учреждений санитарно-эпидемиологической службы</name>
                        <type>O</type>
                    </okved>
                    <okved>
                        <code>85.11.1</code>
                        <name>Деятельность больничных учреждений широкого профиля и специализированных</name>
                        <type>C</type>
                    </okved>
                    <okved>
                        <code>85.12</code>
                        <name>Врачебная практика</name>
                        <type>O</type>
                    </okved>
                    <okved>
                        <code>85.14.3</code>
                        <name>Деятельность медицинских лабораторий</name>
                        <type>O</type>
                    </okved>
                </classifier>
                <address>
                    <zip>355000</zip>
                    <subject>
                        <code>26000000000</code>
                        <name>Ставропольский край</name>
                    </subject>
                    <city>
                        <code>26000001000</code>
                        <name>Ставрополь г</name>
                    </city>
                    <street>
                        <code>260000010000319</code>
                        <name>Октябрьской Революции пр-кт</name>
                    </street>
                    <building>53</building>
                </address>
            </main>
            <additional>
                <institutionType>
                    <code>0509000</code>
                    <name>Медико-санитарная часть, в том числе центральная</name>
                </institutionType>
                <ppo>
                    <code>00000000000</code>
                    <name>Российская Федерация</name>
                    <okato>
                        <code>00000000000</code>
                        <name>Объекты административно-территориального деления, кроме сельских населенных пунктов</name>
                    </okato>
                    <oktmo>
                        <code>07701000</code>
                        <name> город Ставрополь</name>
                    </oktmo>
                </ppo>
                <phone>7-8652-304217</phone>
                <section>188</section>
                <oktmo>
                    <code>07701000</code>
                    <name> город Ставрополь</name>
                </oktmo>
                <activity>
                    <okved>
                        <code>85.32</code>
                        <name>Предоставление социальных услуг без обеспечения проживания</name>
                    </okved>
                    <name>Предоставление социальных услуг без обеспечения проживания</name>
                </activity>
                <activity>
                    <okved>
                        <code>85.11.1</code>
                        <name>Деятельность больничных учреждений широкого профиля и специализированных</name>
                    </okved>
                    <name>Деятельность больничных учреждений широкого профиля и специализированных</name>
                </activity>
                <activity>
                    <okved>
                        <code>85.14.5</code>
                        <name>Деятельность учреждений санитарно-эпидемиологической службы</name>
                    </okved>
                    <name>Деятельность учреждений санитарно-эпидемиологической службы</name>
                </activity>
                <activity>
                    <okved>
                        <code>85.12</code>
                        <name>Врачебная практика</name>
                    </okved>
                    <name>Врачебная практика</name>
                </activity>
                <activity>
                    <okved>
                        <code>85.14.3</code>
                        <name>Деятельность медицинских лабораторий</name>
                    </okved>
                    <name>Деятельность медицинских лабораторий</name>
                </activity>
                <activity>
                    <okved>
                        <code>85.14.1</code>
                        <name>Деятельность среднего медицинского персонала</name>
                    </okved>
                    <name>Деятельность среднего медицинского персонала</name>
                </activity>
                <eMail>msch.stk.guvd@mail.ru</eMail>
            </additional>
            <other>
                <chief>
                    <lastName>Гвоздиков </lastName>
                    <firstName>Андрей</firstName>
                    <middleName>Николаевич</middleName>
                    <position>Начальник</position>
                </chief>
                <founder>
                    <regNum>0173100000062</regNum>
                    <fullName>Министерство внутренних дел Российской Федерации</fullName>
                </founder>
            </other>
            <document>
                <name>Выписка на И.О. начальника</name>
                <date>2012-05-16+04:00</date>
                <url>http://bus.gov.ru/public/download/download.html?id=3744912</url>
                <type>S</type>
            </document>
            <document>
                <name>Устав 12</name>
                <date>2005-12-30+03:00</date>
                <url>http://bus.gov.ru/public/download/download.html?id=3743375</url>
                <type>F</type>
            </document>
            <document>
                <name>Устав 13</name>
                <date>2005-12-30+03:00</date>
                <url>http://bus.gov.ru/public/download/download.html?id=3743539</url>
                <type>F</type>
            </document>
            <document>
                <name>Устав 2</name>
                <date>2005-12-30+03:00</date>
                <url>http://bus.gov.ru/public/download/download.html?id=3740796</url>
                <type>F</type>
            </document>
            <document>
                <name>Устав 7</name>
                <date>2005-12-30+03:00</date>
                <url>http://bus.gov.ru/public/download/download.html?id=3742053</url>
                <type>F</type>
            </document>
            <document>
                <name>Устав 4</name>
                <date>2005-12-30+03:00</date>
                <url>http://bus.gov.ru/public/download/download.html?id=3741416</url>
                <type>F</type>
            </document>
            <document>
                <name>Устав 5</name>
                <date>2005-12-30+03:00</date>
                <url>http://bus.gov.ru/public/download/download.html?id=3741618</url>
                <type>F</type>
            </document>
            <document>
                <name>Устав 3</name>
                <date>2005-12-30+03:00</date>
                <url>http://bus.gov.ru/public/download/download.html?id=3741099</url>
                <type>F</type>
            </document>
            <document>
                <name>Устав 6</name>
                <date>2005-12-30+03:00</date>
                <url>http://bus.gov.ru/public/download/download.html?id=3741885</url>
                <type>F</type>
            </document>
            <document>
                <name>Устав 9</name>
                <date>2005-12-30+03:00</date>
                <url>http://bus.gov.ru/public/download/download.html?id=3742570</url>
                <type>F</type>
            </document>
            <document>
                <name>Устав 10</name>
                <date>2005-12-30+03:00</date>
                <url>http://bus.gov.ru/public/download/download.html?id=3742978</url>
                <type>F</type>
            </document>
            <document>
                <name>Устав 11</name>
                <date>2005-12-30+03:00</date>
                <url>http://bus.gov.ru/public/download/download.html?id=3743175</url>
                <type>F</type>
            </document>
            <document>
                <name>Устав 15</name>
                <date>2005-12-30+03:00</date>
                <url>http://bus.gov.ru/public/download/download.html?id=3743961</url>
                <type>F</type>
            </document>
            <document>
                <name>Приказ об Уставе</name>
                <date>2005-12-30+03:00</date>
                <url>http://bus.gov.ru/public/download/download.html?id=3740149</url>
                <type>F</type>
            </document>
            <document>
                <name>Устав 8</name>
                <date>2005-12-30+03:00</date>
                <url>http://bus.gov.ru/public/download/download.html?id=3742398</url>
                <type>F</type>
            </document>
            <document>
                <name>Устав 1</name>
                <date>2005-12-30+03:00</date>
                <url>http://bus.gov.ru/public/download/download.html?id=3740330</url>
                <type>F</type>
            </document>
            <document>
                <name>Устав 14</name>
                <date>2005-12-30+03:00</date>
                <url>http://bus.gov.ru/public/download/download.html?id=3743730</url>
                <type>F</type>
            </document>
            <document>
                <name>Свидетельство ОГРН 2006</name>
                <date>2006-03-28+04:00</date>
                <url>http://bus.gov.ru/public/download/download.html?id=3744625</url>
                <type>E</type>
            </document>
            <document>
                <name>Свидетельство ЕГРЮД 2012</name>
                <date>2012-05-25+04:00</date>
                <url>http://bus.gov.ru/public/download/download.html?id=3744426</url>
                <type>E</type>
            </document>
        </ns2:position>
    
<ns2:position xmlns:ns2="http://bus.gov.ru/external/1" xmlns="http://bus.gov.ru/types/1" xmlns:xsi="http://www.w3.org/2001/XMLSchema-instance" xmlns:ns3="http://bus.gov.ru/fk/1">
            <positionId>336da643-bff3-40b5-ad2d-9f7559b6fe74</positionId>
            <changeDate>2012-06-13T14:18:19.838+04:00</changeDate>
            <placer>
                <regNum>0321100000327</regNum>
                <fullName>Отдел вневедомственной охраны межмуниципального отдела Министерства внутренних дел Российской Федерации "Георгиевский"</fullName>
                <inn>2625004549</inn>
                <kpp>262501001</kpp>
            </placer>
            <initiator>
                <regNum>0321100000327</regNum>
                <fullName>Отдел вневедомственной охраны межмуниципального отдела Министерства внутренних дел Российской Федерации "Георгиевский"</fullName>
                <inn>2625004549</inn>
                <kpp>262501001</kpp>
            </initiator>
            <versionNumber>2</versionNumber>
            <main>
                <shortName>ОВО межмуниципального отдела МВД России "Георгиевский"</shortName>
                <ogrn>1022601165674</ogrn>
                <rbs>
                    <regNum>0121100000077</regNum>
                    <fullName>Управление вневедомственной охраны Главного управления Министерства внутренних дел Российской Федерации по Ставропольскому краю</fullName>
                </rbs>
                <grbs>
                    <regNum>0173100000062</regNum>
                    <fullName>Министерство внутренних дел Российской Федерации</fullName>
                </grbs>
                <orgType>03</orgType>
                <classifier>
                    <okfs>
                        <code>12</code>
                        <name>Федеральная собственность</name>
                    </okfs>
                    <okopf>
                        <code>72</code>
                        <name>Бюджетные учреждения</name>
                    </okopf>
                    <okogu>
                        <code>1310500</code>
                        <name>Министерство внутренних дел Российской Федерации</name>
                    </okogu>
                    <okpo>
                        <code>08697176</code>
                    </okpo>
                    <okato>
                        <code>07407000000</code>
                        <name>Георгиевск</name>
                    </okato>
                    <okved>
                        <code>75.24.1</code>
                        <name>Деятельность органов внутренних дел</name>
                        <type>C</type>
                    </okved>
                </classifier>
                <address>
                    <zip>357820</zip>
                    <subject>
                        <code>26000000000</code>
                        <name>Ставропольский край</name>
                    </subject>
                    <city>
                        <code>26000009000</code>
                        <name>Георгиевск г</name>
                    </city>
                    <street>
                        <code>260000090000106</code>
                        <name>Маяковского ул</name>
                    </street>
                    <building>81</building>
                </address>
            </main>
            <additional>
                <institutionType>
                    <code>9900000</code>
                    <name>Прочие</name>
                </institutionType>
                <ppo>
                    <code>00000000000</code>
                    <name>Российская Федерация</name>
                    <okato>
                        <code>00000000000</code>
                        <name>Объекты административно-территориального деления, кроме сельских населенных пунктов</name>
                    </okato>
                </ppo>
                <phone>643-87951-51254</phone>
                <oktmo>
                    <code>07707000</code>
                    <name> город Георгиевск</name>
                </oktmo>
                <activity>
                    <okved>
                        <code>75.24.1</code>
                        <name>Деятельность органов внутренних дел</name>
                    </okved>
                    <name>Деятельность органов внутренних дел</name>
                </activity>
            </additional>
            <other>
                <chief>
                    <lastName>Кучаво</lastName>
                    <firstName>Евгений</firstName>
                    <middleName>Геннадьевич</middleName>
                    <position>Начальник  отдела</position>
                </chief>
                <founder>
                    <regNum>0173100000062</regNum>
                    <fullName>Министерство внутренних дел Российской Федерации</fullName>
                </founder>
            </other>
            <document>
                <name>Выписка из приказа о назначении руководителя</name>
                <date>2012-05-15+04:00</date>
                <url>http://bus.gov.ru/public/download/download.html?id=4043585</url>
                <type>S</type>
            </document>
            <document>
                <name>Приказ об утверждении Положений</name>
                <date>2012-05-15+04:00</date>
                <url>http://bus.gov.ru/public/download/download.html?id=4043586</url>
                <type>F</type>
            </document>
            <document>
                <name>Положение об Отделе вневедомственной охраны</name>
                <date>2012-05-15+04:00</date>
                <url>http://bus.gov.ru/public/download/download.html?id=4043587</url>
                <type>F</type>
            </document>
            <document>
                <name>Свидетельство ЕГРЮЛ</name>
                <date>2012-05-15+04:00</date>
                <url>http://bus.gov.ru/public/download/download.html?id=4043588</url>
                <type>E</type>
            </document>
            <document>
                <name>Свидетельство о постановке на учет в налоговом органе</name>
                <date>2012-05-15+04:00</date>
                <url>http://bus.gov.ru/public/download/download.html?id=4043589</url>
                <type>E</type>
            </document>
        </ns2:position>
    
<ns2:position xmlns:ns2="http://bus.gov.ru/external/1" xmlns="http://bus.gov.ru/types/1" xmlns:xsi="http://www.w3.org/2001/XMLSchema-instance" xmlns:ns3="http://bus.gov.ru/fk/1">
            <positionId>291df8f4-f080-46ce-80af-195ad02c8879</positionId>
            <changeDate>2012-06-27T19:35:42.523+04:00</changeDate>
            <placer>
                <regNum>0321100000231</regNum>
                <fullName>Войсковая часть 3772</fullName>
                <inn>1512008237</inn>
                <kpp>261901001</kpp>
            </placer>
            <initiator>
                <regNum>0321100000231</regNum>
                <fullName>Войсковая часть 3772</fullName>
                <inn>1512008237</inn>
                <kpp>261901001</kpp>
            </initiator>
            <versionNumber>0</versionNumber>
            <main>
                <shortName>В/ч 3772</shortName>
                <ogrn>1021500980214</ogrn>
                <rbs>
                    <regNum>0310100000005</regNum>
                    <fullName>Войсковая часть 3748</fullName>
                </rbs>
                <grbs>
                    <regNum>0173100000062</regNum>
                    <fullName>Министерство внутренних дел Российской Федерации</fullName>
                </grbs>
                <orgType>03</orgType>
                <classifier>
                    <okfs>
                        <code>12</code>
                        <name>Федеральная собственность</name>
                    </okfs>
                    <okopf>
                        <code>81</code>
                        <name>Учреждения</name>
                    </okopf>
                    <okogu>
                        <code>1310500</code>
                        <name>Министерство внутренних дел Российской Федерации</name>
                    </okogu>
                    <okpo>
                        <code>08605872</code>
                    </okpo>
                    <okato>
                        <code>07250501000</code>
                        <name>Зеленокумск</name>
                    </okato>
                    <okved>
                        <code>75.22</code>
                        <name>Деятельность, связанная с обеспечением военной безопасности</name>
                        <type>C</type>
                    </okved>
                </classifier>
                <address>
                    <zip>357913</zip>
                    <subject>
                        <code>26000000000</code>
                        <name>Ставропольский край</name>
                    </subject>
                    <region>
                        <code>26023000000</code>
                        <name>Советский</name>
                    </region>
                    <city>
                        <code>26023001000</code>
                        <name>Зеленокумск</name>
                    </city>
                    <street>
                        <name>Первомайская </name>
                    </street>
                    <building>120</building>
                </address>
            </main>
            <additional>
                <institutionType>
                    <code>0900000</code>
                    <name>Национальная оборона</name>
                </institutionType>
                <ppo>
                    <code>00000000000</code>
                    <name>Российская Федерация</name>
                    <okato>
                        <code>00000000000</code>
                        <name>Объекты административно-территориального деления, кроме сельских населенных пунктов</name>
                    </okato>
                    <oktmo>
                        <code>07650101</code>
                        <name> город Зеленокумск</name>
                    </oktmo>
                </ppo>
                <phone>7-86552-34306</phone>
                <oktmo>
                    <code>07650101</code>
                    <name> город Зеленокумск</name>
                </oktmo>
                <activity>
                    <okved>
                        <code>75.22</code>
                        <name>Деятельность, связанная с обеспечением военной безопасности</name>
                    </okved>
                    <name>Национальная оборона</name>
                </activity>
                <eMail>fs3772@mail.ru</eMail>
            </additional>
            <other>
                <chief>
                    <lastName>Науменко </lastName>
                    <firstName>Сергей</firstName>
                    <middleName>Александрович</middleName>
                    <position>Командир части</position>
                </chief>
                <founder>
                    <regNum>0173100000062</regNum>
                    <fullName>Министерство внутренних дел Российской Федерации</fullName>
                </founder>
            </other>
            <document>
                <name>Документ Microsoft Office Word (2)</name>
                <date>2012-06-01+04:00</date>
                <url>http://bus.gov.ru/public/download/download.html?id=4324447</url>
                <type>S</type>
            </document>
            <document>
                <name>Зарегистрировано в Минюсте РФ 26 ноября 2003 г № 884</name>
                <date>2003-11-26+03:00</date>
                <url>http://bus.gov.ru/public/download/download.html?id=4313038</url>
                <type>F</type>
            </document>
            <document>
                <name>ИНН</name>
                <date>2006-06-02+04:00</date>
                <url>http://bus.gov.ru/public/download/download.html?id=4324369</url>
                <type>E</type>
            </document>
            <document>
                <name>ОГРН</name>
                <date>2012-02-20+04:00</date>
                <url>http://bus.gov.ru/public/download/download.html?id=4324326</url>
                <type>E</type>
            </document>
        </ns2:position>
    
<ns2:position xmlns:ns2="http://bus.gov.ru/external/1" xmlns="http://bus.gov.ru/types/1" xmlns:xsi="http://www.w3.org/2001/XMLSchema-instance" xmlns:ns3="http://bus.gov.ru/fk/1">
            <positionId>49bae003-3b14-4614-8181-b550f0df1cb9</positionId>
            <changeDate>2012-07-02T16:53:13.109+04:00</changeDate>
            <placer>
                <regNum>0821100000029</regNum>
                <fullName>федеральное казенное учреждение "Южная база хранения ресурсов Министерства внутренних дел Российской Федерации"</fullName>
                <inn>2626022491</inn>
                <kpp>262601001</kpp>
            </placer>
            <initiator>
                <regNum>0821100000029</regNum>
                <fullName>федеральное казенное учреждение "Южная база хранения ресурсов Министерства внутренних дел Российской Федерации"</fullName>
                <inn>2626022491</inn>
                <kpp>262601001</kpp>
            </initiator>
            <versionNumber>1</versionNumber>
            <main>
                <shortName>ФКУ "ЮБХР МВД России"</shortName>
                <ogrn>1032600461079</ogrn>
                <rbs>
                    <regNum>0858100000044</regNum>
                    <fullName>федеральное казенное учреждение "Северо-Кавказское окружное управление материально-технического снабжения Министерства внутренних дел Российской Федерации"</fullName>
                </rbs>
                <grbs>
                    <regNum>0173100000062</regNum>
                    <fullName>Министерство внутренних дел Российской Федерации</fullName>
                </grbs>
                <orgType>08</orgType>
                <classifier>
                    <okfs>
                        <code>12</code>
                        <name>Федеральная собственность</name>
                    </okfs>
                    <okopf>
                        <code>72</code>
                        <name>Бюджетные учреждения</name>
                    </okopf>
                    <okogu>
                        <code>1310500</code>
                        <name>Министерство внутренних дел Российской Федерации</name>
                    </okogu>
                    <okpo>
                        <code>08570317</code>
                    </okpo>
                    <okato>
                        <code>07410000000</code>
                        <name>Ессентуки</name>
                    </okato>
                    <okved>
                        <code>51.70</code>
                        <name>Прочая оптовая торговля</name>
                        <type>C</type>
                    </okved>
                </classifier>
                <address>
                    <zip>357623</zip>
                    <subject>
                        <code>26000000000</code>
                        <name>Ставропольский край</name>
                    </subject>
                    <city>
                        <code>26000002000</code>
                        <name>Ессентуки г</name>
                    </city>
                    <street>
                        <code>260000020000183</code>
                        <name>Попова ул</name>
                    </street>
                    <building>75</building>
                </address>
            </main>
            <additional>
                <institutionType>
                    <code>0617010</code>
                    <name>Государственное учреждение</name>
                </institutionType>
                <ppo>
                    <code>00000000000</code>
                    <name>Российская Федерация</name>
                    <okato>
                        <code>00000000000</code>
                        <name>Объекты административно-территориального деления, кроме сельских населенных пунктов</name>
                    </okato>
                    <oktmo>
                        <code>07710000</code>
                        <name> город-курорт Ессентуки</name>
                    </oktmo>
                </ppo>
                <phone>7-87934-65257</phone>
                <section>188</section>
                <oktmo>
                    <code>07710000</code>
                    <name> город-курорт Ессентуки</name>
                </oktmo>
                <activity>
                    <okved>
                        <code>51.70</code>
                        <name>Прочая оптовая торговля</name>
                    </okved>
                    <name>хранение и складирование</name>
                </activity>
            </additional>
            <other>
                <chief>
                    <lastName>Каплуновский</lastName>
                    <firstName>Андрей</firstName>
                    <middleName>Вячеславович</middleName>
                    <position>Начальник базы</position>
                </chief>
                <founder>
                    <regNum>0173100000062</regNum>
                    <fullName>Министерство внутренних дел Российской Федерации</fullName>
                </founder>
            </other>
            <document>
                <name>Выписка из приказа на начальника</name>
                <date>2010-11-22+03:00</date>
                <url>http://bus.gov.ru/public/download/download.html?id=4372635</url>
                <type>S</type>
            </document>
            <document>
                <name>приказ №15 от 24.05.1994</name>
                <date>1994-05-24+04:00</date>
                <url>http://bus.gov.ru/public/download/download.html?id=4372636</url>
                <type>C</type>
            </document>
            <document>
                <name>Приказ № 20</name>
                <date>1995-06-06+04:00</date>
                <url>http://bus.gov.ru/public/download/download.html?id=4372637</url>
                <type>C</type>
            </document>
            <document>
                <name>Приказ № 173 утверждение устава</name>
                <date>2010-03-09+03:00</date>
                <url>http://bus.gov.ru/public/download/download.html?id=4372638</url>
                <type>F</type>
            </document>
            <document>
                <name>приказ № 422</name>
                <date>2011-05-30+04:00</date>
                <url>http://bus.gov.ru/public/download/download.html?id=4372639</url>
                <type>F</type>
            </document>
            <document>
                <name>отчет ЮБХР  на согласование</name>
                <date>2012-07-02+04:00</date>
                <url>http://bus.gov.ru/public/download/download.html?id=4410158</url>
                <type>O</type>
            </document>
            <document>
                <name>свидетельство ИНН</name>
                <date>1995-09-12+04:00</date>
                <url>http://bus.gov.ru/public/download/download.html?id=4372640</url>
                <type>E</type>
            </document>
            <document>
                <name>Выписка из ЕГРЮЛ на 23.05.2012</name>
                <date>2012-05-23+04:00</date>
                <url>http://bus.gov.ru/public/download/download.html?id=4372641</url>
                <type>E</type>
            </document>
            <document>
                <name>свидетельство о внесении в ЕГРЮЛ</name>
                <date>2011-07-04+04:00</date>
                <url>http://bus.gov.ru/public/download/download.html?id=4372642</url>
                <type>E</type>
            </document>
        </ns2:position>
    
<ns2:position xmlns:ns2="http://bus.gov.ru/external/1" xmlns="http://bus.gov.ru/types/1" xmlns:xsi="http://www.w3.org/2001/XMLSchema-instance" xmlns:ns3="http://bus.gov.ru/fk/1">
            <positionId>6830398b-985b-418e-9560-891f9818508a</positionId>
            <changeDate>2012-07-05T16:31:00.686+04:00</changeDate>
            <placer>
                <regNum>0821100000031</regNum>
                <fullName>федеральное казенное учреждение здравоохранения "Санаторий "Железноводск" Министерства внутренних дел Российской Федерации"</fullName>
                <inn>2627012055</inn>
                <kpp>262701001</kpp>
            </placer>
            <initiator>
                <regNum>0821100000031</regNum>
                <fullName>федеральное казенное учреждение здравоохранения "Санаторий "Железноводск" Министерства внутренних дел Российской Федерации"</fullName>
                <inn>2627012055</inn>
                <kpp>262701001</kpp>
            </initiator>
            <versionNumber>0</versionNumber>
            <main>
                <shortName>ФКУЗ "Санаторий "Железноводск" МВД России"</shortName>
                <ogrn>1022603425646</ogrn>
                <rbs>
                    <regNum>0173100000054</regNum>
                    <fullName>Министерство внутренних дел Российской Федерации</fullName>
                </rbs>
                <grbs>
                    <regNum>0173100000054</regNum>
                    <fullName>Министерство внутренних дел Российской Федерации</fullName>
                </grbs>
                <orgType>08</orgType>
                <classifier>
                    <okfs>
                        <code>12</code>
                        <name>Федеральная собственность</name>
                    </okfs>
                    <okopf>
                        <code>72</code>
                        <name>Бюджетные учреждения</name>
                    </okopf>
                    <okogu>
                        <code>1310500</code>
                        <name>Министерство внутренних дел Российской Федерации</name>
                    </okogu>
                    <okpo>
                        <code>08585000</code>
                    </okpo>
                    <okato>
                        <code>07412000000</code>
                        <name>Железноводск</name>
                    </okato>
                    <okved>
                        <code>85.11.2</code>
                        <name>Деятельность санаторно-курортных учреждений</name>
                        <type>C</type>
                    </okved>
                </classifier>
                <address>
                    <zip>357400</zip>
                    <subject>
                        <code>26000000000</code>
                        <name>Ставропольский край</name>
                    </subject>
                    <city>
                        <code>26000003000</code>
                        <name>Железноводск г</name>
                    </city>
                    <street>
                        <code>260000030000017</code>
                        <name>Ленина ул</name>
                    </street>
                    <building>2</building>
                </address>
            </main>
            <additional>
                <institutionType>
                    <code>0500000</code>
                    <name>Здравоохранение</name>
                </institutionType>
                <ppo>
                    <code>00000000000</code>
                    <name>Российская Федерация</name>
                    <okato>
                        <code>00000000000</code>
                        <name>Объекты административно-территориального деления, кроме сельских населенных пунктов</name>
                    </okato>
                </ppo>
                <phone>7-87932-32651</phone>
                <www>http://http/san-mvd.ru</www>
                <section>188</section>
                <oktmo>
                    <code>07712000</code>
                    <name> город-курорт Железноводск</name>
                </oktmo>
                <activity>
                    <okved>
                        <code>85.11.2</code>
                        <name>Деятельность санаторно-курортных учреждений</name>
                    </okved>
                    <name>санаторно-курортная деятельность</name>
                </activity>
                <eMail>zeleznovodsk_san@mail.ru</eMail>
            </additional>
            <other>
                <chief>
                    <lastName>КИРИЧЕНКО</lastName>
                    <firstName>НИКОЛАЙ</firstName>
                    <middleName>НИКОЛАЕВИЧ</middleName>
                    <position>Начальник</position>
                </chief>
                <founder>
                    <regNum>0173100000062</regNum>
                    <fullName>Министерство внутренних дел Российской Федерации</fullName>
                </founder>
            </other>
            <document>
                <name>выписка+из+приказа</name>
                <date>2002-04-27+04:00</date>
                <url>http://bus.gov.ru/public/download/download.html?id=4471666</url>
                <type>S</type>
            </document>
            <document>
                <name>изменения+в+приказ+об+утверждении+устава+санатория</name>
                <date>2011-05-31+04:00</date>
                <url>http://bus.gov.ru/public/download/download.html?id=4471561</url>
                <type>F</type>
            </document>
            <document>
                <name>Устав+санатория+2010</name>
                <date>2009-12-19+03:00</date>
                <url>http://bus.gov.ru/public/download/download.html?id=4471447</url>
                <type>F</type>
            </document>
            <document>
                <name>ОГРН</name>
                <date>2011-07-14+04:00</date>
                <url>http://bus.gov.ru/public/download/download.html?id=4471641</url>
                <type>E</type>
            </document>
            <document>
                <name>ИНН+новый</name>
                <date>1994-10-18+03:00</date>
                <url>http://bus.gov.ru/public/download/download.html?id=4471616</url>
                <type>E</type>
            </document>
        </ns2:position>
    
<ns2:position xmlns:ns2="http://bus.gov.ru/external/1" xmlns="http://bus.gov.ru/types/1" xmlns:xsi="http://www.w3.org/2001/XMLSchema-instance" xmlns:ns3="http://bus.gov.ru/fk/1">
            <positionId>d142c84e-7360-43f7-9938-fc1cff5174cb</positionId>
            <changeDate>2012-10-17T11:07:26.664+04:00</changeDate>
            <placer>
                <regNum>0121100000077</regNum>
                <fullName>федеральное государственное казенное учреждение "Управление вневедомственной охраны Главного управления Министерства внутренних дел Российской Федерации по Ставропольскому краю"</fullName>
                <inn>2636804385</inn>
                <kpp>263601001</kpp>
            </placer>
            <initiator>
                <regNum>0121100000077</regNum>
                <fullName>федеральное государственное казенное учреждение "Управление вневедомственной охраны Главного управления Министерства внутренних дел Российской Федерации по Ставропольскому краю"</fullName>
                <inn>2636804385</inn>
                <kpp>263601001</kpp>
            </initiator>
            <versionNumber>0</versionNumber>
            <main>
                <shortName>ФГКУ УВО ГУ МВД России по Ставропольскому краю</shortName>
                <ogrn>1122651024066</ogrn>
                <rbs>
                    <regNum>0121100000034</regNum>
                    <fullName>Главное управление Министерства внутренних дел Российской Федерации по Ставропольскому краю</fullName>
                </rbs>
                <grbs>
                    <regNum>0173100000062</regNum>
                    <fullName>Министерство внутренних дел Российской Федерации</fullName>
                </grbs>
                <orgType>08</orgType>
                <classifier>
                    <okfs>
                        <code>12</code>
                        <name>Федеральная собственность</name>
                    </okfs>
                    <okopf>
                        <code>74</code>
                        <name>Казенные учреждения</name>
                    </okopf>
                    <okogu>
                        <code>1310500</code>
                        <name>Министерство внутренних дел Российской Федерации</name>
                    </okogu>
                    <okpo>
                        <code>08684713</code>
                    </okpo>
                    <okato>
                        <code>07401366000</code>
                        <name>Октябрьский</name>
                    </okato>
                    <okved>
                        <code>75.24.1</code>
                        <name>Деятельность органов внутренних дел</name>
                        <type>C</type>
                    </okved>
                </classifier>
                <address>
                    <zip>355008</zip>
                    <subject>
                        <code>26000000000</code>
                        <name>Ставропольский край</name>
                    </subject>
                    <city>
                        <code>26000001000</code>
                        <name>Ставрополь г</name>
                    </city>
                    <street>
                        <code>260000010000175</code>
                        <name>Калинина ул</name>
                    </street>
                    <building>2</building>
                </address>
            </main>
            <additional>
                <institutionType>
                    <code>9900000</code>
                    <name>Прочие</name>
                </institutionType>
                <ppo>
                    <code>00000000000</code>
                    <name>Российская Федерация</name>
                    <okato>
                        <code>00000000000</code>
                        <name>Объекты административно-территориального деления, кроме сельских населенных пунктов</name>
                    </okato>
                    <oktmo>
                        <code>07701000</code>
                        <name>Город Ставрополь</name>
                    </oktmo>
                </ppo>
                <phone>8-8652-284985</phone>
                <www>http://www.uvoguvdsk.ru/</www>
                <section>188</section>
                <oktmo>
                    <code>07701000</code>
                    <name>Город Ставрополь</name>
                </oktmo>
                <activity>
                    <okved>
                        <code>75.24.1</code>
                        <name>Деятельность органов внутренних дел</name>
                        <type>C</type>
                    </okved>
                    <name>Деятельность органов внутренних дел</name>
                </activity>
                <eMail>uvostav26@yandex.ru</eMail>
            </additional>
            <other>
                <chief>
                    <lastName>Прозоров</lastName>
                    <firstName>Юрий</firstName>
                    <middleName>Евгеньевич</middleName>
                    <position>Начальник</position>
                </chief>
                <founder>
                    <regNum>0173100000062</regNum>
                    <fullName>Министерство внутренних дел Российской Федерации</fullName>
                </founder>
            </other>
            <document>
                <name>Приказ о назначении</name>
                <date>2012-08-02+04:00</date>
                <url>http://bus.gov.ru/public/download/download.html?id=5845111</url>
                <type>S</type>
            </document>
            <document>
                <name>Приказ об утверждении Положений</name>
                <date>2012-08-07+04:00</date>
                <url>http://bus.gov.ru/public/download/download.html?id=5845817</url>
                <type>L</type>
            </document>
            <document>
                <name>Положения</name>
                <date>2012-08-07+04:00</date>
                <url>http://bus.gov.ru/public/download/download.html?id=5846191</url>
                <type>L</type>
            </document>
            <document>
                <name>Распоряжение 2437-р</name>
                <date>2011-12-30+04:00</date>
                <url>http://bus.gov.ru/public/download/download.html?id=5844897</url>
            </document>
            <document>
                <name>Устав ФГКУ</name>
                <date>2012-05-05+04:00</date>
                <url>http://bus.gov.ru/public/download/download.html?id=5844759</url>
                <type>F</type>
            </document>
            <document>
                <name>Св-во о регистрации</name>
                <date>2012-08-17+04:00</date>
                <url>http://bus.gov.ru/public/download/download.html?id=5844050</url>
                <type>E</type>
            </document>
            <document>
                <name>Св-во о постановке на учет</name>
                <date>2012-08-17+04:00</date>
                <url>http://bus.gov.ru/public/download/download.html?id=5843980</url>
                <type>E</type>
            </document>
        </ns2:position>
    
<ns2:position xmlns:ns2="http://bus.gov.ru/external/1" xmlns="http://bus.gov.ru/types/1" xmlns:xsi="http://www.w3.org/2001/XMLSchema-instance" xmlns:ns3="http://bus.gov.ru/fk/1">
            <positionId>7f83057a-593b-4989-9420-075e01776875</positionId>
            <changeDate>2012-10-12T17:07:36.649+04:00</changeDate>
            <placer>
                <regNum>0895100000058</regNum>
                <fullName>федеральное казенное учреждение "Центр хозяйственного и сервисного обеспечения Главного управления Министерства внутренних дел Российской Федерации по Ставропольскому краю"</fullName>
                <inn>2635812506</inn>
                <kpp>263501001</kpp>
            </placer>
            <initiator>
                <regNum>0895100000058</regNum>
                <fullName>федеральное казенное учреждение "Центр хозяйственного и сервисного обеспечения Главного управления Министерства внутренних дел Российской Федерации по Ставропольскому краю"</fullName>
                <inn>2635812506</inn>
                <kpp>263501001</kpp>
            </initiator>
            <versionNumber>0</versionNumber>
            <main>
                <shortName>ФКУ "ЦХ и СО ГУ МВД России по Ставропольскому краю"</shortName>
                <ogrn>1122651016333</ogrn>
                <rbs>
                    <regNum>0121100000034</regNum>
                    <fullName>Главное управление Министерства внутренних дел Российской Федерации по Ставропольскому краю</fullName>
                </rbs>
                <grbs>
                    <regNum>0173100000062</regNum>
                    <fullName>Министерство внутренних дел Российской Федерации</fullName>
                </grbs>
                <orgType>08</orgType>
                <classifier>
                    <okfs>
                        <code>12</code>
                        <name>Федеральная собственность</name>
                    </okfs>
                    <okopf>
                        <code>72</code>
                        <name>Бюджетные учреждения</name>
                    </okopf>
                    <okogu>
                        <code>1310500</code>
                        <name>Министерство внутренних дел Российской Федерации</name>
                    </okogu>
                    <okpo>
                        <code>08682984</code>
                    </okpo>
                    <okato>
                        <code>07401000000</code>
                        <name>Ставрополь</name>
                    </okato>
                    <okved>
                        <code>75.24.1</code>
                        <name>Деятельность органов внутренних дел</name>
                        <type>C</type>
                    </okved>
                </classifier>
                <address>
                    <zip>355042</zip>
                    <subject>
                        <code>26000000000</code>
                        <name>Ставропольский край</name>
                    </subject>
                    <city>
                        <code>26000001000</code>
                        <name>Ставрополь г</name>
                    </city>
                    <street>
                        <code>260000010000544</code>
                        <name>1 Юго-Западный пр</name>
                    </street>
                    <building>1 А</building>
                </address>
            </main>
            <additional>
                <institutionType>
                    <code>9900000</code>
                    <name>Прочие</name>
                </institutionType>
                <ppo>
                    <code>00000000000</code>
                    <name>Российская Федерация</name>
                    <okato>
                        <code>00000000000</code>
                        <name>Объекты административно-территориального деления, кроме сельских населенных пунктов</name>
                    </okato>
                </ppo>
                <phone>8-8652-305611</phone>
                <section>188</section>
                <oktmo>
                    <code>07701000</code>
                    <name>Город Ставрополь</name>
                </oktmo>
                <activity>
                    <okved>
                        <code>75.24.1</code>
                        <name>Деятельность органов внутренних дел</name>
                    </okved>
                    <name>Деятельность органов внутренних дел</name>
                </activity>
                <eMail>fkugumvdposk@yandex.ru</eMail>
            </additional>
            <other>
                <chief>
                    <lastName>Андреева</lastName>
                    <firstName>Наталья </firstName>
                    <middleName>Николаевна</middleName>
                    <position>Начальник</position>
                </chief>
                <founder>
                    <regNum>0173100000062</regNum>
                    <fullName>Министерство внутренних дел Российской Федерации</fullName>
                </founder>
            </other>
            <document>
                <name>Приказ</name>
                <date>2012-10-11+04:00</date>
                <url>http://bus.gov.ru/public/download/download.html?id=5722962</url>
                <type>S</type>
            </document>
            <document>
                <name>распоряжение+от+14.02.2012+№+199-р[1]</name>
                <date>2012-10-11+04:00</date>
                <url>http://bus.gov.ru/public/download/download.html?id=5722943</url>
            </document>
            <document>
                <name>Устав</name>
                <date>2012-10-11+04:00</date>
                <url>http://bus.gov.ru/public/download/download.html?id=5722830</url>
                <type>F</type>
            </document>
            <document>
                <name>свидетельство о гос регистрации юридического  лица</name>
                <date>2012-10-11+04:00</date>
                <url>http://bus.gov.ru/public/download/download.html?id=5722845</url>
                <type>E</type>
            </document>
        </ns2:position>
    

    </ns2:body>
    </ns2:institutionInfo>        
        