<?xml version="1.0" encoding="UTF-8" standalone="yes"?>
<ns2:institutionInfo xsi:schemaLocation="http://bus.gov.ru/public/schema/TFF-0.1.3.1/External.xsd" xmlns="http://bus.gov.ru/types/1" xmlns:ns2="http://bus.gov.ru/external/1" xmlns:xsi="http://www.w3.org/2001/XMLSchema-instance" xmlns:ns3="http://bus.gov.ru/fk/1">
    <ns2:body>                        
	<ns2:position xmlns:ns2="http://bus.gov.ru/external/1" xmlns="http://bus.gov.ru/types/1" xmlns:xsi="http://www.w3.org/2001/XMLSchema-instance" xmlns:ns3="http://bus.gov.ru/fk/1">
            <positionId>61459f2b-5e06-4f00-96cd-48f4e9653a0c</positionId>
            <changeDate>2012-04-16T06:01:35.646+04:00</changeDate>
            <placer>
                <regNum>0823100000003</regNum>
                <fullName>федеральное казенное учреждение здравоохранения "Медико-санитарная часть Министерства внутренних дел Российской Федерации по Амурской области"</fullName>
                <inn>2801109733</inn>
                <kpp>280101001</kpp>
            </placer>
            <initiator>
                <regNum>0823100000003</regNum>
                <fullName>федеральное казенное учреждение здравоохранения "Медико-санитарная часть Министерства внутренних дел Российской Федерации по Амурской области"</fullName>
                <inn>2801109733</inn>
                <kpp>280101001</kpp>
            </initiator>
            <versionNumber>0</versionNumber>
            <main>
                <shortName>ФКУЗ "МСЧ МВД  России  по Амурской области"</shortName>
                <ogrn>1062801014517</ogrn>
                <rbs>
                    <regNum>0123100000002</regNum>
                    <fullName>Управление Министерства внутренних дел Российской Федерации по Амурской области</fullName>
                </rbs>
                <grbs>
                    <regNum>0173100000054</regNum>
                    <fullName>Министерство внутренних дел Российской Федерации</fullName>
                </grbs>
                <orgType>08</orgType>
                <classifier>
                    <okfs>
                        <code>12</code>
                        <name>Федеральная собственность</name>
                    </okfs>
                    <okopf>
                        <code>72</code>
                        <name>Бюджетные учреждения</name>
                    </okopf>
                    <okogu>
                        <code>1310500</code>
                        <name>Министерство внутренних дел Российской Федерации</name>
                    </okogu>
                    <okpo>
                        <code>08585032</code>
                    </okpo>
                    <okato>
                        <code>10401000000</code>
                        <name>Благовещенск</name>
                    </okato>
                    <okved>
                        <code>85.32</code>
                        <name>Предоставление социальных услуг без обеспечения проживания</name>
                        <type>O</type>
                    </okved>
                    <okved>
                        <code>85.14.5</code>
                        <name>Деятельность учреждений санитарно-эпидемиологической службы</name>
                        <type>O</type>
                    </okved>
                    <okved>
                        <code>85.11.1</code>
                        <name>Деятельность больничных учреждений широкого профиля и специализированных</name>
                        <type>C</type>
                    </okved>
                </classifier>
                <address>
                    <zip>675000</zip>
                    <subject>
                        <code>28000000000</code>
                        <name>Амурская обл</name>
                    </subject>
                    <city>
                        <code>28000001000</code>
                        <name>Благовещенск г</name>
                    </city>
                    <street>
                        <name>Пионерская ул</name>
                    </street>
                    <building>23</building>
                </address>
            </main>
            <additional>
                <institutionType>
                    <code>0509000</code>
                    <name>Медико-санитарная часть, в том числе центральная</name>
                </institutionType>
                <ppo>
                    <code>00000000000</code>
                    <name>Российская Федерация</name>
                    <okato>
                        <code>00000000000</code>
                        <name>Объекты административно-территориального деления, кроме сельских населенных пунктов</name>
                    </okato>
                </ppo>
                <phone>8-4162-594373</phone>
                <section>188</section>
                <oktmo>
                    <code>10701000</code>
                    <name> город Благовещенск</name>
                </oktmo>
                <activity>
                    <okved>
                        <code>85.32</code>
                        <name>Предоставление социальных услуг без обеспечения проживания</name>
                    </okved>
                    <name>предоставление социальных услуг</name>
                </activity>
                <activity>
                    <okved>
                        <code>85.14.5</code>
                        <name>Деятельность учреждений санитарно-эпидемиологической службы</name>
                    </okved>
                    <name>деятельность учреждений санитарно-эпидемиологической службы</name>
                </activity>
                <activity>
                    <okved>
                        <code>85.11.1</code>
                        <name>Деятельность больничных учреждений широкого профиля и специализированных</name>
                    </okved>
                    <name>лечение стационарных больных, медицинская деятельность</name>
                </activity>
                <eMail>abax@amur.ru</eMail>
            </additional>
            <other>
                <chief>
                    <lastName>Вахненко</lastName>
                    <firstName>Александр</firstName>
                    <middleName>Артурович</middleName>
                    <position>Начальник</position>
                </chief>
                <founder>
                    <regNum>0173100000062</regNum>
                    <fullName>Министерство внутренних дел Российской Федерации</fullName>
                </founder>
            </other>
            <document>
                <name>свидетельство о постановке на учет</name>
                <date>2006-02-20+03:00</date>
                <url>http://bus.gov.ru/public/download/download.html?id=2487645</url>
                <type>E</type>
            </document>
            <document>
                <name>приказ</name>
                <date>2006-02-08+03:00</date>
                <url>http://bus.gov.ru/public/download/download.html?id=2487675</url>
                <type>S</type>
            </document>
            <document>
                <name>изменения в устав</name>
                <date>2011-05-31+04:00</date>
                <url>http://bus.gov.ru/public/download/download.html?id=2487542</url>
                <type>F</type>
            </document>
            <document>
                <name>свидетельство</name>
                <date>2011-09-15+04:00</date>
                <url>http://bus.gov.ru/public/download/download.html?id=2487606</url>
                <type>E</type>
            </document>
        </ns2:position>
    
<ns2:position xmlns:ns2="http://bus.gov.ru/external/1" xmlns="http://bus.gov.ru/types/1" xmlns:xsi="http://www.w3.org/2001/XMLSchema-instance" xmlns:ns3="http://bus.gov.ru/fk/1">
            <positionId>52fa7f7c-0616-422d-bdf1-d3d473f3981f</positionId>
            <changeDate>2012-07-02T13:27:08.626+04:00</changeDate>
            <placer>
                <regNum>0323100000122</regNum>
                <fullName>федеральное казенное учреждение здравоохранения "Медико-санитарная часть Министерства внутренних дел Российской Федерации по Амурской области"</fullName>
                <inn>2801109733</inn>
                <kpp>280101001</kpp>
            </placer>
            <initiator>
                <regNum>0323100000122</regNum>
                <fullName>федеральное казенное учреждение здравоохранения "Медико-санитарная часть Министерства внутренних дел Российской Федерации по Амурской области"</fullName>
                <inn>2801109733</inn>
                <kpp>280101001</kpp>
            </initiator>
            <versionNumber>0</versionNumber>
            <main>
                <shortName>ФКУЗ "МСЧ МВД  России  по Амурской области"</shortName>
                <ogrn>1062801014517</ogrn>
                <rbs>
                    <fullName>Управление внутренних дел по Амурской области</fullName>
                </rbs>
                <grbs>
                    <regNum>0173100000062</regNum>
                    <fullName>Министерство внутренних дел Российской Федерации</fullName>
                </grbs>
                <orgType>08</orgType>
                <classifier>
                    <okfs>
                        <code>12</code>
                        <name>Федеральная собственность</name>
                    </okfs>
                    <okopf>
                        <code>72</code>
                        <name>Бюджетные учреждения</name>
                    </okopf>
                    <okogu>
                        <code>1310500</code>
                        <name>Министерство внутренних дел Российской Федерации</name>
                    </okogu>
                    <okpo>
                        <code>08585032</code>
                    </okpo>
                    <okato>
                        <code>10401000000</code>
                        <name>Благовещенск</name>
                    </okato>
                    <okved>
                        <code>85.11.1</code>
                        <name>Деятельность больничных учреждений широкого профиля и специализированных</name>
                        <type>C</type>
                    </okved>
                    <okved>
                        <code>85.32</code>
                        <name>Предоставление социальных услуг без обеспечения проживания</name>
                        <type>O</type>
                    </okved>
                    <okved>
                        <code>85.14.5</code>
                        <name>Деятельность учреждений санитарно-эпидемиологической службы</name>
                        <type>O</type>
                    </okved>
                </classifier>
                <address>
                    <zip>675000</zip>
                    <subject>
                        <code>28000000000</code>
                        <name>Амурская обл</name>
                    </subject>
                    <city>
                        <code>28000001000</code>
                        <name>Благовещенск г</name>
                    </city>
                    <street>
                        <code>280000010000095</code>
                        <name>Пионерская ул</name>
                    </street>
                    <building>23</building>
                </address>
            </main>
            <additional>
                <institutionType>
                    <code>0509000</code>
                    <name>Медико-санитарная часть, в том числе центральная</name>
                </institutionType>
                <ppo>
                    <code>00000000000</code>
                    <name>Российская Федерация</name>
                    <okato>
                        <code>00000000000</code>
                        <name>Объекты административно-территориального деления, кроме сельских населенных пунктов</name>
                    </okato>
                    <oktmo>
                        <code>10701000</code>
                        <name> город Благовещенск</name>
                    </oktmo>
                </ppo>
                <phone>8-4162-594373</phone>
                <section>188</section>
                <oktmo>
                    <code>10701000</code>
                    <name> город Благовещенск</name>
                </oktmo>
                <activity>
                    <okved>
                        <code>85.11.1</code>
                        <name>Деятельность больничных учреждений широкого профиля и специализированных</name>
                    </okved>
                    <name>деятельность больничных учреждений широкого профиля и специализированных</name>
                </activity>
                <activity>
                    <okved>
                        <code>85.32</code>
                        <name>Предоставление социальных услуг без обеспечения проживания</name>
                    </okved>
                    <name>предоставление социальных услуг без обеспечения проживания</name>
                </activity>
                <activity>
                    <okved>
                        <code>85.14.5</code>
                        <name>Деятельность учреждений санитарно-эпидемиологической службы</name>
                    </okved>
                    <name>деятельность учреждений санитарно-эпидемиологической службы</name>
                </activity>
                <eMail>abax@amur.ru</eMail>
            </additional>
            <other>
                <chief>
                    <lastName>Вахненко</lastName>
                    <firstName>Александр</firstName>
                    <middleName>Артурович</middleName>
                    <position>начальник</position>
                </chief>
                <founder>
                    <regNum>0173100000062</regNum>
                    <fullName>Министерство внутренних дел Российской Федерации</fullName>
                </founder>
            </other>
            <document>
                <name>приказ о назнач</name>
                <date>2011-06-21+04:00</date>
                <url>http://bus.gov.ru/public/download/download.html?id=4403831</url>
                <type>S</type>
            </document>
            <document>
                <name>устав</name>
                <date>2005-12-30+03:00</date>
                <url>http://bus.gov.ru/public/download/download.html?id=4403802</url>
                <type>F</type>
            </document>
            <document>
                <name>Свидетельство ОГРН</name>
                <date>2011-09-15+04:00</date>
                <url>http://bus.gov.ru/public/download/download.html?id=4403769</url>
                <type>E</type>
            </document>
            <document>
                <name>свидет о постановке на учет</name>
                <date>2006-02-20+03:00</date>
                <url>http://bus.gov.ru/public/download/download.html?id=4403817</url>
                <type>E</type>
            </document>
        </ns2:position>
    

    </ns2:body>
    </ns2:institutionInfo>        
        