<?xml version="1.0" encoding="UTF-8" standalone="yes"?>
<ns2:institutionInfo xsi:schemaLocation="http://bus.gov.ru/public/schema/TFF-0.1.3.1/External.xsd" xmlns="http://bus.gov.ru/types/1" xmlns:ns2="http://bus.gov.ru/external/1" xmlns:xsi="http://www.w3.org/2001/XMLSchema-instance" xmlns:ns3="http://bus.gov.ru/fk/1">
    <ns2:body>                        
	<ns2:position xmlns:ns2="http://bus.gov.ru/external/1" xmlns="http://bus.gov.ru/types/1" xmlns:xsi="http://www.w3.org/2001/XMLSchema-instance" xmlns:ns3="http://bus.gov.ru/fk/1">
            <positionId>8e164453-3a2a-4f79-8822-9567c1aab3c1</positionId>
            <changeDate>2012-07-10T15:57:18.727+04:00</changeDate>
            <placer>
                <regNum>0825100000011</regNum>
                <fullName>федеральное государственное казенное общеобразовательное учреждение  "Астраханское суворовское военное училище Министерства внутренних дел Российской Федерации"</fullName>
                <inn>3017061328</inn>
                <kpp>302501001</kpp>
            </placer>
            <initiator>
                <regNum>0825100000011</regNum>
                <fullName>федеральное государственное казенное общеобразовательное учреждение  "Астраханское суворовское военное училище Министерства внутренних дел Российской Федерации"</fullName>
                <inn>3017061328</inn>
                <kpp>302501001</kpp>
            </initiator>
            <versionNumber>1</versionNumber>
            <main>
                <shortName>Астраханское суворовское военное училище МВД России, ФГКОУ АСВУ МВД России</shortName>
                <ogrn>1093017002528</ogrn>
                <rbs>
                    <regNum>0173100000062</regNum>
                    <fullName>Министерство внутренних дел Российской Федерации</fullName>
                </rbs>
                <grbs>
                    <regNum>0173100000062</regNum>
                    <fullName>Министерство внутренних дел Российской Федерации</fullName>
                </grbs>
                <orgType>08</orgType>
                <classifier>
                    <okfs>
                        <code>12</code>
                        <name>Федеральная собственность</name>
                    </okfs>
                    <okopf>
                        <code>72</code>
                        <name>Бюджетные учреждения</name>
                    </okopf>
                    <okogu>
                        <code>1310500</code>
                        <name>Министерство внутренних дел Российской Федерации</name>
                    </okogu>
                    <okpo>
                        <code>08680493</code>
                    </okpo>
                    <okato>
                        <code>12401000000</code>
                        <name>Астрахань</name>
                    </okato>
                    <okved>
                        <code>93.02</code>
                        <name>Предоставление услуг парикмахерскими и салонами красоты</name>
                        <type>O</type>
                    </okved>
                    <okved>
                        <code>80.30.4</code>
                        <name>Обучение на подготовительных курсах для поступления в учебные заведения высшего профессионального образования</name>
                        <type>O</type>
                    </okved>
                    <okved>
                        <code>80.10.3</code>
                        <name>Дополнительное образование детей</name>
                        <type>O</type>
                    </okved>
                    <okved>
                        <code>93.01</code>
                        <name>Стирка, химическая чистка и окрашивание текстильных и меховых изделий</name>
                        <type>O</type>
                    </okved>
                    <okved>
                        <code>80.21</code>
                        <name>Основное общее и среднее (полное) общее образование</name>
                        <type>C</type>
                    </okved>
                    <okved>
                        <code>55.51</code>
                        <name>Деятельность столовых при предприятиях и учреждениях</name>
                        <type>O</type>
                    </okved>
                    <okved>
                        <code>22.11.1</code>
                        <name>Издание книг, брошюр, буклетов и аналогичных публикаций, в том числе для слепых</name>
                        <type>O</type>
                    </okved>
                </classifier>
                <address>
                    <zip>414024</zip>
                    <subject>
                        <code>30000000000</code>
                        <name>Астраханская обл</name>
                    </subject>
                    <city>
                        <code>30000001000</code>
                        <name>Астрахань г</name>
                    </city>
                    <street>
                        <code>300000010001194</code>
                        <name>Набережная реки Царева ул</name>
                    </street>
                    <building>9/1</building>
                </address>
            </main>
            <additional>
                <institutionType>
                    <code>0913080</code>
                    <name>Суворовское военное училище</name>
                </institutionType>
                <ppo>
                    <code>00000000000</code>
                    <name>Российская Федерация</name>
                    <okato>
                        <code>00000000000</code>
                        <name>Объекты административно-территориального деления, кроме сельских населенных пунктов</name>
                    </okato>
                    <oktmo>
                        <code>12701000</code>
                        <name> город Астрахань</name>
                    </oktmo>
                </ppo>
                <phone>7-8512-371286</phone>
                <www>http://www.asvu-mvd.ru</www>
                <section>188</section>
                <oktmo>
                    <code>12701000</code>
                    <name> город Астрахань</name>
                </oktmo>
                <activity>
                    <okved>
                        <code>80.21</code>
                        <name>Основное общее и среднее (полное) общее образование</name>
                    </okved>
                    <name>Основное общее и среднее (полное) общее образование</name>
                </activity>
                <activity>
                    <okved>
                        <code>80.30.4</code>
                        <name>Обучение на подготовительных курсах для поступления в учебные заведения высшего профессионального образования</name>
                    </okved>
                    <name>Обучение на подготовительных курсах для поступления в учебные заведения высшего профессионального образования</name>
                </activity>
                <activity>
                    <okved>
                        <code>80.10.3</code>
                        <name>Дополнительное образование детей</name>
                    </okved>
                    <name>Дополнительное образование детей</name>
                </activity>
                <activity>
                    <okved>
                        <code>55.51</code>
                        <name>Деятельность столовых при предприятиях и учреждениях</name>
                    </okved>
                    <name>Деятельность столовых при предприятиях и учреждениях</name>
                </activity>
                <activity>
                    <okved>
                        <code>22.11.1</code>
                        <name>Издание книг, брошюр, буклетов и аналогичных публикаций, в том числе для слепых</name>
                    </okved>
                    <name>Издание книг, брошюр, буклетов и аналогичных публикаций, в том числе для слепых</name>
                </activity>
                <activity>
                    <okved>
                        <code>93.01</code>
                        <name>Стирка, химическая чистка и окрашивание текстильных и меховых изделий</name>
                    </okved>
                    <name>Стирка, химическая чистка и окрашивание текстильных и меховых изделий</name>
                </activity>
                <activity>
                    <okved>
                        <code>93.02</code>
                        <name>Предоставление услуг парикмахерскими и салонами красоты</name>
                    </okved>
                    <name>Предоставление услуг парикмахерскими и салонами красоты</name>
                </activity>
                <eMail>asvu-mvd@yandex.ru</eMail>
            </additional>
            <other>
                <chief>
                    <lastName>Буряков</lastName>
                    <firstName>Сергей</firstName>
                    <middleName>Константинович</middleName>
                    <position>НАЧАЛЬНИК</position>
                </chief>
                <founder>
                    <regNum>0173100000062</regNum>
                    <fullName>Министерство внутренних дел Российской Федерации</fullName>
                </founder>
            </other>
            <document>
                <name>приказ о назначении Бурякова 2011</name>
                <date>2011-07-05+04:00</date>
                <url>http://bus.gov.ru/public/download/download.html?id=4533620</url>
                <type>S</type>
            </document>
            <document>
                <name>приказ МВД России от 25.09.2009 №732</name>
                <date>2009-09-25+04:00</date>
                <url>http://bus.gov.ru/public/download/download.html?id=4533622</url>
                <type>F</type>
            </document>
            <document>
                <name>приказ об изменениях в Устав от 31.05.2011 №588</name>
                <date>2011-05-31+04:00</date>
                <url>http://bus.gov.ru/public/download/download.html?id=4533621</url>
                <type>F</type>
            </document>
            <document>
                <name>изменения в Устав АСВУ МВД России 2011</name>
                <date>2011-05-31+04:00</date>
                <url>http://bus.gov.ru/public/download/download.html?id=4533623</url>
                <type>F</type>
            </document>
            <document>
                <name>Устав ФГКОУ АСВУ МВД России</name>
                <date>2009-09-23+04:00</date>
                <url>http://bus.gov.ru/public/download/download.html?id=4533624</url>
                <type>F</type>
            </document>
            <document>
                <name>свидетельство о постановке на учет юридического лица 2011</name>
                <date>2011-05-06+04:00</date>
                <url>http://bus.gov.ru/public/download/download.html?id=4533625</url>
                <type>O</type>
            </document>
            <document>
                <name>свидетельство о регистрации юридического лица 2011</name>
                <date>2011-06-15+04:00</date>
                <url>http://bus.gov.ru/public/download/download.html?id=4533626</url>
                <type>E</type>
            </document>
            <document>
                <name>свидетельствj о регистрации юридического лица</name>
                <date>2009-10-08+04:00</date>
                <url>http://bus.gov.ru/public/download/download.html?id=4533627</url>
                <type>E</type>
            </document>
        </ns2:position>
    
<ns2:position xmlns:ns2="http://bus.gov.ru/external/1" xmlns="http://bus.gov.ru/types/1" xmlns:xsi="http://www.w3.org/2001/XMLSchema-instance" xmlns:ns3="http://bus.gov.ru/fk/1">
            <positionId>65c938fd-5f86-43d5-bc4b-e1062f050a3c</positionId>
            <changeDate>2012-09-11T12:13:36.480+04:00</changeDate>
            <placer>
                <regNum>0825100000007</regNum>
                <fullName>федеральное казенное учреждение здравоохранения "Медико-санитарная часть Министерства внутренних дел Российской Федерации по Астраханской области"</fullName>
                <inn>3015010896</inn>
                <kpp>301501001</kpp>
            </placer>
            <initiator>
                <regNum>0825100000007</regNum>
                <fullName>федеральное казенное учреждение здравоохранения "Медико-санитарная часть Министерства внутренних дел Российской Федерации по Астраханской области"</fullName>
                <inn>3015010896</inn>
                <kpp>301501001</kpp>
            </initiator>
            <versionNumber>0</versionNumber>
            <main>
                <shortName>ФКУЗ "МСЧ МВД России по Астраханской области"</shortName>
                <ogrn>1023000851180</ogrn>
                <rbs>
                    <fullName>Управление Министерства внутренних дел Российской Федерации по Астраханской области</fullName>
                </rbs>
                <grbs>
                    <regNum>0173100000062</regNum>
                    <fullName>Министерство внутренних дел Российской Федерации</fullName>
                </grbs>
                <orgType>08</orgType>
                <classifier>
                    <okfs>
                        <code>12</code>
                        <name>Федеральная собственность</name>
                    </okfs>
                    <okopf>
                        <code>72</code>
                        <name>Бюджетные учреждения</name>
                    </okopf>
                    <okogu>
                        <code>1310500</code>
                        <name>Министерство внутренних дел Российской Федерации</name>
                    </okogu>
                    <okpo>
                        <code>08585052</code>
                    </okpo>
                    <okato>
                        <code>12401000000</code>
                        <name>Астрахань</name>
                    </okato>
                    <okved>
                        <code>85.14.1</code>
                        <name>Деятельность среднего медицинского персонала</name>
                        <type>O</type>
                    </okved>
                    <okved>
                        <code>85.13</code>
                        <name>Стоматологическая практика</name>
                        <type>O</type>
                    </okved>
                    <okved>
                        <code>85.11.1</code>
                        <name>Деятельность больничных учреждений широкого профиля и специализированных</name>
                        <type>C</type>
                    </okved>
                    <okved>
                        <code>85.12</code>
                        <name>Врачебная практика</name>
                        <type>O</type>
                    </okved>
                    <okved>
                        <code>85.14.3</code>
                        <name>Деятельность медицинских лабораторий</name>
                        <type>O</type>
                    </okved>
                </classifier>
                <address>
                    <zip>414000</zip>
                    <subject>
                        <code>30000000000</code>
                        <name>Астраханская</name>
                    </subject>
                    <city>
                        <code>30000001000</code>
                        <name>Астрахань</name>
                    </city>
                    <street>
                        <code>300000010001589</code>
                        <name>Саратовская</name>
                    </street>
                    <building>16</building>
                </address>
            </main>
            <additional>
                <institutionType>
                    <code>0500000</code>
                    <name>Здравоохранение</name>
                </institutionType>
                <ppo>
                    <code>00000000000</code>
                    <name>Российская Федерация</name>
                    <okato>
                        <code>00000000000</code>
                        <name>Объекты административно-территориального деления, кроме сельских населенных пунктов</name>
                    </okato>
                    <oktmo>
                        <code>12701000</code>
                        <name>Город Астрахань</name>
                    </oktmo>
                </ppo>
                <phone>7-8512-404201</phone>
                <section>188</section>
                <oktmo>
                    <code>12701000</code>
                    <name>Город Астрахань</name>
                </oktmo>
                <activity>
                    <okved>
                        <code>85.14.1</code>
                        <name>Деятельность среднего медицинского персонала</name>
                    </okved>
                    <name>85.14.1, 85.14.2</name>
                </activity>
                <activity>
                    <okved>
                        <code>85.13</code>
                        <name>Стоматологическая практика</name>
                    </okved>
                    <name>85.13</name>
                </activity>
                <activity>
                    <okved>
                        <code>85.11.1</code>
                        <name>Деятельность больничных учреждений широкого профиля и специализированных</name>
                    </okved>
                    <name>85.11.1</name>
                </activity>
                <activity>
                    <okved>
                        <code>85.12</code>
                        <name>Врачебная практика</name>
                    </okved>
                    <name>85.12</name>
                </activity>
                <activity>
                    <okved>
                        <code>85.14.3</code>
                        <name>Деятельность медицинских лабораторий</name>
                    </okved>
                    <name>85.14.3</name>
                </activity>
            </additional>
            <other>
                <chief>
                    <lastName>Белов</lastName>
                    <firstName>Михаил</firstName>
                    <middleName>Юрьевич</middleName>
                    <position>начальник</position>
                </chief>
                <founder>
                    <regNum>0173100000062</regNum>
                    <fullName>Министерство внутренних дел Российской Федерации</fullName>
                </founder>
            </other>
            <document>
                <name>приказ</name>
                <date>2012-09-11+04:00</date>
                <url>http://bus.gov.ru/public/download/download.html?id=5265325</url>
                <type>S</type>
            </document>
            <document>
                <name>УСТАВ</name>
                <date>2012-09-11+04:00</date>
                <url>http://bus.gov.ru/public/download/download.html?id=5265278</url>
                <type>F</type>
            </document>
            <document>
                <name>ЕГРЮЛ 2011</name>
                <date>2012-09-11+04:00</date>
                <url>http://bus.gov.ru/public/download/download.html?id=5265294</url>
                <type>E</type>
            </document>
        </ns2:position>
    
<ns2:position xmlns:ns2="http://bus.gov.ru/external/1" xmlns="http://bus.gov.ru/types/1" xmlns:xsi="http://www.w3.org/2001/XMLSchema-instance" xmlns:ns3="http://bus.gov.ru/fk/1">
            <positionId>b87ee1d2-7902-43c7-bcdf-84aef5cc539c</positionId>
            <changeDate>2012-10-18T17:25:05.020+04:00</changeDate>
            <placer>
                <regNum>0895100000074</regNum>
                <fullName>федеральное государственное казенное учреждение "Управление вневедомственной охраны Управления Министерства внутренних дел Российской Федерации по Астраханской области"</fullName>
                <inn>3015096808</inn>
                <kpp>301501001</kpp>
            </placer>
            <initiator>
                <regNum>0895100000074</regNum>
                <fullName>федеральное государственное казенное учреждение "Управление вневедомственной охраны Управления Министерства внутренних дел Российской Федерации по Астраханской области"</fullName>
                <inn>3015096808</inn>
                <kpp>301501001</kpp>
            </initiator>
            <versionNumber>0</versionNumber>
            <main>
                <shortName>ФГКУ УВО УМВД России по Астраханской области</shortName>
                <ogrn>1123015002110</ogrn>
                <rbs>
                    <regNum>0325100000067</regNum>
                    <fullName>Управление Министерства  внутренних дел Российской Федерации по Астраханской области</fullName>
                </rbs>
                <grbs>
                    <regNum>0173100000062</regNum>
                    <fullName>Министерство внутренних дел Российской Федерации</fullName>
                </grbs>
                <orgType>08</orgType>
                <classifier>
                    <okfs>
                        <code>12</code>
                        <name>Федеральная собственность</name>
                    </okfs>
                    <okopf>
                        <code>74</code>
                        <name>Казенные учреждения</name>
                    </okopf>
                    <okogu>
                        <code>1310500</code>
                        <name>Министерство внутренних дел Российской Федерации</name>
                    </okogu>
                    <okpo>
                        <code>08683659</code>
                    </okpo>
                    <okato>
                        <code>12401000000</code>
                        <name>Астрахань</name>
                    </okato>
                    <okved>
                        <code>75.24.1</code>
                        <name>Деятельность органов внутренних дел</name>
                        <type>C</type>
                    </okved>
                </classifier>
                <address>
                    <zip>414000</zip>
                    <subject>
                        <code>30000000000</code>
                        <name>Астраханская обл</name>
                    </subject>
                    <city>
                        <code>30000001000</code>
                        <name>Астрахань г</name>
                    </city>
                    <street>
                        <code>300000010000590</code>
                        <name>Адмиралтейская ул</name>
                    </street>
                    <building>7</building>
                </address>
            </main>
            <additional>
                <institutionType>
                    <code>0900000</code>
                    <name>Национальная оборона</name>
                </institutionType>
                <ppo>
                    <code>00000000000</code>
                    <name>Российская Федерация</name>
                    <okato>
                        <code>00000000000</code>
                        <name>Объекты административно-территориального деления, кроме сельских населенных пунктов</name>
                    </okato>
                </ppo>
                <phone>7-8512-210540</phone>
                <branch>
                    <regNum>0325100000130</regNum>
                    <fullName>Отдел вневедомственной охраны по городу Астрахань-филиал федерального государственного казенного учреждения "Управление вневедомственной охраны Управления Министерства внутренних дел Российской Федерации по Астраханской области"</fullName>
                    <type>01</type>
                </branch>
                <branch>
                    <regNum>0325100000044</regNum>
                    <fullName>Отделение вневедомственной охраны по Икрянинскому району - филиал федерального государственного казенного учреждения "Управление вневедомственной охраны Управления Министерства внутренних дел Российской Федерации по Астраханской области"</fullName>
                    <type>01</type>
                </branch>
                <branch>
                    <regNum>0895100000097</regNum>
                    <fullName>Отделение вневедомственной охраны по Красноярскому району - филиал федерального государственного казенного учреждения "Управление вневедомственной охраны Управления Министерства внутренних дел Российской Федерации по Астраханской области"</fullName>
                    <type>01</type>
                </branch>
                <branch>
                    <regNum>0895100000091</regNum>
                    <fullName>Отделение вневедомственной охраны по Володарскому району - филиал федерального государственного казенного учреждения "Управление вневедомственной охраны Управления Министерства внутренних дел Российской Федерации по Астраханской области"</fullName>
                    <type>01</type>
                </branch>
                <branch>
                    <regNum>0895100000120</regNum>
                    <fullName>Отделение вневедомственной охраны по Лиманскому району - филиал федерального государственного казенного учреждения "Управление вневедомственной охраны Управления Министерства внутренних дел Российской Федерации по Астраханской области"</fullName>
                    <type>01</type>
                </branch>
                <branch>
                    <regNum>0895100000090</regNum>
                    <fullName>Отделение вневедомственной охраны по Харабалинскому району - филиал федерального государственного казенного учреждения "Управление вневедомственной охраны Управления Министерства внутренних дел Российской Федерации по Астраханской области"</fullName>
                    <type>01</type>
                </branch>
                <branch>
                    <regNum>0895100000098</regNum>
                    <fullName>Отделение вневедомственной охраны по Енотаевскому району - филиал федерального государственного казенного учреждения "Управление вневедомственной охраны Управления Министерства внутренних дел Российской Федерации по Астраханской области"</fullName>
                    <type>01</type>
                </branch>
                <branch>
                    <regNum>0895100000086</regNum>
                    <fullName>Отделение вневедомственной охраны по Наримановскому району - филиал федерального государственного казенного учреждения "Управление вневедомственной охраны Управления Министерства внутренних дел Российской Федерации по Астраханской области"</fullName>
                    <type>01</type>
                </branch>
                <branch>
                    <regNum>0895100000084</regNum>
                    <fullName>Отделение вневедомственной охраны по Камызякскому району-филиал федерального государственного казенного учреждения"Управление вневедомственной охраны Управления Министерства внутренних дел Российской Федерации по Астраханской области"</fullName>
                    <type>01</type>
                </branch>
                <section>188</section>
                <oktmo>
                    <code>12701000</code>
                    <name>Город Астрахань</name>
                </oktmo>
                <activity>
                    <okved>
                        <code>75.24.1</code>
                        <name>Деятельность органов внутренних дел</name>
                        <type>C</type>
                    </okved>
                    <name>Охрана на договорной основе имущества граждан и организаций, а также объектов подлежащих обязательной охране полицией в соответствии  с перечнем, утвержденным Правительством Российской Федерации</name>
                </activity>
            </additional>
            <other>
                <chief>
                    <lastName>Дегтярев</lastName>
                    <firstName>Павел</firstName>
                    <middleName>Андреевич</middleName>
                    <position>Начальник</position>
                </chief>
                <founder>
                    <regNum>0173100000062</regNum>
                    <fullName>Министерство внутренних дел Российской Федерации</fullName>
                </founder>
            </other>
            <document>
                <name>Приказ 1 Дегтярев</name>
                <date>2012-07-20+04:00</date>
                <url>http://bus.gov.ru/public/download/download.html?id=5897366</url>
                <type>S</type>
            </document>
            <document>
                <name>Положение о филиале  Харабали</name>
                <date>2012-07-09+04:00</date>
                <url>http://bus.gov.ru/public/download/download.html?id=5897091</url>
                <type>L</type>
            </document>
            <document>
                <name>Положение по филиале г.Нариманов</name>
                <date>2012-07-09+04:00</date>
                <url>http://bus.gov.ru/public/download/download.html?id=5897149</url>
                <type>L</type>
            </document>
            <document>
                <name>Положение ОВО по ЗАТО город Знаменск</name>
                <date>2012-07-09+04:00</date>
                <url>http://bus.gov.ru/public/download/download.html?id=5897045</url>
                <type>L</type>
            </document>
            <document>
                <name>Положение Енотаевка</name>
                <date>2012-07-09+04:00</date>
                <url>http://bus.gov.ru/public/download/download.html?id=5898159</url>
                <type>L</type>
            </document>
            <document>
                <name>Положение ОВО Володарского 2012г</name>
                <date>2012-07-09+04:00</date>
                <url>http://bus.gov.ru/public/download/download.html?id=5898327</url>
                <type>L</type>
            </document>
            <document>
                <name>ПОЛОЖЕНИЕ об ОХРАНЕ -филиал по городу</name>
                <date>2012-07-09+04:00</date>
                <url>http://bus.gov.ru/public/download/download.html?id=5898324</url>
                <type>L</type>
            </document>
            <document>
                <name>Положение ОВО по Камызякскому району</name>
                <date>2012-07-09+04:00</date>
                <url>http://bus.gov.ru/public/download/download.html?id=5897203</url>
                <type>L</type>
            </document>
            <document>
                <name>ПОЛОЖЕНИЕ ФИЛИАЛ- КРАСНЫЙ ЯР</name>
                <date>2012-07-09+04:00</date>
                <url>http://bus.gov.ru/public/download/download.html?id=5898281</url>
                <type>L</type>
            </document>
            <document>
                <name>Положение филиала- Икряное</name>
                <date>2012-07-09+04:00</date>
                <url>http://bus.gov.ru/public/download/download.html?id=5898136</url>
                <type>L</type>
            </document>
            <document>
                <name>положение об отделе Ахтубинск</name>
                <date>2012-07-09+04:00</date>
                <url>http://bus.gov.ru/public/download/download.html?id=5896985</url>
                <type>L</type>
            </document>
            <document>
                <name>Положение ЛИМАН ОВО</name>
                <date>2012-07-09+04:00</date>
                <url>http://bus.gov.ru/public/download/download.html?id=5898365</url>
                <type>L</type>
            </document>
            <document>
                <name>Приказ о реорганизации</name>
                <date>2012-02-29+04:00</date>
                <url>http://bus.gov.ru/public/download/download.html?id=5897345</url>
            </document>
            <document>
                <name>Положение ФГКУ</name>
                <date>2012-05-05+04:00</date>
                <url>http://bus.gov.ru/public/download/download.html?id=5897894</url>
                <type>F</type>
            </document>
            <document>
                <name>Статистика новая</name>
                <date>2012-07-27+04:00</date>
                <url>http://bus.gov.ru/public/download/download.html?id=5898373</url>
                <type>O</type>
            </document>
            <document>
                <name>ИНН0002</name>
                <date>2012-07-03+04:00</date>
                <url>http://bus.gov.ru/public/download/download.html?id=5898013</url>
                <type>E</type>
            </document>
            <document>
                <name>ИНН0001</name>
                <date>2012-07-03+04:00</date>
                <url>http://bus.gov.ru/public/download/download.html?id=5897610</url>
                <type>E</type>
            </document>
            <document>
                <name>огрн</name>
                <date>2012-07-03+04:00</date>
                <url>http://bus.gov.ru/public/download/download.html?id=5898088</url>
                <type>E</type>
            </document>
        </ns2:position>
    

    </ns2:body>
    </ns2:institutionInfo>        
        