<?xml version="1.0" encoding="UTF-8" standalone="yes"?>
<ns2:institutionInfo xsi:schemaLocation="http://bus.gov.ru/public/schema/TFF-0.1.3.1/External.xsd" xmlns="http://bus.gov.ru/types/1" xmlns:ns2="http://bus.gov.ru/external/1" xmlns:xsi="http://www.w3.org/2001/XMLSchema-instance" xmlns:ns3="http://bus.gov.ru/fk/1">
    <ns2:body>                        
	<ns2:position xmlns:ns2="http://bus.gov.ru/external/1" xmlns="http://bus.gov.ru/types/1" xmlns:xsi="http://www.w3.org/2001/XMLSchema-instance" xmlns:ns3="http://bus.gov.ru/fk/1">
            <positionId>83a67496-7df3-4cb8-9ad3-3103fc280d8c</positionId>
            <changeDate>2012-04-19T17:01:23.314+04:00</changeDate>
            <placer>
                <regNum>0326100000034</regNum>
                <fullName>Отдел вневедомственной охраны Управления Министерства внутренних дел Российской Федерации по городу Старому Осколу</fullName>
                <inn>3128023744</inn>
                <kpp>312801001</kpp>
            </placer>
            <initiator>
                <regNum>0326100000034</regNum>
                <fullName>Отдел вневедомственной охраны Управления Министерства внутренних дел Российской Федерации по городу Старому Осколу</fullName>
                <inn>3128023744</inn>
                <kpp>312801001</kpp>
            </initiator>
            <versionNumber>0</versionNumber>
            <main>
                <shortName>ОВО УМВД России по г. Старому Осколу</shortName>
                <ogrn>1023102359257</ogrn>
                <rbs>
                    <regNum>0326100000018</regNum>
                    <fullName>Управление вневедомственной охраны  Управления Министерства внутренних дел Российской Федерации по Белгородской области</fullName>
                </rbs>
                <grbs>
                    <regNum>0173100000054</regNum>
                    <fullName>Министерство внутренних дел Российской Федерации</fullName>
                </grbs>
                <orgType>03</orgType>
                <classifier>
                    <okfs>
                        <code>12</code>
                        <name>Федеральная собственность</name>
                    </okfs>
                    <okopf>
                        <code>72</code>
                        <name>Бюджетные учреждения</name>
                    </okopf>
                    <okogu>
                        <code>1310500</code>
                        <name>Министерство внутренних дел Российской Федерации</name>
                    </okogu>
                    <okpo>
                        <code>08704054</code>
                    </okpo>
                    <okato>
                        <code>14440000000</code>
                        <name>Старый Оскол</name>
                    </okato>
                    <okved>
                        <code>75.24.1</code>
                        <name>Деятельность органов внутренних дел</name>
                        <type>C</type>
                    </okved>
                </classifier>
                <address>
                    <zip>309507</zip>
                    <subject>
                        <code>31000000000</code>
                        <name>Белгородская обл</name>
                    </subject>
                    <region>
                        <code>31018000000</code>
                        <name>Старооскольский р-н</name>
                    </region>
                    <city>
                        <code>31018001000</code>
                        <name>Старый Оскол г</name>
                    </city>
                    <street>
                        <name>Ватутина ул</name>
                    </street>
                    <building>9</building>
                </address>
            </main>
            <additional>
                <institutionType>
                    <code>9900000</code>
                    <name>Прочие</name>
                </institutionType>
                <ppo>
                    <code>00000000000</code>
                    <name>Российская Федерация</name>
                    <okato>
                        <code>00000000000</code>
                        <name>Объекты административно-территориального деления, кроме сельских населенных пунктов</name>
                    </okato>
                </ppo>
                <phone>8-4725-221811</phone>
                <www>http://ohrana-oskol.ru</www>
                <oktmo>
                    <code>14740000</code>
                    <name> Старооскольский</name>
                </oktmo>
                <activity>
                    <okved>
                        <code>75.24.1</code>
                        <name>Деятельность органов внутренних дел</name>
                    </okved>
                    <name>Деятельность органов внутренних дел</name>
                </activity>
                <eMail>stohrana@mail.ru</eMail>
            </additional>
            <other>
                <chief>
                    <lastName>Шеин</lastName>
                    <firstName>Виктор</firstName>
                    <middleName>Николаевич</middleName>
                    <position>Начальник</position>
                </chief>
                <founder>
                    <regNum>0173100000062</regNum>
                    <fullName>Министерство внутренних дел Российской Федерации</fullName>
                </founder>
            </other>
            <document>
                <name>Положение</name>
                <date>2011-09-13+04:00</date>
                <url>http://bus.gov.ru/public/download/download.html?id=2644903</url>
                <type>F</type>
            </document>
            <document>
                <name>Свидетельство ОГРН</name>
                <date>2011-11-03+04:00</date>
                <url>http://bus.gov.ru/public/download/download.html?id=2644923</url>
                <type>E</type>
            </document>
            <document>
                <name>Приказ о назначении начальника</name>
                <date>2011-07-19+04:00</date>
                <url>http://bus.gov.ru/public/download/download.html?id=2644941</url>
                <type>S</type>
            </document>
        </ns2:position>
    
<ns2:position xmlns:ns2="http://bus.gov.ru/external/1" xmlns="http://bus.gov.ru/types/1" xmlns:xsi="http://www.w3.org/2001/XMLSchema-instance" xmlns:ns3="http://bus.gov.ru/fk/1">
            <positionId>f010b87b-b0bc-45ed-9a65-a8ba9fa4cb1c</positionId>
            <changeDate>2012-04-25T16:19:48.658+04:00</changeDate>
            <placer>
                <regNum>0826100000024</regNum>
                <fullName>федеральное государственное казенное образовательное учреждение высшего профессионального образования "Белгородский юридический институт Министерства внутренних дел Российской Федерации"</fullName>
                <inn>3123021888</inn>
                <kpp>312301001</kpp>
            </placer>
            <initiator>
                <regNum>0826100000024</regNum>
                <fullName>федеральное государственное казенное образовательное учреждение высшего профессионального образования "Белгородский юридический институт Министерства внутренних дел Российской Федерации"</fullName>
                <inn>3123021888</inn>
                <kpp>312301001</kpp>
            </initiator>
            <versionNumber>0</versionNumber>
            <main>
                <shortName>Белгородский юридический институт МВД России; Бел ЮИ МВД России</shortName>
                <ogrn>1023101673363</ogrn>
                <rbs>
                    <regNum>0173100000054</regNum>
                    <fullName>Министерство внутренних дел Российской Федерации</fullName>
                </rbs>
                <grbs>
                    <regNum>0173100000054</regNum>
                    <fullName>Министерство внутренних дел Российской Федерации</fullName>
                </grbs>
                <orgType>08</orgType>
                <classifier>
                    <okfs>
                        <code>12</code>
                        <name>Федеральная собственность</name>
                    </okfs>
                    <okopf>
                        <code>72</code>
                        <name>Бюджетные учреждения</name>
                    </okopf>
                    <okogu>
                        <code>1310500</code>
                        <name>Министерство внутренних дел Российской Федерации</name>
                    </okogu>
                    <okpo>
                        <code>08700211</code>
                    </okpo>
                    <okato>
                        <code>14401000000</code>
                        <name>Белгород</name>
                    </okato>
                    <okved>
                        <code>80.30.4</code>
                        <name>Обучение на подготовительных курсах для поступления в учебные заведения высшего профессионального образования</name>
                        <type>O</type>
                    </okved>
                    <okved>
                        <code>52.41</code>
                        <name>Розничная торговля текстильными и галантерейными изделиями</name>
                        <type>O</type>
                    </okved>
                    <okved>
                        <code>80.30.1</code>
                        <name>Обучение в образовательных учреждениях высшего профессионального образования (университетах, академиях, институтах и в др,)</name>
                        <type>C</type>
                    </okved>
                    <okved>
                        <code>80.30.2</code>
                        <name>Послевузовское профессиональное образование</name>
                        <type>O</type>
                    </okved>
                    <okved>
                        <code>72.40</code>
                        <name>Деятельность по созданию и использованию баз данных и информационных ресурсов, в том числе ресурсов сети Интернет</name>
                        <type>O</type>
                    </okved>
                    <okved>
                        <code>92.61</code>
                        <name>Деятельность спортивных объектов</name>
                        <type>O</type>
                    </okved>
                    <okved>
                        <code>80.41.1</code>
                        <name>Обучение водителей автотранспортных средств</name>
                        <type>O</type>
                    </okved>
                    <okved>
                        <code>72.6</code>
                        <name>Прочая деятельность, связанная с использованием вычислительной техники и информационных технологий</name>
                        <type>O</type>
                    </okved>
                    <okved>
                        <code>22.15</code>
                        <name>Прочие виды издательской деятельности</name>
                        <type>O</type>
                    </okved>
                    <okved>
                        <code>22.3</code>
                        <name>Копирование записанных носителей информации</name>
                        <type>O</type>
                    </okved>
                    <okved>
                        <code>75.11.8</code>
                        <name>Управление имуществом, находящимся в государственной собственности</name>
                        <type>O</type>
                    </okved>
                    <okved>
                        <code>55.23.5</code>
                        <name>Деятельность прочих мест для временного проживания, не включенных в другие группировки</name>
                        <type>O</type>
                    </okved>
                    <okved>
                        <code>52.47.2</code>
                        <name>Розничная торговля газетами и журналами</name>
                        <type>O</type>
                    </okved>
                    <okved>
                        <code>52.1</code>
                        <name>Розничная торговля в неспециализированных магазинах</name>
                        <type>O</type>
                    </okved>
                    <okved>
                        <code>52.47</code>
                        <name>Розничная торговля книгами, журналами, газетами, писчебумажными и канцелярскими товарами</name>
                        <type>O</type>
                    </okved>
                    <okved>
                        <code>80.22.2</code>
                        <name>Среднее профессиональное образование</name>
                        <type>O</type>
                    </okved>
                    <okved>
                        <code>80.30.3</code>
                        <name>Обучение в образовательных учреждениях дополнительного профессионального образования (повышения квалификации) для специалистов, имеющих высшее профессиональное образование</name>
                        <type>O</type>
                    </okved>
                    <okved>
                        <code>22.25</code>
                        <name>Дополнительная деятельность, связанная с печатанием</name>
                        <type>O</type>
                    </okved>
                    <okved>
                        <code>93.02</code>
                        <name>Предоставление услуг парикмахерскими и салонами красоты</name>
                        <type>O</type>
                    </okved>
                    <okved>
                        <code>52.47.1</code>
                        <name>Розничная торговля книгами</name>
                        <type>O</type>
                    </okved>
                    <okved>
                        <code>93.01</code>
                        <name>Стирка, химическая чистка и окрашивание текстильных и меховых изделий</name>
                        <type>O</type>
                    </okved>
                    <okved>
                        <code>92.62</code>
                        <name>Прочая деятельность в области спорта</name>
                        <type>O</type>
                    </okved>
                    <okved>
                        <code>22.13</code>
                        <name>Издание журналов и периодических публикаций</name>
                        <type>O</type>
                    </okved>
                    <okved>
                        <code>80.42</code>
                        <name>Образование для взрослых и прочие виды образования, не включенные в другие группировки</name>
                        <type>O</type>
                    </okved>
                    <okved>
                        <code>22.1</code>
                        <name>Издательская деятельность</name>
                        <type>O</type>
                    </okved>
                    <okved>
                        <code>72.20</code>
                        <name>Разработка программного обеспечения и консультирование в этой области</name>
                        <type>O</type>
                    </okved>
                    <okved>
                        <code>55.51</code>
                        <name>Деятельность столовых при предприятиях и учреждениях</name>
                        <type>O</type>
                    </okved>
                    <okved>
                        <code>55.23.3</code>
                        <name>Сдача внаем для временного проживания меблированных комнат</name>
                        <type>O</type>
                    </okved>
                    <okved>
                        <code>73.20</code>
                        <name>Научные исследования и разработки в области общественных и гуманитарных наук</name>
                        <type>O</type>
                    </okved>
                </classifier>
                <address>
                    <zip>308024</zip>
                    <subject>
                        <code>31000000000</code>
                        <name>Белгородская обл</name>
                    </subject>
                    <city>
                        <code>31000001000</code>
                        <name>Белгород г</name>
                    </city>
                    <street>
                        <name>Горького ул</name>
                    </street>
                    <building>д.71</building>
                </address>
            </main>
            <additional>
                <institutionType>
                    <code>1000000</code>
                    <name>Образование</name>
                </institutionType>
                <ppo>
                    <code>00000000000</code>
                    <name>Российская Федерация</name>
                    <okato>
                        <code>00000000000</code>
                        <name>Объекты административно-территориального деления, кроме сельских населенных пунктов</name>
                    </okato>
                    <oktmo>
                        <code>14701000</code>
                        <name> город Белгород</name>
                    </oktmo>
                </ppo>
                <phone>8-4722-557113</phone>
                <www>http://www.belui.ru</www>
                <section>188</section>
                <oktmo>
                    <code>14701000</code>
                    <name> город Белгород</name>
                </oktmo>
                <activity>
                    <okved>
                        <code>80.30.4</code>
                        <name>Обучение на подготовительных курсах для поступления в учебные заведения высшего профессионального образования</name>
                    </okved>
                    <name>80.30.4 Обучение на подготовительных курсах для поступления в учебные заведения высшего профессионального образования </name>
                </activity>
                <activity>
                    <okved>
                        <code>52.41</code>
                        <name>Розничная торговля текстильными и галантерейными изделиями</name>
                    </okved>
                    <name>52.41 Розничная торговля текстильными и галантерейными изделиями</name>
                </activity>
                <activity>
                    <okved>
                        <code>80.30.1</code>
                        <name>Обучение в образовательных учреждениях высшего профессионального образования (университетах, академиях, институтах и в др,)</name>
                    </okved>
                    <name>80.30.1 Обучение в образовательных учреждениях высшего профессионального образования (университетах, академиях, институтах и в др,) </name>
                </activity>
                <activity>
                    <okved>
                        <code>80.30.2</code>
                        <name>Послевузовское профессиональное образование</name>
                    </okved>
                    <name>80.30.2 Послевузовское профессиональное образование</name>
                </activity>
                <activity>
                    <okved>
                        <code>72.40</code>
                        <name>Деятельность по созданию и использованию баз данных и информационных ресурсов, в том числе ресурсов сети Интернет</name>
                    </okved>
                    <name>72.40 Деятельность по созданию и использованию баз данных и информационных ресурсов, в том числе ресурсов сети Интернет </name>
                </activity>
                <activity>
                    <okved>
                        <code>92.61</code>
                        <name>Деятельность спортивных объектов</name>
                    </okved>
                    <name>92.61 Деятельность спортивных объектов</name>
                </activity>
                <activity>
                    <okved>
                        <code>80.41.1</code>
                        <name>Обучение водителей автотранспортных средств</name>
                    </okved>
                    <name>80.41.1 Обучение водителей автотранспортных средств </name>
                </activity>
                <activity>
                    <okved>
                        <code>72.6</code>
                        <name>Прочая деятельность, связанная с использованием вычислительной техники и информационных технологий</name>
                    </okved>
                    <name>72.6 Прочая деятельность, связанная с использованием вычислительной техники и информационных технологий </name>
                </activity>
                <activity>
                    <okved>
                        <code>22.15</code>
                        <name>Прочие виды издательской деятельности</name>
                    </okved>
                    <name>22.15 Прочие виды издательской деятельности</name>
                </activity>
                <activity>
                    <okved>
                        <code>22.3</code>
                        <name>Копирование записанных носителей информации</name>
                    </okved>
                    <name>22.3 Копирование записанных носителей информации</name>
                </activity>
                <activity>
                    <okved>
                        <code>75.11.8</code>
                        <name>Управление имуществом, находящимся в государственной собственности</name>
                    </okved>
                    <name>75.11.8 Управление имуществом, находящимся в государственной собственности </name>
                </activity>
                <activity>
                    <okved>
                        <code>55.23.5</code>
                        <name>Деятельность прочих мест для временного проживания, не включенных в другие группировки</name>
                    </okved>
                    <name>55.23.5 Деятельность прочих мест для временного проживания, не включенных в другие группировки </name>
                </activity>
                <activity>
                    <okved>
                        <code>52.47.2</code>
                        <name>Розничная торговля газетами и журналами</name>
                    </okved>
                    <name>52.47.2 Розничная торговля газетами и журналами </name>
                </activity>
                <activity>
                    <okved>
                        <code>52.1</code>
                        <name>Розничная торговля в неспециализированных магазинах</name>
                    </okved>
                    <name>52.1 Розничная торговля в неспециализированных магазинах</name>
                </activity>
                <activity>
                    <okved>
                        <code>52.47</code>
                        <name>Розничная торговля книгами, журналами, газетами, писчебумажными и канцелярскими товарами</name>
                    </okved>
                    <name>52.47 Розничная торговля книгами, журналами, газетами, писчебумажными и канцелярскими товарами</name>
                </activity>
                <activity>
                    <okved>
                        <code>80.22.2</code>
                        <name>Среднее профессиональное образование</name>
                    </okved>
                    <name>80.22.2 Среднее профессиональное образование</name>
                </activity>
                <activity>
                    <okved>
                        <code>80.30.3</code>
                        <name>Обучение в образовательных учреждениях дополнительного профессионального образования (повышения квалификации) для специалистов, имеющих высшее профессиональное образование</name>
                    </okved>
                    <name>80.30.3 Обучение в образовательных учреждениях дополнительного профессионального образования (повышения квалификации) для специалистов, имеющих высшее профессиональное образование </name>
                </activity>
                <activity>
                    <okved>
                        <code>22.25</code>
                        <name>Дополнительная деятельность, связанная с печатанием</name>
                    </okved>
                    <name>22.25 Дополнительная деятельность, связанная с печатанием </name>
                </activity>
                <activity>
                    <okved>
                        <code>93.02</code>
                        <name>Предоставление услуг парикмахерскими и салонами красоты</name>
                    </okved>
                    <name>93.02 Предоставление услуг парикмахерскими и салонами красоты </name>
                </activity>
                <activity>
                    <okved>
                        <code>52.47.1</code>
                        <name>Розничная торговля книгами</name>
                    </okved>
                    <name>52.47.1 Розничная торговля книгами </name>
                </activity>
                <activity>
                    <okved>
                        <code>93.01</code>
                        <name>Стирка, химическая чистка и окрашивание текстильных и меховых изделий</name>
                    </okved>
                    <name>93.01 Стирка, химическая чистка и окрашивание текстильных и меховых изделий </name>
                </activity>
                <activity>
                    <okved>
                        <code>92.62</code>
                        <name>Прочая деятельность в области спорта</name>
                    </okved>
                    <name>92.62 Прочая деятельность в области спорта</name>
                </activity>
                <activity>
                    <okved>
                        <code>22.13</code>
                        <name>Издание журналов и периодических публикаций</name>
                    </okved>
                    <name>22.13 Издание журналов и периодических публикаций </name>
                </activity>
                <activity>
                    <okved>
                        <code>80.42</code>
                        <name>Образование для взрослых и прочие виды образования, не включенные в другие группировки</name>
                    </okved>
                    <name>80.42 Образование для взрослых и прочие виды образования, не включенные в другие группировки </name>
                </activity>
                <activity>
                    <okved>
                        <code>22.1</code>
                        <name>Издательская деятельность</name>
                    </okved>
                    <name>22.1 Издательская деятельность </name>
                </activity>
                <activity>
                    <okved>
                        <code>72.20</code>
                        <name>Разработка программного обеспечения и консультирование в этой области</name>
                    </okved>
                    <name>72.20 Разработка программного обеспечения и консультирование в этой области </name>
                </activity>
                <activity>
                    <okved>
                        <code>55.51</code>
                        <name>Деятельность столовых при предприятиях и учреждениях</name>
                    </okved>
                    <name>55.51 Деятельность столовых при предприятиях и учреждениях </name>
                </activity>
                <activity>
                    <okved>
                        <code>55.23.3</code>
                        <name>Сдача внаем для временного проживания меблированных комнат</name>
                    </okved>
                    <name>55.23.3 Сдача внаем для временного проживания меблированных комнат </name>
                </activity>
                <activity>
                    <okved>
                        <code>73.20</code>
                        <name>Научные исследования и разработки в области общественных и гуманитарных наук</name>
                    </okved>
                    <name>73.20 Научные исследования и разработки в области общественных и гуманитарных наук </name>
                </activity>
                <eMail>belui@lenta.ru</eMail>
            </additional>
            <other>
                <chief>
                    <lastName>Амельчаков</lastName>
                    <firstName>Игорь</firstName>
                    <middleName>Филиппович</middleName>
                    <position>начальник института</position>
                </chief>
                <founder>
                    <regNum>0173100000062</regNum>
                    <fullName>Министерство внутренних дел Российской Федерации</fullName>
                </founder>
            </other>
            <document>
                <name>свидетельство о госрегистрации</name>
                <date>2012-04-25+04:00</date>
                <url>http://bus.gov.ru/public/download/download.html?id=2857936</url>
                <type>E</type>
            </document>
            <document>
                <name>Устав Бел ЮИ МВД России.</name>
                <date>2012-04-25+04:00</date>
                <url>http://bus.gov.ru/public/download/download.html?id=2857695</url>
                <type>F</type>
            </document>
            <document>
                <name>Изменения в Устав (приказ МВД России)</name>
                <date>2012-04-25+04:00</date>
                <url>http://bus.gov.ru/public/download/download.html?id=2857900</url>
                <type>F</type>
            </document>
            <document>
                <name>Решение учр-ля о назн. рук-ля пр. №507</name>
                <date>2012-04-25+04:00</date>
                <url>http://bus.gov.ru/public/download/download.html?id=2857972</url>
                <type>S</type>
            </document>
            <document>
                <name>Бюджетная смета 159 ФГКОУ ВПО БЕЛ ЮИ МВД РОССИИ 2012-01-11 14-59</name>
                <date>2012-04-25+04:00</date>
                <url>http://bus.gov.ru/public/download/download.html?id=2858455</url>
                <type>O</type>
            </document>
        </ns2:position>
    
<ns2:position xmlns:ns2="http://bus.gov.ru/external/1" xmlns="http://bus.gov.ru/types/1" xmlns:xsi="http://www.w3.org/2001/XMLSchema-instance" xmlns:ns3="http://bus.gov.ru/fk/1">
            <positionId>2ce80619-02eb-4cf5-be78-7e4ad9ed534d</positionId>
            <changeDate>2012-06-21T14:18:27.071+04:00</changeDate>
            <placer>
                <regNum>0826100000013</regNum>
                <fullName>Федеральное казенное учреждение здравоохранения "Медико-санитарная часть Министерства внутренних дел Российской Федерации по Белгородской области"</fullName>
                <inn>3124014379</inn>
                <kpp>312301001</kpp>
            </placer>
            <initiator>
                <regNum>0826100000013</regNum>
                <fullName>Федеральное казенное учреждение здравоохранения "Медико-санитарная часть Министерства внутренних дел Российской Федерации по Белгородской области"</fullName>
                <inn>3124014379</inn>
                <kpp>312301001</kpp>
            </initiator>
            <versionNumber>0</versionNumber>
            <main>
                <shortName>ФКУЗ "МСЧ МВД России по Белгородской области"</shortName>
                <ogrn>1023101672120</ogrn>
                <rbs>
                    <regNum>0126100000043</regNum>
                    <fullName>Управление Министерства внутренних дел Российской Федерации по Белгородской области</fullName>
                </rbs>
                <grbs>
                    <regNum>0173100000062</regNum>
                    <fullName>Министерство внутренних дел Российской Федерации</fullName>
                </grbs>
                <orgType>08</orgType>
                <classifier>
                    <okfs>
                        <code>12</code>
                        <name>Федеральная собственность</name>
                    </okfs>
                    <okopf>
                        <code>72</code>
                        <name>Бюджетные учреждения</name>
                    </okopf>
                    <okogu>
                        <code>1310500</code>
                        <name>Министерство внутренних дел Российской Федерации</name>
                    </okogu>
                    <okpo>
                        <code>08585069</code>
                    </okpo>
                    <okato>
                        <code>14401370000</code>
                        <name>Восточный</name>
                    </okato>
                    <okved>
                        <code>85.11.1</code>
                        <name>Деятельность больничных учреждений широкого профиля и специализированных</name>
                        <type>C</type>
                    </okved>
                    <okved>
                        <code>85.12</code>
                        <name>Врачебная практика</name>
                        <type>O</type>
                    </okved>
                </classifier>
                <address>
                    <zip>308033</zip>
                    <subject>
                        <code>31000000000</code>
                        <name>Белгородская</name>
                    </subject>
                    <city>
                        <code>31000001000</code>
                        <name>Белгород</name>
                    </city>
                    <street>
                        <code>310000010000055</code>
                        <name>Губкина</name>
                    </street>
                    <building>11</building>
                </address>
            </main>
            <additional>
                <institutionType>
                    <code>0500000</code>
                    <name>Здравоохранение</name>
                </institutionType>
                <ppo>
                    <code>00000000000</code>
                    <name>Российская Федерация</name>
                    <okato>
                        <code>00000000000</code>
                        <name>Объекты административно-территориального деления, кроме сельских населенных пунктов</name>
                    </okato>
                    <oktmo>
                        <code>14701000</code>
                        <name> город Белгород</name>
                    </oktmo>
                </ppo>
                <phone>7-4722-549848</phone>
                <www>http://mschmvd31.ru</www>
                <section>188</section>
                <oktmo>
                    <code>14701000</code>
                    <name> город Белгород</name>
                </oktmo>
                <activity>
                    <okved>
                        <code>85.11.1</code>
                        <name>Деятельность больничных учреждений широкого профиля и специализированных</name>
                    </okved>
                    <name>Деятельность больничных учреждений широкого профиля и специализированных</name>
                </activity>
                <activity>
                    <okved>
                        <code>85.12</code>
                        <name>Врачебная практика</name>
                    </okved>
                    <name>Врачебная практика</name>
                </activity>
                <eMail>msc-buh@mail.ru</eMail>
            </additional>
            <other>
                <chief>
                    <lastName>Федорова</lastName>
                    <firstName>Надежда</firstName>
                    <middleName>Владимировна</middleName>
                    <position>начальник</position>
                </chief>
                <founder>
                    <regNum>0173100000062</regNum>
                    <fullName>Министерство внутренних дел Российской Федерации</fullName>
                </founder>
            </other>
            <document>
                <name>Решение учредителя о назначении руководителя</name>
                <date>2011-07-23+04:00</date>
                <url>http://bus.gov.ru/public/download/download.html?id=4123373</url>
                <type>S</type>
            </document>
            <document>
                <name>УСТАВ МСЧ</name>
                <date>2011-05-31+04:00</date>
                <url>http://bus.gov.ru/public/download/download.html?id=4127267</url>
                <type>F</type>
            </document>
            <document>
                <name>Лицензии на меддеятельность</name>
                <date>2011-09-27+04:00</date>
                <url>http://bus.gov.ru/public/download/download.html?id=4126013</url>
                <type>O</type>
            </document>
            <document>
                <name>Лицензии на фармдеятельность</name>
                <date>2011-09-30+04:00</date>
                <url>http://bus.gov.ru/public/download/download.html?id=4126711</url>
                <type>O</type>
            </document>
            <document>
                <name>Свидетельство о постановке на учет Российской организации в налоговом органе по месту нахождения на территории Российской Федерации</name>
                <date>1996-01-12+03:00</date>
                <url>http://bus.gov.ru/public/download/download.html?id=4125123</url>
                <type>E</type>
            </document>
            <document>
                <name>Свидетельство о внесении записи в Единый государственный реестр юридических лиц</name>
                <date>2011-07-28+04:00</date>
                <url>http://bus.gov.ru/public/download/download.html?id=4123605</url>
                <type>E</type>
            </document>
        </ns2:position>
    

    </ns2:body>
    </ns2:institutionInfo>        
        