<?xml version="1.0" encoding="UTF-8" standalone="yes"?>
<ns2:institutionInfo xsi:schemaLocation="http://bus.gov.ru/public/schema/TFF-0.1.3.1/External.xsd" xmlns="http://bus.gov.ru/types/1" xmlns:ns2="http://bus.gov.ru/external/1" xmlns:xsi="http://www.w3.org/2001/XMLSchema-instance" xmlns:ns3="http://bus.gov.ru/fk/1">
    <ns2:body>                        
	<ns2:position xmlns:ns2="http://bus.gov.ru/external/1" xmlns="http://bus.gov.ru/types/1" xmlns:xsi="http://www.w3.org/2001/XMLSchema-instance" xmlns:ns3="http://bus.gov.ru/fk/1">
            <positionId>048a0460-98ae-4262-bdc7-d8d8fbc64e45</positionId>
            <changeDate>2012-06-27T16:20:53.179+04:00</changeDate>
            <placer>
                <regNum>0828100000025</regNum>
                <fullName>федеральное казенное учреждение здравоохранения "Медико-санитарная часть Министерства внутренних дел Российской Федерации по Владимирской области"</fullName>
                <inn>3328441202</inn>
                <kpp>332801001</kpp>
            </placer>
            <initiator>
                <regNum>0828100000025</regNum>
                <fullName>федеральное казенное учреждение здравоохранения "Медико-санитарная часть Министерства внутренних дел Российской Федерации по Владимирской области"</fullName>
                <inn>3328441202</inn>
                <kpp>332801001</kpp>
            </initiator>
            <versionNumber>0</versionNumber>
            <main>
                <shortName>ФКУЗ "МСЧ МВД России по Владимирской области"</shortName>
                <ogrn>1063328004740</ogrn>
                <rbs>
                    <regNum>0128100000025</regNum>
                    <fullName>Управление Министерства внутренних дел Российской Федерации по Владимирской области</fullName>
                </rbs>
                <grbs>
                    <regNum>0173100000054</regNum>
                    <fullName>Министерство внутренних дел Российской Федерации</fullName>
                </grbs>
                <orgType>08</orgType>
                <classifier>
                    <okfs>
                        <code>12</code>
                        <name>Федеральная собственность</name>
                    </okfs>
                    <okopf>
                        <code>72</code>
                        <name>Бюджетные учреждения</name>
                    </okopf>
                    <okogu>
                        <code>1310500</code>
                        <name>Министерство внутренних дел Российской Федерации</name>
                    </okogu>
                    <okpo>
                        <code>08808167</code>
                    </okpo>
                    <okato>
                        <code>17401370000</code>
                        <name>Октябрьский</name>
                    </okato>
                    <okved>
                        <code>85.11.1</code>
                        <name>Деятельность больничных учреждений широкого профиля и специализированных</name>
                        <type>C</type>
                    </okved>
                    <okved>
                        <code>85.14.5</code>
                        <name>Деятельность учреждений санитарно-эпидемиологической службы</name>
                        <type>O</type>
                    </okved>
                    <okved>
                        <code>85.13</code>
                        <name>Стоматологическая практика</name>
                        <type>O</type>
                    </okved>
                    <okved>
                        <code>85.14.1</code>
                        <name>Деятельность среднего медицинского персонала</name>
                        <type>O</type>
                    </okved>
                    <okved>
                        <code>85.32</code>
                        <name>Предоставление социальных услуг без обеспечения проживания</name>
                        <type>O</type>
                    </okved>
                    <okved>
                        <code>85.14.3</code>
                        <name>Деятельность медицинских лабораторий</name>
                        <type>O</type>
                    </okved>
                    <okved>
                        <code>85.14.2</code>
                        <name>Деятельность вспомогательного стоматологического персонала</name>
                        <type>O</type>
                    </okved>
                    <okved>
                        <code>85.12</code>
                        <name>Врачебная практика</name>
                        <type>O</type>
                    </okved>
                </classifier>
                <address>
                    <zip>600017</zip>
                    <subject>
                        <code>33000000000</code>
                        <name>Владимирская обл</name>
                    </subject>
                    <city>
                        <code>33000001000</code>
                        <name>Владимир г</name>
                    </city>
                    <street>
                        <name>Сакко и Ванцетти ул</name>
                    </street>
                    <building>35</building>
                </address>
            </main>
            <additional>
                <institutionType>
                    <code>0509000</code>
                    <name>Медико-санитарная часть, в том числе центральная</name>
                </institutionType>
                <ppo>
                    <code>00000000000</code>
                    <name>Российская Федерация</name>
                    <okato>
                        <code>00000000000</code>
                        <name>Объекты административно-территориального деления, кроме сельских населенных пунктов</name>
                    </okato>
                    <oktmo>
                        <code>17701000</code>
                        <name> город Владимир</name>
                    </oktmo>
                </ppo>
                <phone>7-4922-533981</phone>
                <section>188</section>
                <oktmo>
                    <code>17701000</code>
                    <name> город Владимир</name>
                </oktmo>
                <activity>
                    <okved>
                        <code>85.11.1</code>
                        <name>Деятельность больничных учреждений широкого профиля и специализированных</name>
                    </okved>
                    <name>Деятельность больничных учреждений широкого профиля и специализированных</name>
                </activity>
                <activity>
                    <okved>
                        <code>85.14.5</code>
                        <name>Деятельность учреждений санитарно-эпидемиологической службы</name>
                    </okved>
                    <name>Деятельность учреждений санитарно-эпидемиологической службы</name>
                </activity>
                <activity>
                    <okved>
                        <code>85.13</code>
                        <name>Стоматологическая практика</name>
                    </okved>
                    <name>Стоматологическая практика</name>
                </activity>
                <activity>
                    <okved>
                        <code>85.14.1</code>
                        <name>Деятельность среднего медицинского персонала</name>
                    </okved>
                    <name>Деятельность среднего медицинского персонала</name>
                </activity>
                <activity>
                    <okved>
                        <code>85.32</code>
                        <name>Предоставление социальных услуг без обеспечения проживания</name>
                    </okved>
                    <name>Предоставление социальных услуг без обеспечения проживания</name>
                </activity>
                <activity>
                    <okved>
                        <code>85.14.3</code>
                        <name>Деятельность медицинских лабораторий</name>
                    </okved>
                    <name>Деятельность медицинских лабораторий</name>
                </activity>
                <activity>
                    <okved>
                        <code>85.14.2</code>
                        <name>Деятельность вспомогательного стоматологического персонала</name>
                    </okved>
                    <name>Деятельность вспомогательного стоматологического персонала</name>
                </activity>
                <activity>
                    <okved>
                        <code>85.12</code>
                        <name>Врачебная практика</name>
                    </okved>
                    <name>Врачебная практика</name>
                </activity>
                <eMail>polic@meduvd.elcom.ru</eMail>
            </additional>
            <other>
                <chief>
                    <lastName>Догаев</lastName>
                    <firstName>Александр</firstName>
                    <middleName>Георгиевич</middleName>
                    <position>начальник</position>
                </chief>
                <founder>
                    <regNum>0173100000062</regNum>
                    <fullName>Министерство внутренних дел Российской Федерации</fullName>
                </founder>
            </other>
            <document>
                <name>Приказ о назначении руководителя</name>
                <date>2006-01-30+03:00</date>
                <url>http://bus.gov.ru/public/download/download.html?id=4294319</url>
                <type>S</type>
            </document>
            <document>
                <name>РАСПОРЯЖЕНИЕ Правит от 16_07_05 N 1018-р</name>
                <date>2005-07-16+04:00</date>
                <url>http://bus.gov.ru/public/download/download.html?id=4294349</url>
                <type>C</type>
            </document>
            <document>
                <name>Изменения в устав № 1</name>
                <date>2007-11-16+03:00</date>
                <url>http://bus.gov.ru/public/download/download.html?id=4294186</url>
                <type>F</type>
            </document>
            <document>
                <name>Устав МСЧ УВД от 2005 года</name>
                <date>2005-12-30+03:00</date>
                <url>http://bus.gov.ru/public/download/download.html?id=4293970</url>
                <type>F</type>
            </document>
            <document>
                <name>Приказ 540 о внесении изменения в устав</name>
                <date>2011-05-31+04:00</date>
                <url>http://bus.gov.ru/public/download/download.html?id=4294229</url>
                <type>F</type>
            </document>
            <document>
                <name>Информационное письмо об учете в Статрегистре Росстата на казенное учреждение</name>
                <date>2011-08-18+04:00</date>
                <url>http://bus.gov.ru/public/download/download.html?id=4294388</url>
                <type>O</type>
            </document>
            <document>
                <name>Информационное письмо об учете в Статрегистре Росстата о внесении изменения  в наименование</name>
                <date>2008-03-04+03:00</date>
                <url>http://bus.gov.ru/public/download/download.html?id=4294474</url>
                <type>O</type>
            </document>
            <document>
                <name>Информационное письмо об учете в Статрегистре Росстата первоначальное</name>
                <date>2006-02-10+03:00</date>
                <url>http://bus.gov.ru/public/download/download.html?id=4294532</url>
                <type>O</type>
            </document>
            <document>
                <name>Свидетельства ИНН</name>
                <date>2006-02-08+03:00</date>
                <url>http://bus.gov.ru/public/download/download.html?id=4294254</url>
                <type>O</type>
            </document>
            <document>
                <name>Свидетельство о госрегистрации от 08.02.2006</name>
                <date>2006-02-08+03:00</date>
                <url>http://bus.gov.ru/public/download/download.html?id=4294278</url>
                <type>E</type>
            </document>
            <document>
                <name>Свидетельство о внесении изменений в ЕГРЮЛ от 18.12.2007</name>
                <date>2007-12-18+03:00</date>
                <url>http://bus.gov.ru/public/download/download.html?id=4294282</url>
                <type>E</type>
            </document>
            <document>
                <name>Свидетельство о внесении изменений в ЕГРЮЛ от 17.08.2011</name>
                <date>2011-08-17+04:00</date>
                <url>http://bus.gov.ru/public/download/download.html?id=4294306</url>
                <type>E</type>
            </document>
            <document>
                <name>Свидетельство о внесении изменений в ЕГРЮЛ от 13.07.2011</name>
                <date>2011-07-13+04:00</date>
                <url>http://bus.gov.ru/public/download/download.html?id=4294304</url>
                <type>E</type>
            </document>
        </ns2:position>
    
<ns2:position xmlns:ns2="http://bus.gov.ru/external/1" xmlns="http://bus.gov.ru/types/1" xmlns:xsi="http://www.w3.org/2001/XMLSchema-instance" xmlns:ns3="http://bus.gov.ru/fk/1">
            <positionId>8a9a0954-beb8-4562-84cd-f6cef78829b1</positionId>
            <changeDate>2012-05-25T15:22:42.853+04:00</changeDate>
            <placer>
                <regNum>0328100000012</regNum>
                <fullName>Отдел вневедомственной охраны при управлении внутренних дел по городу Коврову и Ковровскому району Владимирской области</fullName>
                <inn>3305009109</inn>
                <kpp>330501001</kpp>
            </placer>
            <initiator>
                <regNum>0328100000012</regNum>
                <fullName>Отдел вневедомственной охраны при управлении внутренних дел по городу Коврову и Ковровскому району Владимирской области</fullName>
                <inn>3305009109</inn>
                <kpp>330501001</kpp>
            </initiator>
            <versionNumber>0</versionNumber>
            <main>
                <shortName>ОВО при УВД по г.Коврову и Ковровскому району</shortName>
                <ogrn>1033302207817</ogrn>
                <rbs>
                    <regNum>0128100000047</regNum>
                    <fullName>Управление вневедомственной охраны при управлении внутренних дел по  Владимирской области</fullName>
                </rbs>
                <grbs>
                    <regNum>0173100000054</regNum>
                    <fullName>Министерство внутренних дел Российской Федерации</fullName>
                </grbs>
                <orgType>03</orgType>
                <classifier>
                    <okfs>
                        <code>12</code>
                        <name>Федеральная собственность</name>
                    </okfs>
                    <okopf>
                        <code>72</code>
                        <name>Бюджетные учреждения</name>
                    </okopf>
                    <okogu>
                        <code>1310500</code>
                        <name>Министерство внутренних дел Российской Федерации</name>
                    </okogu>
                    <okpo>
                        <code>08698945</code>
                    </okpo>
                    <okato>
                        <code>17425000000</code>
                        <name>Ковров</name>
                    </okato>
                    <okved>
                        <code>75.24.1</code>
                        <name>Деятельность органов внутренних дел</name>
                        <type>C</type>
                    </okved>
                </classifier>
                <address>
                    <zip>601905</zip>
                    <subject>
                        <code>33000000000</code>
                        <name>Владимирская</name>
                    </subject>
                    <city>
                        <code>33000004000</code>
                        <name>Ковров</name>
                    </city>
                    <street>
                        <name>Володарского</name>
                    </street>
                    <building>34</building>
                </address>
            </main>
            <additional>
                <institutionType>
                    <code>9900000</code>
                    <name>Прочие</name>
                </institutionType>
                <ppo>
                    <code>00000000000</code>
                    <name>Российская Федерация</name>
                    <okato>
                        <code>00000000000</code>
                        <name>Объекты административно-территориального деления, кроме сельских населенных пунктов</name>
                    </okato>
                    <oktmo>
                        <code>17725000</code>
                        <name> город Ковров</name>
                    </oktmo>
                </ppo>
                <phone>7-49232-22151</phone>
                <oktmo>
                    <code>17725000</code>
                    <name> город Ковров</name>
                </oktmo>
                <activity>
                    <okved>
                        <code>75.24.1</code>
                        <name>Деятельность органов внутренних дел</name>
                    </okved>
                    <name>Деятельность органов внутренних дел </name>
                </activity>
                <eMail>kovrovohrana@mail.ru</eMail>
            </additional>
            <other>
                <chief>
                    <lastName>Бацунов</lastName>
                    <firstName>Сергей</firstName>
                    <middleName>Николаевич</middleName>
                    <position>Начальник</position>
                </chief>
                <founder>
                    <regNum>0173100000062</regNum>
                    <fullName>Министерство внутренних дел Российской Федерации</fullName>
                </founder>
            </other>
            <document>
                <name>приказ на назначение</name>
                <date>2009-10-20+04:00</date>
                <url>http://bus.gov.ru/public/download/download.html?id=3589502</url>
                <type>S</type>
            </document>
            <document>
                <name>положение</name>
                <date>2007-03-19+03:00</date>
                <url>http://bus.gov.ru/public/download/download.html?id=3589411</url>
                <type>F</type>
            </document>
            <document>
                <name>Свидетельство о внесении записи в ЕГРЮЛ посл.</name>
                <date>2011-04-25+04:00</date>
                <url>http://bus.gov.ru/public/download/download.html?id=3598860</url>
                <type>E</type>
            </document>
            <document>
                <name>Свидетельство о внесении записи в ЕГРЮЛ</name>
                <date>2003-02-06+03:00</date>
                <url>http://bus.gov.ru/public/download/download.html?id=3598808</url>
                <type>E</type>
            </document>
            <document>
                <name>Свидетельство о постановке на учет</name>
                <date>2004-01-16+03:00</date>
                <url>http://bus.gov.ru/public/download/download.html?id=3598765</url>
                <type>E</type>
            </document>
        </ns2:position>
    
<ns2:position xmlns:ns2="http://bus.gov.ru/external/1" xmlns="http://bus.gov.ru/types/1" xmlns:xsi="http://www.w3.org/2001/XMLSchema-instance" xmlns:ns3="http://bus.gov.ru/fk/1">
            <positionId>08190388-7b2f-4d9a-85a6-8d7e8236ec6b</positionId>
            <changeDate>2012-06-21T11:23:18.689+04:00</changeDate>
            <placer>
                <regNum>0328100000049</regNum>
                <fullName>ВОЙСКОВАЯ ЧАСТЬ 6523</fullName>
                <inn>3329016070</inn>
                <kpp>332901001</kpp>
            </placer>
            <initiator>
                <regNum>0328100000049</regNum>
                <fullName>ВОЙСКОВАЯ ЧАСТЬ 6523</fullName>
                <inn>3329016070</inn>
                <kpp>332901001</kpp>
            </initiator>
            <versionNumber>0</versionNumber>
            <main>
                <shortName>ВОЙСКОВАЯ ЧАСТЬ 6523</shortName>
                <ogrn>1033303411151</ogrn>
                <rbs>
                    <regNum>0373100000668</regNum>
                    <fullName>ВОЙСКОВАЯ ЧАСТЬ 5401</fullName>
                </rbs>
                <grbs>
                    <regNum>0173100000054</regNum>
                    <fullName>Министерство внутренних дел Российской Федерации</fullName>
                </grbs>
                <orgType>03</orgType>
                <classifier>
                    <okfs>
                        <code>12</code>
                        <name>Федеральная собственность</name>
                    </okfs>
                    <okopf>
                        <code>81</code>
                        <name>Учреждения</name>
                    </okopf>
                    <okogu>
                        <code>1310500</code>
                        <name>Министерство внутренних дел Российской Федерации</name>
                    </okogu>
                    <okpo>
                        <code>08607606</code>
                    </okpo>
                    <okato>
                        <code>17401000000</code>
                        <name>Владимир</name>
                    </okato>
                    <okved>
                        <code>75.22</code>
                        <name>Деятельность, связанная с обеспечением военной безопасности</name>
                        <type>C</type>
                    </okved>
                </classifier>
                <address>
                    <zip>600027</zip>
                    <subject>
                        <code>33000000000</code>
                        <name>Владимирская область</name>
                    </subject>
                    <city>
                        <code>33000001000</code>
                        <name>Владимир</name>
                    </city>
                    <street>
                        <name>Суздальский проспект</name>
                    </street>
                    <building>21/б</building>
                </address>
            </main>
            <additional>
                <institutionType>
                    <code>0900000</code>
                    <name>Национальная оборона</name>
                </institutionType>
                <ppo>
                    <code>00000000000</code>
                    <name>Российская Федерация</name>
                    <okato>
                        <code>00000000000</code>
                        <name>Объекты административно-территориального деления, кроме сельских населенных пунктов</name>
                    </okato>
                </ppo>
                <phone>7-4922-211727-222</phone>
                <oktmo>
                    <code>03630416</code>
                    <name> Владимирское</name>
                </oktmo>
                <activity>
                    <okved>
                        <code>75.22</code>
                        <name>Деятельность, связанная с обеспечением военной безопасности</name>
                    </okved>
                    <name> Деятельность, связанная с обеспечением военной безопасности   </name>
                </activity>
                <eMail>55dvv_6523@mail.ru</eMail>
            </additional>
            <other>
                <chief>
                    <lastName>Луць</lastName>
                    <firstName>Владимир</firstName>
                    <middleName>Петрович</middleName>
                    <position>Командир войсковой части 6523</position>
                </chief>
                <founder>
                    <regNum>0173100000062</regNum>
                    <fullName>Министерство внутренних дел Российской Федерации</fullName>
                </founder>
            </other>
            <document>
                <name>Положение о воинской части</name>
                <date>2003-11-15+03:00</date>
                <url>http://bus.gov.ru/public/download/download.html?id=4198032</url>
                <type>S</type>
            </document>
            <document>
                <name>Положение о воинской части</name>
                <date>2003-11-15+03:00</date>
                <url>http://bus.gov.ru/public/download/download.html?id=4197884</url>
                <type>F</type>
            </document>
            <document>
                <name>Положение о воинской части</name>
                <date>2003-11-15+03:00</date>
                <url>http://bus.gov.ru/public/download/download.html?id=4197977</url>
                <type>E</type>
            </document>
        </ns2:position>
    
<ns2:position xmlns:ns2="http://bus.gov.ru/external/1" xmlns="http://bus.gov.ru/types/1" xmlns:xsi="http://www.w3.org/2001/XMLSchema-instance" xmlns:ns3="http://bus.gov.ru/fk/1">
            <positionId>8a8be0b0-bb08-4c77-beb0-c5c0f20df4c0</positionId>
            <changeDate>2012-10-17T09:59:58.824+04:00</changeDate>
            <placer>
                <regNum>0128100000047</regNum>
                <fullName>федеральное государственное казенное учреждение "Управление вневедомственной охраны Управления Министерства внутренних дел Российской Федерации по Владимирской области"</fullName>
                <inn>3328485062</inn>
                <kpp>332801001</kpp>
            </placer>
            <initiator>
                <regNum>0128100000047</regNum>
                <fullName>федеральное государственное казенное учреждение "Управление вневедомственной охраны Управления Министерства внутренних дел Российской Федерации по Владимирской области"</fullName>
                <inn>3328485062</inn>
                <kpp>332801001</kpp>
            </initiator>
            <versionNumber>0</versionNumber>
            <main>
                <shortName>ФГКУ УВО УМВД России по Владимирской области</shortName>
                <ogrn>1123328005382</ogrn>
                <rbs>
                    <regNum>0128100000025</regNum>
                    <fullName>Управление Министерства внутренних дел Российской Федерации по Владимирской области</fullName>
                </rbs>
                <grbs>
                    <regNum>0173100000062</regNum>
                    <fullName>Министерство внутренних дел Российской Федерации</fullName>
                </grbs>
                <orgType>08</orgType>
                <classifier>
                    <okfs>
                        <code>12</code>
                        <name>Федеральная собственность</name>
                    </okfs>
                    <okopf>
                        <code>74</code>
                        <name>Казенные учреждения</name>
                    </okopf>
                    <okogu>
                        <code>1310500</code>
                        <name>Министерство внутренних дел Российской Федерации</name>
                    </okogu>
                    <okpo>
                        <code>08684794</code>
                    </okpo>
                    <okato>
                        <code>17401370000</code>
                        <name>Октябрьский</name>
                    </okato>
                    <okved>
                        <code>75.24.1</code>
                        <name>Деятельность органов внутренних дел</name>
                        <type>C</type>
                    </okved>
                </classifier>
                <address>
                    <zip>600005</zip>
                    <subject>
                        <code>33000000000</code>
                        <name>Владимирская обл</name>
                    </subject>
                    <city>
                        <code>33000001000</code>
                        <name>Владимир г</name>
                    </city>
                    <street>
                        <code>330000010000339</code>
                        <name>Студенческая ул</name>
                    </street>
                    <building>18</building>
                </address>
            </main>
            <additional>
                <institutionType>
                    <code>9900000</code>
                    <name>Прочие</name>
                </institutionType>
                <ppo>
                    <code>00000000000</code>
                    <name>Российская Федерация</name>
                    <okato>
                        <code>00000000000</code>
                        <name>Объекты административно-территориального деления, кроме сельских населенных пунктов</name>
                    </okato>
                    <oktmo>
                        <code>17701000</code>
                        <name>Город Владимир</name>
                    </oktmo>
                </ppo>
                <phone>7-4922-326671</phone>
                <branchInfo>
                    <type>02</type>
                    <headOffice>
                        <regNum>0328100000070</regNum>
                        <fullName>Отдел вневедомственной охраны при отделе внутренних дел по Вязниковскому району Владимирской области</fullName>
                    </headOffice>
                </branchInfo>
                <section>188</section>
                <oktmo>
                    <code>17701000</code>
                    <name>Город Владимир</name>
                </oktmo>
                <activity>
                    <okved>
                        <code>75.24.1</code>
                        <name>Деятельность органов внутренних дел</name>
                        <type>C</type>
                    </okved>
                    <name>деятельность органов внутренних дел</name>
                </activity>
            </additional>
            <other>
                <chief>
                    <lastName>Бугаков</lastName>
                    <firstName>Виктор</firstName>
                    <middleName>Петрович</middleName>
                    <position>Начальник управления</position>
                </chief>
                <founder>
                    <regNum>0173100000062</regNum>
                    <fullName>Министерство внутренних дел Российской Федерации</fullName>
                </founder>
            </other>
            <document>
                <name>Приказ на Бугакова</name>
                <date>2012-08-21+04:00</date>
                <url>http://bus.gov.ru/public/download/download.html?id=5842252</url>
                <type>S</type>
            </document>
            <document>
                <name>Устав ФГКУ</name>
                <date>2012-05-05+04:00</date>
                <url>http://bus.gov.ru/public/download/download.html?id=5842127</url>
                <type>F</type>
            </document>
            <document>
                <name>свидетельство о регистрации</name>
                <date>2012-08-21+04:00</date>
                <url>http://bus.gov.ru/public/download/download.html?id=5842188</url>
                <type>E</type>
            </document>
        </ns2:position>
    

    </ns2:body>
    </ns2:institutionInfo>        
        