<?xml version="1.0" encoding="UTF-8" standalone="yes"?>
<ns2:institutionInfo xsi:schemaLocation="http://bus.gov.ru/public/schema/TFF-0.1.3.1/External.xsd" xmlns="http://bus.gov.ru/types/1" xmlns:ns2="http://bus.gov.ru/external/1" xmlns:xsi="http://www.w3.org/2001/XMLSchema-instance" xmlns:ns3="http://bus.gov.ru/fk/1">
    <ns2:body>                        
	<ns2:position xmlns:ns2="http://bus.gov.ru/external/1" xmlns="http://bus.gov.ru/types/1" xmlns:xsi="http://www.w3.org/2001/XMLSchema-instance" xmlns:ns3="http://bus.gov.ru/fk/1">
            <positionId>6b296217-24a4-4c2e-b16c-6e235f8c12c5</positionId>
            <changeDate>2012-11-14T11:34:29.324+04:00</changeDate>
            <placer>
                <regNum>0829100000038</regNum>
                <fullName>федеральное государственное казенное образовательное учреждение высшего профессионального образования "Волгоградская академия Министерства внутренних дел Российской Федерации"</fullName>
                <inn>3443045983</inn>
                <kpp>344301001</kpp>
            </placer>
            <initiator>
                <regNum>0829100000038</regNum>
                <fullName>федеральное государственное казенное образовательное учреждение высшего профессионального образования "Волгоградская академия Министерства внутренних дел Российской Федерации"</fullName>
                <inn>3443045983</inn>
                <kpp>344301001</kpp>
            </initiator>
            <versionNumber>2</versionNumber>
            <main>
                <shortName>ФГКОУ ВПО "Волгоградская академия МВД России"; Волгоградская академия МВД России; ВА МВД России</shortName>
                <ogrn>1023402984384</ogrn>
                <rbs>
                    <regNum>0173100000062</regNum>
                    <fullName>Министерство внутренних дел Российской Федерации</fullName>
                </rbs>
                <grbs>
                    <regNum>0173100000062</regNum>
                    <fullName>Министерство внутренних дел Российской Федерации</fullName>
                </grbs>
                <orgType>08</orgType>
                <classifier>
                    <okfs>
                        <code>12</code>
                        <name>Федеральная собственность</name>
                    </okfs>
                    <okopf>
                        <code>72</code>
                        <name>Бюджетные учреждения</name>
                    </okopf>
                    <okogu>
                        <code>1310500</code>
                        <name>Министерство внутренних дел Российской Федерации</name>
                    </okogu>
                    <okpo>
                        <code>08571147</code>
                    </okpo>
                    <okato>
                        <code>18401000000</code>
                        <name>Волгоград</name>
                    </okato>
                    <okved>
                        <code>80.30.1</code>
                        <name>Обучение в образовательных учреждениях высшего профессионального образования (университетах, академиях, институтах и в др,)</name>
                        <type>C</type>
                    </okved>
                    <okved>
                        <code>80.30.3</code>
                        <name>Обучение в образовательных учреждениях дополнительного профессионального образования (повышения квалификации) для специалистов, имеющих высшее профессиональное образование</name>
                        <type>O</type>
                    </okved>
                    <okved>
                        <code>80.22.22</code>
                        <name>Обучение в образовательных учреждениях дополнительного профессионального образования (повышения квалификации) для специалистов, имеющих среднее профессиональное образование</name>
                        <type>O</type>
                    </okved>
                    <okved>
                        <code>80.30.2</code>
                        <name>Послевузовское профессиональное образование</name>
                        <type>O</type>
                    </okved>
                    <okved>
                        <code>22.11.1</code>
                        <name>Издание книг, брошюр, буклетов и аналогичных публикаций, в том числе для слепых</name>
                        <type>O</type>
                    </okved>
                    <okved>
                        <code>80.22.21</code>
                        <name>Обучение в образовательных учреждениях среднего профессионального образования</name>
                        <type>O</type>
                    </okved>
                    <okved>
                        <code>73.20</code>
                        <name>Научные исследования и разработки в области общественных и гуманитарных наук</name>
                        <type>O</type>
                    </okved>
                    <okved>
                        <code>80.30.4</code>
                        <name>Обучение на подготовительных курсах для поступления в учебные заведения высшего профессионального образования</name>
                        <type>O</type>
                    </okved>
                </classifier>
                <address>
                    <zip>400089</zip>
                    <subject>
                        <code>34000000000</code>
                        <name>Волгоградская обл</name>
                    </subject>
                    <city>
                        <code>34000001000</code>
                        <name>Волгоград г</name>
                    </city>
                    <street>
                        <code>340000010002952</code>
                        <name>Историческая ул</name>
                    </street>
                    <building>130</building>
                </address>
            </main>
            <additional>
                <institutionType>
                    <code>1000000</code>
                    <name>Образование</name>
                </institutionType>
                <ppo>
                    <code>00000000000</code>
                    <name>Российская Федерация</name>
                    <okato>
                        <code>00000000000</code>
                        <name>Объекты административно-территориального деления, кроме сельских населенных пунктов</name>
                    </okato>
                    <oktmo>
                        <code>18701000</code>
                        <name>город-герой Волгоград</name>
                    </oktmo>
                </ppo>
                <phone>7-8442-314003</phone>
                <www>http://va-mvd.ru</www>
                <section>188</section>
                <oktmo>
                    <code>18701000</code>
                    <name>город-герой Волгоград</name>
                </oktmo>
                <activity>
                    <okved>
                        <code>80.30.1</code>
                        <name>Обучение в образовательных учреждениях высшего профессионального образования (университетах, академиях, институтах и в др,)</name>
                        <type>C</type>
                    </okved>
                    <name>Обучение в образовательных учреждениях высшего профессионального образования</name>
                </activity>
                <activity>
                    <okved>
                        <code>80.30.3</code>
                        <name>Обучение в образовательных учреждениях дополнительного профессионального образования (повышения квалификации) для специалистов, имеющих высшее профессиональное образование</name>
                        <type>O</type>
                    </okved>
                    <name>Обучение в образовательных учреждениях дополнительного профессионального образования (повышения квалификации) для специалистов, имеющих высшее профессиональное образование</name>
                </activity>
                <activity>
                    <okved>
                        <code>80.22.22</code>
                        <name>Обучение в образовательных учреждениях дополнительного профессионального образования (повышения квалификации) для специалистов, имеющих среднее профессиональное образование</name>
                        <type>O</type>
                    </okved>
                    <name>Обучение в образовательных учреждениях дополнительного профессионального образования (повышения квалификации) для специалистов, имеющих среднее профессиональное образование</name>
                </activity>
                <activity>
                    <okved>
                        <code>80.30.2</code>
                        <name>Послевузовское профессиональное образование</name>
                        <type>O</type>
                    </okved>
                    <name>Послевузовское профессиональное образование</name>
                </activity>
                <activity>
                    <okved>
                        <code>22.11.1</code>
                        <name>Издание книг, брошюр, буклетов и аналогичных публикаций, в том числе для слепых</name>
                        <type>O</type>
                    </okved>
                    <name>Издание книг, брошюр, буклетов и аналогичных публикаций, в том числе для слепых</name>
                </activity>
                <activity>
                    <okved>
                        <code>80.22.21</code>
                        <name>Обучение в образовательных учреждениях среднего профессионального образования</name>
                        <type>O</type>
                    </okved>
                    <name>Обучение в образовательных учреждениях среднего профессионального образования</name>
                </activity>
                <activity>
                    <okved>
                        <code>73.20</code>
                        <name>Научные исследования и разработки в области общественных и гуманитарных наук</name>
                        <type>O</type>
                    </okved>
                    <name>Научные исследования и разработки в области общественных и гуманитарных наук</name>
                </activity>
                <activity>
                    <okved>
                        <code>80.30.4</code>
                        <name>Обучение на подготовительных курсах для поступления в учебные заведения высшего профессионального образования</name>
                        <type>O</type>
                    </okved>
                    <name>Обучение на подготовительных курсах для поступления в учебные заведения высшего профессионального образования</name>
                </activity>
                <eMail>vamvd@mail.ru</eMail>
            </additional>
            <other>
                <chief>
                    <lastName>Третьяков</lastName>
                    <firstName>Владимир</firstName>
                    <middleName>Иванович</middleName>
                    <position>Начальник</position>
                </chief>
                <founder>
                    <regNum>0173100000062</regNum>
                    <fullName>Министерство внутренних дел Российской Федерации</fullName>
                </founder>
            </other>
            <document>
                <name>Приказ о назначаении начальника</name>
                <date>2007-06-23+04:00</date>
                <url>http://bus.gov.ru/public/download/download.html?id=6456665</url>
                <type>S</type>
            </document>
            <document>
                <name>Приказ о создании ВА МВД</name>
                <date>2000-09-26+04:00</date>
                <url>http://bus.gov.ru/public/download/download.html?id=6456666</url>
                <type>C</type>
            </document>
            <document>
                <name>Приказ  об изменениях в уставе</name>
                <date>2011-05-31+04:00</date>
                <url>http://bus.gov.ru/public/download/download.html?id=6456667</url>
                <type>F</type>
            </document>
            <document>
                <name>Устав ВА МВД</name>
                <date>2009-07-20+04:00</date>
                <url>http://bus.gov.ru/public/download/download.html?id=6456668</url>
                <type>F</type>
            </document>
            <document>
                <name>Свидетельство об общественной аккредитации</name>
                <date>2012-06-21+04:00</date>
                <url>http://bus.gov.ru/public/download/download.html?id=6456669</url>
                <type>O</type>
            </document>
            <document>
                <name>Сертификаты СМКО</name>
                <date>2012-01-14+04:00</date>
                <url>http://bus.gov.ru/public/download/download.html?id=6456670</url>
                <type>O</type>
            </document>
            <document>
                <name>Свидетельство об аккред.</name>
                <date>2012-01-11+04:00</date>
                <url>http://bus.gov.ru/public/download/download.html?id=6456671</url>
                <type>E</type>
            </document>
            <document>
                <name>Лицензия</name>
                <date>2011-08-18+04:00</date>
                <url>http://bus.gov.ru/public/download/download.html?id=6456672</url>
                <type>E</type>
            </document>
            <document>
                <name>ЕГРЮЛ</name>
                <date>2011-06-22+04:00</date>
                <url>http://bus.gov.ru/public/download/download.html?id=6456673</url>
                <type>E</type>
            </document>
        </ns2:position>
    
<ns2:position xmlns:ns2="http://bus.gov.ru/external/1" xmlns="http://bus.gov.ru/types/1" xmlns:xsi="http://www.w3.org/2001/XMLSchema-instance" xmlns:ns3="http://bus.gov.ru/fk/1">
            <positionId>4506d93c-dcc4-4e46-b012-758271329616</positionId>
            <changeDate>2012-08-28T12:02:56.320+04:00</changeDate>
            <placer>
                <regNum>0829100000040</regNum>
                <fullName>Отдел Министерства внутренних дел Российской Федерации по Быковскому району Волгоградской области</fullName>
                <inn>3402006738</inn>
                <kpp>340201001</kpp>
            </placer>
            <initiator>
                <regNum>0829100000040</regNum>
                <fullName>Отдел Министерства внутренних дел Российской Федерации по Быковскому району Волгоградской области</fullName>
                <inn>3402006738</inn>
                <kpp>340201001</kpp>
            </initiator>
            <versionNumber>0</versionNumber>
            <main>
                <shortName>Отдел МВД России по Быковскому району</shortName>
                <ogrn>1033400712620</ogrn>
                <rbs>
                    <regNum>0129100000044</regNum>
                    <fullName>Главное управление Министерства внутренних дел Российской Федерации по Волгоградской области</fullName>
                </rbs>
                <grbs>
                    <regNum>0173100000054</regNum>
                    <fullName>Министерство внутренних дел Российской Федерации</fullName>
                </grbs>
                <orgType>08</orgType>
                <classifier>
                    <okfs>
                        <code>12</code>
                        <name>Федеральная собственность</name>
                    </okfs>
                    <okopf>
                        <code>72</code>
                        <name>Бюджетные учреждения</name>
                    </okopf>
                    <okogu>
                        <code>1310500</code>
                        <name>Министерство внутренних дел Российской Федерации</name>
                    </okogu>
                    <okpo>
                        <code>08644799</code>
                    </okpo>
                    <okato>
                        <code>18204551000</code>
                        <name>Быково</name>
                    </okato>
                    <okved>
                        <code>75.24.1</code>
                        <name>Деятельность органов внутренних дел</name>
                        <type>C</type>
                    </okved>
                </classifier>
                <address>
                    <zip>404060</zip>
                    <subject>
                        <code>34000000000</code>
                        <name>Волгоградская обл</name>
                    </subject>
                    <locality>
                        <code>34003000001</code>
                        <name>Быково рп</name>
                    </locality>
                    <street>
                        <code>340030000010002</code>
                        <name>Советская ул</name>
                    </street>
                    <building>63</building>
                </address>
            </main>
            <additional>
                <institutionType>
                    <code>9900000</code>
                    <name>Прочие</name>
                </institutionType>
                <ppo>
                    <code>00000000000</code>
                    <name>Российская Федерация</name>
                    <okato>
                        <code>00000000000</code>
                        <name>Объекты административно-территориального деления, кроме сельских населенных пунктов</name>
                    </okato>
                    <oktmo>
                        <code>18604151</code>
                        <name>Быковское</name>
                    </oktmo>
                </ppo>
                <phone>8-84495-32443</phone>
                <www>http://Bykovo-ovd.ru</www>
                <section>188</section>
                <oktmo>
                    <code>18604151</code>
                    <name>Быковское</name>
                </oktmo>
                <activity>
                    <okved>
                        <code>75.24.1</code>
                        <name>Деятельность органов внутренних дел</name>
                    </okved>
                    <name>Деятельность органов внутренних дел</name>
                </activity>
                <eMail>ovdbikovo@mail.ru</eMail>
            </additional>
            <other>
                <chief>
                    <lastName>Имашев</lastName>
                    <firstName>Нурмуханбет</firstName>
                    <middleName>Сисенович</middleName>
                    <position>Начальник ОВД по Быковскому району</position>
                </chief>
                <founder>
                    <regNum>0173100000062</regNum>
                    <fullName>Министерство внутренних дел Российской Федерации</fullName>
                </founder>
            </other>
            <document>
                <name>приказ о назначении начальника</name>
                <date>2011-07-01+04:00</date>
                <url>http://bus.gov.ru/public/download/download.html?id=5092324</url>
                <type>S</type>
            </document>
            <document>
                <name>Положение</name>
                <date>2011-06-27+04:00</date>
                <url>http://bus.gov.ru/public/download/download.html?id=5091845</url>
                <type>F</type>
            </document>
            <document>
                <name>Свидетельство  ОГРН</name>
                <date>2011-07-14+04:00</date>
                <url>http://bus.gov.ru/public/download/download.html?id=5091687</url>
                <type>E</type>
            </document>
            <document>
                <name>Свидетельство  ИНН</name>
                <date>1992-07-01+04:00</date>
                <url>http://bus.gov.ru/public/download/download.html?id=5091651</url>
                <type>E</type>
            </document>
        </ns2:position>
    

    </ns2:body>
    </ns2:institutionInfo>        
        