<?xml version="1.0" encoding="UTF-8" standalone="yes"?>
<ns2:institutionInfo xsi:schemaLocation="http://bus.gov.ru/public/schema/TFF-0.1.3.1/External.xsd" xmlns="http://bus.gov.ru/types/1" xmlns:ns2="http://bus.gov.ru/external/1" xmlns:xsi="http://www.w3.org/2001/XMLSchema-instance" xmlns:ns3="http://bus.gov.ru/fk/1">
    <ns2:body>                        
	<ns2:position xmlns:ns2="http://bus.gov.ru/external/1" xmlns="http://bus.gov.ru/types/1" xmlns:xsi="http://www.w3.org/2001/XMLSchema-instance" xmlns:ns3="http://bus.gov.ru/fk/1">
            <positionId>ec271033-eed6-4f13-91e2-746305f5cc80</positionId>
            <changeDate>2012-08-10T10:43:53.411+04:00</changeDate>
            <placer>
                <regNum>0830100000034</regNum>
                <fullName>федеральное казенное учреждение здравоохранения  "Медико-санитарная часть Министерства внутренних дел Российской Федерации по Вологодской области"</fullName>
                <inn>3525048960</inn>
                <kpp>352501001</kpp>
            </placer>
            <initiator>
                <regNum>0830100000034</regNum>
                <fullName>федеральное казенное учреждение здравоохранения  "Медико-санитарная часть Министерства внутренних дел Российской Федерации по Вологодской области"</fullName>
                <inn>3525048960</inn>
                <kpp>352501001</kpp>
            </initiator>
            <versionNumber>0</versionNumber>
            <main>
                <shortName>ФКУЗ "МСЧ МВД России по Вологодской области"</shortName>
                <ogrn>1033500043279</ogrn>
                <rbs>
                    <regNum>0130100000025</regNum>
                    <fullName>Управление Министерства внутренних дел Российской Федерации по Вологодской области</fullName>
                </rbs>
                <grbs>
                    <regNum>0173100000062</regNum>
                    <fullName>Министерство внутренних дел Российской Федерации</fullName>
                </grbs>
                <orgType>08</orgType>
                <classifier>
                    <okfs>
                        <code>12</code>
                        <name>Федеральная собственность</name>
                    </okfs>
                    <okopf>
                        <code>72</code>
                        <name>Бюджетные учреждения</name>
                    </okopf>
                    <okogu>
                        <code>1310500</code>
                        <name>Министерство внутренних дел Российской Федерации</name>
                    </okogu>
                    <okpo>
                        <code>08585106</code>
                    </okpo>
                    <okato>
                        <code>19401000000</code>
                        <name>Вологда</name>
                    </okato>
                    <okved>
                        <code>85.14.5</code>
                        <name>Деятельность учреждений санитарно-эпидемиологической службы</name>
                        <type>O</type>
                    </okved>
                    <okved>
                        <code>85.13</code>
                        <name>Стоматологическая практика</name>
                        <type>O</type>
                    </okved>
                    <okved>
                        <code>85.11.1</code>
                        <name>Деятельность больничных учреждений широкого профиля и специализированных</name>
                        <type>C</type>
                    </okved>
                    <okved>
                        <code>85.12</code>
                        <name>Врачебная практика</name>
                        <type>O</type>
                    </okved>
                    <okved>
                        <code>85.14.3</code>
                        <name>Деятельность медицинских лабораторий</name>
                        <type>O</type>
                    </okved>
                    <okved>
                        <code>85.14.2</code>
                        <name>Деятельность вспомогательного стоматологического персонала</name>
                        <type>O</type>
                    </okved>
                    <okved>
                        <code>85.14.1</code>
                        <name>Деятельность среднего медицинского персонала</name>
                        <type>O</type>
                    </okved>
                </classifier>
                <address>
                    <zip>160035</zip>
                    <subject>
                        <code>35000000000</code>
                        <name>Вологодская обл</name>
                    </subject>
                    <city>
                        <code>35000001000</code>
                        <name>Вологда г</name>
                    </city>
                    <street>
                        <code>350000010000220</code>
                        <name>Пречистенская наб</name>
                    </street>
                    <building>2</building>
                </address>
            </main>
            <additional>
                <institutionType>
                    <code>0509000</code>
                    <name>Медико-санитарная часть, в том числе центральная</name>
                </institutionType>
                <ppo>
                    <code>00000000000</code>
                    <name>Российская Федерация</name>
                    <okato>
                        <code>00000000000</code>
                        <name>Объекты административно-территориального деления, кроме сельских населенных пунктов</name>
                    </okato>
                    <oktmo>
                        <code>19701000</code>
                        <name> город Вологда</name>
                    </oktmo>
                </ppo>
                <phone>7-8172-721516</phone>
                <www>http://medmvd35.narod.ru</www>
                <section>188</section>
                <oktmo>
                    <code>19701000</code>
                    <name> город Вологда</name>
                </oktmo>
                <activity>
                    <okved>
                        <code>85.14.5</code>
                        <name>Деятельность учреждений санитарно-эпидемиологической службы</name>
                    </okved>
                    <name>Деятельность учреждений санитарно-эпидемиологической службы</name>
                </activity>
                <activity>
                    <okved>
                        <code>85.13</code>
                        <name>Стоматологическая практика</name>
                    </okved>
                    <name>Стоматологическая практика</name>
                </activity>
                <activity>
                    <okved>
                        <code>85.11.1</code>
                        <name>Деятельность больничных учреждений широкого профиля и специализированных</name>
                    </okved>
                    <name>Деятельность больничных учреждений широкого профиля и специализированных</name>
                </activity>
                <activity>
                    <okved>
                        <code>85.12</code>
                        <name>Врачебная практика</name>
                    </okved>
                    <name>Врачебная практика</name>
                </activity>
                <activity>
                    <okved>
                        <code>85.14.3</code>
                        <name>Деятельность медицинских лабораторий</name>
                    </okved>
                    <name>Деятельность медицинских лабораторий</name>
                </activity>
                <activity>
                    <okved>
                        <code>85.14.2</code>
                        <name>Деятельность вспомогательного стоматологического персонала</name>
                    </okved>
                    <name>Деятельность вспомогательного стоматологического персонала</name>
                </activity>
                <activity>
                    <okved>
                        <code>85.14.1</code>
                        <name>Деятельность среднего медицинского персонала</name>
                    </okved>
                    <name>Деятельность среднего медицинского персонала</name>
                </activity>
                <eMail>meduvd35@mail.ru</eMail>
            </additional>
            <other>
                <chief>
                    <lastName>Меднов</lastName>
                    <firstName>Валентин</firstName>
                    <middleName>Николаевич</middleName>
                    <position>НАЧАЛЬНИК</position>
                </chief>
                <founder>
                    <regNum>0173100000062</regNum>
                    <fullName>Министерство внутренних дел Российской Федерации</fullName>
                </founder>
            </other>
            <document>
                <name>Приказ о назначении руководителя</name>
                <date>2006-02-06+03:00</date>
                <url>http://bus.gov.ru/public/download/download.html?id=4905986</url>
                <type>S</type>
            </document>
            <document>
                <name>Устав изм 2</name>
                <date>2011-05-31+04:00</date>
                <url>http://bus.gov.ru/public/download/download.html?id=4906401</url>
                <type>F</type>
            </document>
            <document>
                <name>Устав</name>
                <date>2005-12-30+03:00</date>
                <url>http://bus.gov.ru/public/download/download.html?id=4906100</url>
                <type>F</type>
            </document>
            <document>
                <name>Устав изм. 1</name>
                <date>2007-11-16+03:00</date>
                <url>http://bus.gov.ru/public/download/download.html?id=4906321</url>
                <type>F</type>
            </document>
            <document>
                <name>Отчет о результатах деятельности ФКУ МВД России и об использовании закрепленного за ним федерального имущества на 01.01.2012</name>
                <date>2012-01-01+04:00</date>
                <url>http://bus.gov.ru/public/download/download.html?id=4907794</url>
                <type>O</type>
            </document>
            <document>
                <name>Свидетельство</name>
                <date>2011-07-04+04:00</date>
                <url>http://bus.gov.ru/public/download/download.html?id=4906409</url>
                <type>E</type>
            </document>
        </ns2:position>
    

    </ns2:body>
    </ns2:institutionInfo>        
        