<?xml version="1.0" encoding="UTF-8" standalone="yes"?>
<ns2:institutionInfo xsi:schemaLocation="http://bus.gov.ru/public/schema/TFF-0.1.3.1/External.xsd" xmlns="http://bus.gov.ru/types/1" xmlns:ns2="http://bus.gov.ru/external/1" xmlns:xsi="http://www.w3.org/2001/XMLSchema-instance" xmlns:ns3="http://bus.gov.ru/fk/1">
    <ns2:body>                        
	<ns2:position xmlns:ns2="http://bus.gov.ru/external/1" xmlns="http://bus.gov.ru/types/1" xmlns:xsi="http://www.w3.org/2001/XMLSchema-instance" xmlns:ns3="http://bus.gov.ru/fk/1">
            <positionId>84f96367-ce5a-4472-a6b1-50de425d3663</positionId>
            <changeDate>2012-04-23T09:23:18.879+04:00</changeDate>
            <placer>
                <regNum>0831100000001</regNum>
                <fullName>федеральное государственное казенное образовательное учреждение высшего профессионального образования "Воронежский институт Министерства внутренних дел Российской Федерации"</fullName>
                <inn>3665006760</inn>
                <kpp>366501001</kpp>
            </placer>
            <initiator>
                <regNum>0831100000001</regNum>
                <fullName>федеральное государственное казенное образовательное учреждение высшего профессионального образования "Воронежский институт Министерства внутренних дел Российской Федерации"</fullName>
                <inn>3665006760</inn>
                <kpp>366501001</kpp>
            </initiator>
            <versionNumber>1</versionNumber>
            <main>
                <shortName>ВИ МВД России, Воронежский институт МВД России</shortName>
                <ogrn>1023601579638</ogrn>
                <rbs>
                    <regNum>0173100000054</regNum>
                    <fullName>Министерство внутренних дел Российской Федерации</fullName>
                </rbs>
                <grbs>
                    <regNum>0173100000054</regNum>
                    <fullName>Министерство внутренних дел Российской Федерации</fullName>
                </grbs>
                <orgType>08</orgType>
                <classifier>
                    <okfs>
                        <code>12</code>
                        <name>Федеральная собственность</name>
                    </okfs>
                    <okopf>
                        <code>72</code>
                        <name>Бюджетные учреждения</name>
                    </okopf>
                    <okogu>
                        <code>1310500</code>
                        <name>Министерство внутренних дел Российской Федерации</name>
                    </okogu>
                    <okpo>
                        <code>08571660</code>
                    </okpo>
                    <okato>
                        <code>20401385000</code>
                        <name>Советский</name>
                    </okato>
                    <okved>
                        <code>80.30.1</code>
                        <name>Обучение в образовательных учреждениях высшего профессионального образования (университетах, академиях, институтах и в др,)</name>
                        <type>C</type>
                    </okved>
                    <okved>
                        <code>93.02</code>
                        <name>Предоставление услуг парикмахерскими и салонами красоты</name>
                        <type>O</type>
                    </okved>
                    <okved>
                        <code>52.11</code>
                        <name>Розничная торговля в неспециализированных магазинах преимущественно пищевыми продуктами, включая напитки, и табачными изделиями</name>
                        <type>O</type>
                    </okved>
                    <okved>
                        <code>55.23.5</code>
                        <name>Деятельность прочих мест для временного проживания, не включенных в другие группировки</name>
                        <type>O</type>
                    </okved>
                    <okved>
                        <code>22.11.1</code>
                        <name>Издание книг, брошюр, буклетов и аналогичных публикаций, в том числе для слепых</name>
                        <type>O</type>
                    </okved>
                    <okved>
                        <code>55.52</code>
                        <name>Поставка продукции общественного питания</name>
                        <type>O</type>
                    </okved>
                    <okved>
                        <code>73.1</code>
                        <name>Научные исследования и разработки в области естественных и технических наук</name>
                        <type>O</type>
                    </okved>
                    <okved>
                        <code>73.2</code>
                        <name>Научные исследования и разработки в области общественных и гуманитарных наук</name>
                        <type>O</type>
                    </okved>
                    <okved>
                        <code>80.30.3</code>
                        <name>Обучение в образовательных учреждениях дополнительного профессионального образования (повышения квалификации) для специалистов, имеющих высшее профессиональное образование</name>
                        <type>O</type>
                    </okved>
                    <okved>
                        <code>72.60</code>
                        <name>Прочая деятельность, связанная с использованием вычислительной техники и информационных технологий</name>
                        <type>O</type>
                    </okved>
                    <okved>
                        <code>55.1</code>
                        <name>Деятельность гостиниц</name>
                        <type>O</type>
                    </okved>
                    <okved>
                        <code>55.51</code>
                        <name>Деятельность столовых при предприятиях и учреждениях</name>
                        <type>O</type>
                    </okved>
                    <okved>
                        <code>80.30.4</code>
                        <name>Обучение на подготовительных курсах для поступления в учебные заведения высшего профессионального образования</name>
                        <type>O</type>
                    </okved>
                    <okved>
                        <code>52.12</code>
                        <name>Прочая розничная торговля в неспециализированных магазинах</name>
                        <type>O</type>
                    </okved>
                </classifier>
                <address>
                    <zip>394065</zip>
                    <subject>
                        <code>36000000000</code>
                        <name>Воронежская обл</name>
                    </subject>
                    <city>
                        <code>36000001000</code>
                        <name>Воронеж г</name>
                    </city>
                    <street>
                        <name>Патриотов пр-кт</name>
                    </street>
                    <building>53</building>
                </address>
            </main>
            <additional>
                <institutionType>
                    <code>1006020</code>
                    <name>Институт</name>
                </institutionType>
                <ppo>
                    <code>00000000000</code>
                    <name>Российская Федерация</name>
                    <okato>
                        <code>00000000000</code>
                        <name>Объекты административно-территориального деления, кроме сельских населенных пунктов</name>
                    </okato>
                </ppo>
                <phone>8-473-2623390</phone>
                <section>188</section>
                <oktmo>
                    <code>20701000</code>
                    <name> город Воронеж</name>
                </oktmo>
                <activity>
                    <okved>
                        <code>80.30.1</code>
                        <name>Обучение в образовательных учреждениях высшего профессионального образования (университетах, академиях, институтах и в др,)</name>
                    </okved>
                    <name>Обучение в образовательных учреждениях высшего профессионального образования (университетах, академиях, институтах и в др,)</name>
                </activity>
                <activity>
                    <okved>
                        <code>93.02</code>
                        <name>Предоставление услуг парикмахерскими и салонами красоты</name>
                    </okved>
                    <name>Предоставление услуг парикмахерскими и салонами красоты</name>
                </activity>
                <activity>
                    <okved>
                        <code>52.11</code>
                        <name>Розничная торговля в неспециализированных магазинах преимущественно пищевыми продуктами, включая напитки, и табачными изделиями</name>
                    </okved>
                    <name>Розничная торговля в неспециализированных магазинах преимущественно пищевыми продуктами, включая напитки, и табачными изделиями</name>
                </activity>
                <activity>
                    <okved>
                        <code>55.23.5</code>
                        <name>Деятельность прочих мест для временного проживания, не включенных в другие группировки</name>
                    </okved>
                    <name>Деятельность прочих мест для временного проживания, не включенных в другие группировки</name>
                </activity>
                <activity>
                    <okved>
                        <code>22.11.1</code>
                        <name>Издание книг, брошюр, буклетов и аналогичных публикаций, в том числе для слепых</name>
                    </okved>
                    <name>Издание книг, брошюр, буклетов и аналогичных публикаций, в том числе для слепых</name>
                </activity>
                <activity>
                    <okved>
                        <code>55.52</code>
                        <name>Поставка продукции общественного питания</name>
                    </okved>
                    <name>Поставка продукции общественного питания</name>
                </activity>
                <activity>
                    <okved>
                        <code>73.1</code>
                        <name>Научные исследования и разработки в области естественных и технических наук</name>
                    </okved>
                    <name>Научные исследования и разработки в области естественных и технических наук</name>
                </activity>
                <activity>
                    <okved>
                        <code>73.2</code>
                        <name>Научные исследования и разработки в области общественных и гуманитарных наук</name>
                    </okved>
                    <name>Научные исследования и разработки в области общественных и гуманитарных наук</name>
                </activity>
                <activity>
                    <okved>
                        <code>80.30.3</code>
                        <name>Обучение в образовательных учреждениях дополнительного профессионального образования (повышения квалификации) для специалистов, имеющих высшее профессиональное образование</name>
                    </okved>
                    <name>Обучение в образовательн%</name>
                </activity>
                <activity>
                    <okved>
                        <code>72.60</code>
                        <name>Прочая деятельность, связанная с использованием вычислительной техники и информационных технологий</name>
                    </okved>
                    <name>Прочая деятельность, связанная с использованием вычислительной техники и информационных технологий</name>
                </activity>
                <activity>
                    <okved>
                        <code>55.1</code>
                        <name>Деятельность гостиниц</name>
                    </okved>
                    <name>Деятельность гостиниц</name>
                </activity>
                <activity>
                    <okved>
                        <code>55.51</code>
                        <name>Деятельность столовых при предприятиях и учреждениях</name>
                    </okved>
                    <name>Деятельность столовых при предприятиях и учреждениях</name>
                </activity>
                <activity>
                    <okved>
                        <code>80.30.4</code>
                        <name>Обучение на подготовительных курсах для поступления в учебные заведения высшего профессионального образования</name>
                    </okved>
                    <name>Обучение на подготовительных курсах для поступления в учебные заведения высшего профессионального образования</name>
                </activity>
                <activity>
                    <okved>
                        <code>52.12</code>
                        <name>Прочая розничная торговля в неспециализированных магазинах</name>
                    </okved>
                    <name>Прочая розничная торговля в неспециализированных магазинах</name>
                </activity>
            </additional>
            <other>
                <chief>
                    <lastName>Симоненко</lastName>
                    <firstName>Александр</firstName>
                    <middleName>Викторович</middleName>
                    <position>Начальник института</position>
                </chief>
                <founder>
                    <regNum>0173100000062</regNum>
                    <fullName>Министерство внутренних дел Российской Федерации</fullName>
                </founder>
            </other>
            <document>
                <name>Свидетельство о постановке на учет в налоговом органе</name>
                <date>1997-11-20+03:00</date>
                <url>http://bus.gov.ru/public/download/download.html?id=2661871</url>
                <type>O</type>
            </document>
            <document>
                <name>Указ Президента РФ и приказ Министра </name>
                <date>2011-08-02+04:00</date>
                <url>http://bus.gov.ru/public/download/download.html?id=2660989</url>
                <type>S</type>
            </document>
            <document>
                <name>Изменения в Устав Воронежского института МВД России</name>
                <date>2011-12-14+04:00</date>
                <url>http://bus.gov.ru/public/download/download.html?id=2660990</url>
                <type>F</type>
            </document>
            <document>
                <name>Свидетельство о Госрегистрации</name>
                <date>2011-06-23+04:00</date>
                <url>http://bus.gov.ru/public/download/download.html?id=2660991</url>
                <type>E</type>
            </document>
            <document>
                <name>Изменения в Устав Воронежского института МВД России</name>
                <date>2011-05-31+04:00</date>
                <url>http://bus.gov.ru/public/download/download.html?id=2660992</url>
                <type>F</type>
            </document>
            <document>
                <name>Устав Воронежского инстита МВД России</name>
                <date>2009-07-15+04:00</date>
                <url>http://bus.gov.ru/public/download/download.html?id=2660993</url>
                <type>F</type>
            </document>
        </ns2:position>
    
<ns2:position xmlns:ns2="http://bus.gov.ru/external/1" xmlns="http://bus.gov.ru/types/1" xmlns:xsi="http://www.w3.org/2001/XMLSchema-instance" xmlns:ns3="http://bus.gov.ru/fk/1">
            <positionId>4a10defb-4d84-4ef0-a371-366837b173dc</positionId>
            <changeDate>2012-06-30T11:52:24.924+04:00</changeDate>
            <placer>
                <regNum>0331100000074</regNum>
                <fullName>Войсковая часть 7437</fullName>
                <inn>3666027280</inn>
                <kpp>366601001</kpp>
            </placer>
            <initiator>
                <regNum>0331100000074</regNum>
                <fullName>Войсковая часть 7437</fullName>
                <inn>3666027280</inn>
                <kpp>366601001</kpp>
            </initiator>
            <versionNumber>0</versionNumber>
            <main>
                <shortName>в/ч 7437</shortName>
                <ogrn>1023601589164</ogrn>
                <rbs>
                    <regNum>0366100000014</regNum>
                    <fullName>Войсковая часть 5580</fullName>
                </rbs>
                <grbs>
                    <regNum>0173100000054</regNum>
                    <fullName>Министерство внутренних дел Российской Федерации</fullName>
                </grbs>
                <orgType>03</orgType>
                <classifier>
                    <okfs>
                        <code>12</code>
                        <name>Федеральная собственность</name>
                    </okfs>
                    <okopf>
                        <code>81</code>
                        <name>Учреждения</name>
                    </okopf>
                    <okogu>
                        <code>1310500</code>
                        <name>Министерство внутренних дел Российской Федерации</name>
                    </okogu>
                    <okpo>
                        <code>08609901</code>
                    </okpo>
                    <okato>
                        <code>20401390000</code>
                        <name>Центральный</name>
                    </okato>
                    <okved>
                        <code>75.24</code>
                        <name>Деятельность по обеспечению общественного порядка и безопасности</name>
                        <type>C</type>
                    </okved>
                </classifier>
                <address>
                    <zip>394000</zip>
                    <subject>
                        <code>36000000000</code>
                        <name>Воронежская область</name>
                    </subject>
                    <city>
                        <code>36000001000</code>
                        <name>Воронеж</name>
                    </city>
                    <street>
                        <name>Цюрупы</name>
                    </street>
                    <building>5</building>
                </address>
            </main>
            <additional>
                <institutionType>
                    <code>0907000</code>
                    <name>Воинская часть</name>
                </institutionType>
                <ppo>
                    <code>00000000000</code>
                    <name>Российская Федерация</name>
                    <okato>
                        <code>00000000000</code>
                        <name>Объекты административно-территориального деления, кроме сельских населенных пунктов</name>
                    </okato>
                    <oktmo>
                        <code>20701000</code>
                        <name> город Воронеж</name>
                    </oktmo>
                </ppo>
                <phone>7-473-2550557</phone>
                <oktmo>
                    <code>20701000</code>
                    <name> город Воронеж</name>
                </oktmo>
                <activity>
                    <okved>
                        <code>75.24</code>
                        <name>Деятельность по обеспечению общественного порядка и безопасности</name>
                    </okved>
                    <name>Деятельность по обеспечению общественного порядка и безопасности</name>
                </activity>
                <eMail>vch7437dvv12@mail.ru</eMail>
            </additional>
            <other>
                <chief>
                    <lastName>Сусловец</lastName>
                    <firstName>Владимир</firstName>
                    <middleName>Александрович</middleName>
                    <position>Командир воинской части</position>
                </chief>
                <founder>
                    <regNum>0173100000062</regNum>
                    <fullName>Министерство внутренних дел Российской Федерации</fullName>
                </founder>
            </other>
            <document>
                <name>Выписка командир</name>
                <date>2008-02-08+03:00</date>
                <url>http://bus.gov.ru/public/download/download.html?id=4383203</url>
                <type>S</type>
            </document>
            <document>
                <name>Приказ МВД 884 от 15.11.2003г.</name>
                <date>2003-11-15+03:00</date>
                <url>http://bus.gov.ru/public/download/download.html?id=4383023</url>
                <type>F</type>
            </document>
            <document>
                <name>свидетельство о постановке на учет</name>
                <date>2011-05-13+04:00</date>
                <url>http://bus.gov.ru/public/download/download.html?id=4382837</url>
                <type>E</type>
            </document>
            <document>
                <name>свидетельство ЕГРЮЛ</name>
                <date>2011-05-13+04:00</date>
                <url>http://bus.gov.ru/public/download/download.html?id=4383147</url>
                <type>E</type>
            </document>
        </ns2:position>
    
<ns2:position xmlns:ns2="http://bus.gov.ru/external/1" xmlns="http://bus.gov.ru/types/1" xmlns:xsi="http://www.w3.org/2001/XMLSchema-instance" xmlns:ns3="http://bus.gov.ru/fk/1">
            <positionId>b9e540f0-49b1-4433-af26-d68d4df7e54b</positionId>
            <changeDate>2012-09-24T16:37:16.502+04:00</changeDate>
            <placer>
                <regNum>0331100000024</regNum>
                <fullName>войсковая часть 3734</fullName>
                <inn>3664004150</inn>
                <kpp>366401001</kpp>
            </placer>
            <initiator>
                <regNum>0331100000024</regNum>
                <fullName>войсковая часть 3734</fullName>
                <inn>3664004150</inn>
                <kpp>366401001</kpp>
            </initiator>
            <versionNumber>2</versionNumber>
            <main>
                <ogrn>1033600084275</ogrn>
                <rbs>
                    <regNum>0373100000653</regNum>
                    <fullName>Федеральное казенное учреждение "Управление Центрального Оршанско - Хинганского Краснознаменного регионального командования внутренних войск МВД России"</fullName>
                </rbs>
                <grbs>
                    <regNum>0173100000054</regNum>
                    <fullName>Министерство внутренних дел Российской Федерации</fullName>
                </grbs>
                <orgType>03</orgType>
                <classifier>
                    <okfs>
                        <code>12</code>
                        <name>Федеральная собственность</name>
                    </okfs>
                    <okopf>
                        <code>81</code>
                        <name>Учреждения</name>
                    </okopf>
                    <okogu>
                        <code>1310500</code>
                        <name>Министерство внутренних дел Российской Федерации</name>
                    </okogu>
                    <okpo>
                        <code>08605524</code>
                    </okpo>
                    <okato>
                        <code>20401380000</code>
                        <name>Ленинский</name>
                    </okato>
                    <okved>
                        <code>75.24</code>
                        <name>Деятельность по обеспечению общественного порядка и безопасности</name>
                        <type>C</type>
                    </okved>
                </classifier>
                <address>
                    <zip>394052</zip>
                    <subject>
                        <code>36000000000</code>
                        <name>Воронежская обл</name>
                    </subject>
                    <city>
                        <code>36000001000</code>
                        <name>Воронеж г</name>
                    </city>
                    <street>
                        <code>360000010000109</code>
                        <name>Броневая ул</name>
                    </street>
                    <building>16</building>
                </address>
            </main>
            <additional>
                <institutionType>
                    <code>0907000</code>
                    <name>Воинская часть</name>
                </institutionType>
                <ppo>
                    <code>00000000000</code>
                    <name>Российская Федерация</name>
                    <okato>
                        <code>00000000000</code>
                        <name>Объекты административно-территориального деления, кроме сельских населенных пунктов</name>
                    </okato>
                    <oktmo>
                        <code>20701000</code>
                        <name>Город Воронеж</name>
                    </oktmo>
                </ppo>
                <phone>7-473-2641248</phone>
                <oktmo>
                    <code>20701000</code>
                    <name>Город Воронеж</name>
                </oktmo>
                <activity>
                    <okved>
                        <code>75.24</code>
                        <name>Деятельность по обеспечению общественного порядка и безопасности</name>
                    </okved>
                    <name>Деятельность по охране общественного порядка и безопасности</name>
                </activity>
                <eMail>vch3734@mail.ru</eMail>
            </additional>
            <other>
                <chief>
                    <lastName>Господ</lastName>
                    <firstName>Алексей</firstName>
                    <middleName>Алексеевич</middleName>
                    <position>Командир части</position>
                </chief>
                <founder>
                    <regNum>0173100000062</regNum>
                    <fullName>Министерство внутренних дел Российской Федерации</fullName>
                </founder>
            </other>
            <document>
                <name>Выписка</name>
                <date>2002-01-21+03:00</date>
                <url>http://bus.gov.ru/public/download/download.html?id=5428570</url>
                <type>S</type>
            </document>
            <document>
                <name>Положение о соединениях и воинских частях</name>
                <date>2003-11-15+03:00</date>
                <url>http://bus.gov.ru/public/download/download.html?id=5428571</url>
                <type>F</type>
            </document>
            <document>
                <name>Свидетельство о гос.регистрации</name>
                <date>2011-06-09+04:00</date>
                <url>http://bus.gov.ru/public/download/download.html?id=5428572</url>
                <type>E</type>
            </document>
            <document>
                <name>Свидетельство о гос.регистрации</name>
                <date>2012-07-16+04:00</date>
                <url>http://bus.gov.ru/public/download/download.html?id=5428671</url>
                <type>E</type>
            </document>
        </ns2:position>
    
<ns2:position xmlns:ns2="http://bus.gov.ru/external/1" xmlns="http://bus.gov.ru/types/1" xmlns:xsi="http://www.w3.org/2001/XMLSchema-instance" xmlns:ns3="http://bus.gov.ru/fk/1">
            <positionId>ef0837d8-0d80-43b9-b8b4-3cc1d12cb080</positionId>
            <changeDate>2012-10-31T11:45:26.386+04:00</changeDate>
            <placer>
                <regNum>0331100000054</regNum>
                <fullName>войсковая часть 3677</fullName>
                <inn>3651002719</inn>
                <kpp>365101001</kpp>
            </placer>
            <initiator>
                <regNum>0331100000054</regNum>
                <fullName>войсковая часть 3677</fullName>
                <inn>3651002719</inn>
                <kpp>365101001</kpp>
            </initiator>
            <versionNumber>1</versionNumber>
            <main>
                <ogrn>1023601498623</ogrn>
                <rbs>
                    <regNum>0366100000014</regNum>
                    <fullName>войсковая часть 5580</fullName>
                </rbs>
                <grbs>
                    <regNum>0173100000054</regNum>
                    <fullName>Министерство внутренних дел Российской Федерации</fullName>
                </grbs>
                <orgType>03</orgType>
                <classifier>
                    <okfs>
                        <code>12</code>
                        <name>Федеральная собственность</name>
                    </okfs>
                    <okopf>
                        <code>81</code>
                        <name>Учреждения</name>
                    </okopf>
                    <okogu>
                        <code>1310500</code>
                        <name>Министерство внутренних дел Российской Федерации</name>
                    </okogu>
                    <okpo>
                        <code>08610643</code>
                    </okpo>
                    <okato>
                        <code>20427000000</code>
                        <name>Нововоронеж</name>
                    </okato>
                    <okved>
                        <code>75.24.1</code>
                        <name>Деятельность органов внутренних дел</name>
                        <type>C</type>
                    </okved>
                </classifier>
                <address>
                    <zip>396072</zip>
                    <subject>
                        <code>36000000000</code>
                        <name>Воронежская обл</name>
                    </subject>
                    <city>
                        <code>36000003000</code>
                        <name>Нововоронеж г</name>
                    </city>
                    <street>
                        <code>360000030000044</code>
                        <name>Промышленная зона АЭС тер</name>
                    </street>
                </address>
            </main>
            <additional>
                <institutionType>
                    <code>9900000</code>
                    <name>Прочие</name>
                </institutionType>
                <ppo>
                    <code>00000000000</code>
                    <name>Российская Федерация</name>
                    <okato>
                        <code>00000000000</code>
                        <name>Объекты административно-территориального деления, кроме сельских населенных пунктов</name>
                    </okato>
                </ppo>
                <phone>7-47364-73835</phone>
                <oktmo>
                    <code>20727000</code>
                    <name>Город Нововоронеж</name>
                </oktmo>
                <activity>
                    <okved>
                        <code>75.24.1</code>
                        <name>Деятельность органов внутренних дел</name>
                        <type>C</type>
                    </okved>
                    <name>Охрана важного государственного объекта</name>
                </activity>
                <eMail>VVMVD3677@yandex.ru</eMail>
            </additional>
            <other>
                <chief>
                    <lastName>Штраух</lastName>
                    <firstName>Сергей</firstName>
                    <middleName>Адольфович</middleName>
                    <position>Командир войсковой части 3677</position>
                </chief>
                <founder>
                    <regNum>0173100000062</regNum>
                    <fullName>Министерство внутренних дел Российской Федерации</fullName>
                </founder>
            </other>
            <document>
                <name>выписка о назначении</name>
                <date>2012-06-05+04:00</date>
                <url>http://bus.gov.ru/public/download/download.html?id=6183467</url>
                <type>S</type>
            </document>
            <document>
                <name>положение1</name>
                <date>2012-06-05+04:00</date>
                <url>http://bus.gov.ru/public/download/download.html?id=6183469</url>
                <type>F</type>
            </document>
            <document>
                <name>положение4</name>
                <date>2012-06-05+04:00</date>
                <url>http://bus.gov.ru/public/download/download.html?id=6183468</url>
                <type>F</type>
            </document>
            <document>
                <name>положение3</name>
                <date>2012-06-05+04:00</date>
                <url>http://bus.gov.ru/public/download/download.html?id=6183470</url>
                <type>F</type>
            </document>
            <document>
                <name>положение</name>
                <date>2012-06-05+04:00</date>
                <url>http://bus.gov.ru/public/download/download.html?id=6183472</url>
                <type>F</type>
            </document>
            <document>
                <name>положение2</name>
                <date>2012-06-05+04:00</date>
                <url>http://bus.gov.ru/public/download/download.html?id=6183471</url>
                <type>F</type>
            </document>
            <document>
                <name>св.о внес.изм. в ЕГРЮЛ</name>
                <date>2012-06-05+04:00</date>
                <url>http://bus.gov.ru/public/download/download.html?id=6183473</url>
                <type>E</type>
            </document>
            <document>
                <name>св.о пост.на учет в налог.</name>
                <date>2012-06-05+04:00</date>
                <url>http://bus.gov.ru/public/download/download.html?id=6183474</url>
                <type>E</type>
            </document>
        </ns2:position>
    
<ns2:position xmlns:ns2="http://bus.gov.ru/external/1" xmlns="http://bus.gov.ru/types/1" xmlns:xsi="http://www.w3.org/2001/XMLSchema-instance" xmlns:ns3="http://bus.gov.ru/fk/1">
            <positionId>0c87841a-a97f-4078-af8b-d95bdda7b92a</positionId>
            <changeDate>2012-04-25T12:11:22.268+04:00</changeDate>
            <placer>
                <regNum>0831100000021</regNum>
                <fullName>федеральное казенное учреждение здравоохранения "Медико-санитарная часть Министерства внутренних дел Российской Федерации по Воронежской области"</fullName>
                <inn>3665053907</inn>
                <kpp>366501001</kpp>
            </placer>
            <initiator>
                <regNum>0831100000021</regNum>
                <fullName>федеральное казенное учреждение здравоохранения "Медико-санитарная часть Министерства внутренних дел Российской Федерации по Воронежской области"</fullName>
                <inn>3665053907</inn>
                <kpp>366501001</kpp>
            </initiator>
            <versionNumber>0</versionNumber>
            <main>
                <shortName>ФКУЗ "МСЧ МВД России по Воронежской области"</shortName>
                <ogrn>1063667057585</ogrn>
                <rbs>
                    <regNum>0131100000001</regNum>
                    <fullName>Главное управление Министерства внутренних дел Российской Федерации по Воронежской области</fullName>
                </rbs>
                <grbs>
                    <regNum>0173100000054</regNum>
                    <fullName>Министерство внутренних дел Российской Федерации</fullName>
                </grbs>
                <orgType>08</orgType>
                <classifier>
                    <okfs>
                        <code>12</code>
                        <name>Федеральная собственность</name>
                    </okfs>
                    <okopf>
                        <code>72</code>
                        <name>Бюджетные учреждения</name>
                    </okopf>
                    <okogu>
                        <code>1310500</code>
                        <name>Министерство внутренних дел Российской Федерации</name>
                    </okogu>
                    <okpo>
                        <code>08813091</code>
                    </okpo>
                    <okato>
                        <code>20401000000</code>
                        <name>Воронеж</name>
                    </okato>
                    <okved>
                        <code>85.14</code>
                        <name>Прочая деятельность по охране здоровья</name>
                        <type>O</type>
                    </okved>
                    <okved>
                        <code>85.11.1</code>
                        <name>Деятельность больничных учреждений широкого профиля и специализированных</name>
                        <type>O</type>
                    </okved>
                    <okved>
                        <code>85.14.3</code>
                        <name>Деятельность медицинских лабораторий</name>
                        <type>O</type>
                    </okved>
                    <okved>
                        <code>85.12</code>
                        <name>Врачебная практика</name>
                        <type>O</type>
                    </okved>
                    <okved>
                        <code>85.11</code>
                        <name>Деятельность лечебных учреждений</name>
                        <type>O</type>
                    </okved>
                    <okved>
                        <code>85.1</code>
                        <name>Деятельность в области здравоохранения</name>
                        <type>C</type>
                    </okved>
                    <okved>
                        <code>85.14.1</code>
                        <name>Деятельность среднего медицинского персонала</name>
                        <type>O</type>
                    </okved>
                    <okved>
                        <code>85.14.2</code>
                        <name>Деятельность вспомогательного стоматологического персонала</name>
                        <type>O</type>
                    </okved>
                    <okved>
                        <code>85.14.5</code>
                        <name>Деятельность учреждений санитарно-эпидемиологической службы</name>
                        <type>O</type>
                    </okved>
                    <okved>
                        <code>85.13</code>
                        <name>Стоматологическая практика</name>
                        <type>O</type>
                    </okved>
                </classifier>
                <address>
                    <zip>394086</zip>
                    <subject>
                        <code>36000000000</code>
                        <name>Воронежская</name>
                    </subject>
                    <city>
                        <code>36000001000</code>
                        <name>Воронеж</name>
                    </city>
                    <street>
                        <name>Проспект Патриотов</name>
                    </street>
                    <building>52</building>
                </address>
            </main>
            <additional>
                <institutionType>
                    <code>0500000</code>
                    <name>Здравоохранение</name>
                </institutionType>
                <ppo>
                    <code>00000000000</code>
                    <name>Российская Федерация</name>
                    <okato>
                        <code>00000000000</code>
                        <name>Объекты административно-территориального деления, кроме сельских населенных пунктов</name>
                    </okato>
                    <oktmo>
                        <code>20701000</code>
                        <name> город Воронеж</name>
                    </oktmo>
                </ppo>
                <phone>7-473-2511229</phone>
                <www>http://mschguvd.vrn.ru/</www>
                <section>188</section>
                <oktmo>
                    <code>20701000</code>
                    <name> город Воронеж</name>
                </oktmo>
                <activity>
                    <okved>
                        <code>85.14</code>
                        <name>Прочая деятельность по охране здоровья</name>
                    </okved>
                    <name>Деятельность по охране здоровья</name>
                </activity>
                <activity>
                    <okved>
                        <code>85.11.1</code>
                        <name>Деятельность больничных учреждений широкого профиля и специализированных</name>
                    </okved>
                    <name>Первичная медико-санитарная и специализированная медицинская помощь в условиях стационара</name>
                </activity>
                <activity>
                    <okved>
                        <code>85.14.3</code>
                        <name>Деятельность медицинских лабораторий</name>
                    </okved>
                    <name>Клиническая и биохимическая лабораторная диагностика</name>
                </activity>
                <activity>
                    <okved>
                        <code>85.12</code>
                        <name>Врачебная практика</name>
                    </okved>
                    <name>Первичная медико-санитарная и специализированная медицинская помощь в амбулаторно-поликлинических условиях</name>
                </activity>
                <activity>
                    <okved>
                        <code>85.11</code>
                        <name>Деятельность лечебных учреждений</name>
                    </okved>
                    <name>Первичная медико-санитарная и специализированная медицинская помощь</name>
                </activity>
                <activity>
                    <okved>
                        <code>85.1</code>
                        <name>Деятельность в области здравоохранения</name>
                    </okved>
                    <name>Медицинская деятельность</name>
                </activity>
                <activity>
                    <okved>
                        <code>85.14.1</code>
                        <name>Деятельность среднего медицинского персонала</name>
                    </okved>
                    <name>Доврачебная медицинская помощь в амбулаторно-поликлинических и стационарных условиях</name>
                </activity>
                <activity>
                    <okved>
                        <code>85.14.2</code>
                        <name>Деятельность вспомогательного стоматологического персонала</name>
                    </okved>
                    <name>Доврачебная медицинская помощь стоматологического персонала</name>
                </activity>
                <activity>
                    <okved>
                        <code>85.14.5</code>
                        <name>Деятельность учреждений санитарно-эпидемиологической службы</name>
                    </okved>
                    <name>Государственный санитарно-эпидемиологический надзор</name>
                </activity>
                <activity>
                    <okved>
                        <code>85.13</code>
                        <name>Стоматологическая практика</name>
                    </okved>
                    <name>Специализированная помощь по хирургической и терапевтической стоматологии</name>
                </activity>
                <eMail>pol-mvd@vmail.ru</eMail>
            </additional>
            <other>
                <chief>
                    <lastName>Смольянинов</lastName>
                    <firstName>Сергей</firstName>
                    <middleName>Васильевич</middleName>
                    <position>Начальник</position>
                </chief>
                <founder>
                    <regNum>0173100000062</regNum>
                    <fullName>Министерство внутренних дел Российской Федерации</fullName>
                </founder>
            </other>
            <document>
                <name>Свидетельство о постановке на учет в ФНС</name>
                <date>2006-02-15+03:00</date>
                <url>http://bus.gov.ru/public/download/download.html?id=711784</url>
                <type>E</type>
            </document>
            <document>
                <name>Устав</name>
                <date>2005-12-30+03:00</date>
                <url>http://bus.gov.ru/public/download/download.html?id=710850</url>
                <type>F</type>
            </document>
            <document>
                <name>Свидетельство о постановке на учет в ФНС</name>
                <date>2006-02-15+03:00</date>
                <url>http://bus.gov.ru/public/download/download.html?id=711913</url>
                <type>E</type>
            </document>
            <document>
                <name>Приказ 1020</name>
                <date>2007-11-16+03:00</date>
                <url>http://bus.gov.ru/public/download/download.html?id=711150</url>
                <type>F</type>
            </document>
            <document>
                <name>Приказ 493</name>
                <date>2011-05-31+04:00</date>
                <url>http://bus.gov.ru/public/download/download.html?id=711403</url>
                <type>F</type>
            </document>
            <document>
                <name>Свидетельство о внесении записи в Единый государственный реестр юридических лиц</name>
                <date>2011-07-18+04:00</date>
                <url>http://bus.gov.ru/public/download/download.html?id=711561</url>
                <type>E</type>
            </document>
            <document>
                <name>Изменения в устав</name>
                <date>2007-11-16+03:00</date>
                <url>http://bus.gov.ru/public/download/download.html?id=710976</url>
                <type>F</type>
            </document>
            <document>
                <name>Приказ о назначении руководителя</name>
                <date>2006-01-31+03:00</date>
                <url>http://bus.gov.ru/public/download/download.html?id=711991</url>
                <type>S</type>
            </document>
        </ns2:position>
    

    </ns2:body>
    </ns2:institutionInfo>        
        