<?xml version="1.0" encoding="UTF-8" standalone="yes"?>
<ns2:institutionInfo xsi:schemaLocation="http://bus.gov.ru/public/schema/TFF-0.1.3.1/External.xsd" xmlns="http://bus.gov.ru/types/1" xmlns:ns2="http://bus.gov.ru/external/1" xmlns:xsi="http://www.w3.org/2001/XMLSchema-instance" xmlns:ns3="http://bus.gov.ru/fk/1">
    <ns2:body>                        
	<ns2:position xmlns:ns2="http://bus.gov.ru/external/1" xmlns="http://bus.gov.ru/types/1" xmlns:xsi="http://www.w3.org/2001/XMLSchema-instance" xmlns:ns3="http://bus.gov.ru/fk/1">
            <positionId>16557958-0ba2-414c-863d-aac10a55c081</positionId>
            <changeDate>2012-04-27T16:13:47.207+04:00</changeDate>
            <placer>
                <regNum>0833100000021</regNum>
                <fullName>федеральное казенное учреждение "Ивановская  база хранения ресурсов Министерства внутренних дел Российской Федерации"</fullName>
                <inn>3730005335</inn>
                <kpp>373001001</kpp>
            </placer>
            <initiator>
                <regNum>0833100000021</regNum>
                <fullName>федеральное казенное учреждение "Ивановская  база хранения ресурсов Министерства внутренних дел Российской Федерации"</fullName>
                <inn>3730005335</inn>
                <kpp>373001001</kpp>
            </initiator>
            <versionNumber>0</versionNumber>
            <main>
                <shortName>ФКУ "ИБХР МВД России"</shortName>
                <ogrn>1023700551456</ogrn>
                <rbs>
                    <regNum>0873100000078</regNum>
                    <fullName>федеральное казенное учреждение "Центральное окружное управление материально-технического снабжения Министерства внутренних дел Российской Федерации"</fullName>
                </rbs>
                <grbs>
                    <regNum>0173100000062</regNum>
                    <fullName>Министерство внутренних дел Российской Федерации</fullName>
                </grbs>
                <orgType>08</orgType>
                <classifier>
                    <okfs>
                        <code>12</code>
                        <name>Федеральная собственность</name>
                    </okfs>
                    <okopf>
                        <code>72</code>
                        <name>Бюджетные учреждения</name>
                    </okopf>
                    <okogu>
                        <code>1310500</code>
                        <name>Министерство внутренних дел Российской Федерации</name>
                    </okogu>
                    <okpo>
                        <code>08569679</code>
                    </okpo>
                    <okato>
                        <code>24401368000</code>
                        <name>Советский</name>
                    </okato>
                    <okved>
                        <code>29.60</code>
                        <name>Производство оружия и боеприпасов</name>
                        <type>O</type>
                    </okved>
                    <okved>
                        <code>75.14</code>
                        <name>Вспомогательная деятельность в области государственного управления</name>
                        <type>O</type>
                    </okved>
                    <okved>
                        <code>63.12</code>
                        <name>Хранение и складирование</name>
                        <type>C</type>
                    </okved>
                </classifier>
                <address>
                    <zip>153020</zip>
                    <subject>
                        <code>37000000000</code>
                        <name>Ивановская обл</name>
                    </subject>
                    <city>
                        <code>37000001000</code>
                        <name>Иваново г</name>
                    </city>
                    <street>
                        <name>Окуловой ул</name>
                    </street>
                    <building>74Б</building>
                </address>
            </main>
            <additional>
                <institutionType>
                    <code>9900000</code>
                    <name>Прочие</name>
                </institutionType>
                <ppo>
                    <code>00000000000</code>
                    <name>Российская Федерация</name>
                    <okato>
                        <code>00000000000</code>
                        <name>Объекты административно-территориального деления, кроме сельских населенных пунктов</name>
                    </okato>
                </ppo>
                <phone>7-4932-330815</phone>
                <section>188</section>
                <oktmo>
                    <code>24701000</code>
                    <name> город Иваново</name>
                </oktmo>
                <activity>
                    <okved>
                        <code>29.60</code>
                        <name>Производство оружия и боеприпасов</name>
                    </okved>
                    <name>Производство оружия и боеприпасов</name>
                </activity>
                <activity>
                    <okved>
                        <code>75.14</code>
                        <name>Вспомогательная деятельность в области государственного управления</name>
                    </okved>
                    <name>Вспомогательная деятельность в области государственного управления</name>
                </activity>
                <activity>
                    <okved>
                        <code>63.12</code>
                        <name>Хранение и складирование</name>
                    </okved>
                    <name>хранение и складирование</name>
                </activity>
                <eMail>ivanovo-123@mail.ru</eMail>
            </additional>
            <other>
                <chief>
                    <lastName>Ковалев</lastName>
                    <firstName>Максим</firstName>
                    <middleName>Владимирович</middleName>
                    <position>Начальник</position>
                </chief>
                <founder>
                    <regNum>0173100000062</regNum>
                    <fullName>Министерство внутренних дел Российской Федерации</fullName>
                </founder>
            </other>
            <document>
                <name>Приказ на Ковалева</name>
                <date>2011-07-07+04:00</date>
                <url>http://bus.gov.ru/public/download/download.html?id=2955821</url>
                <type>S</type>
            </document>
            <document>
                <name>Свидетельство ИНН</name>
                <date>1994-03-16+03:00</date>
                <url>http://bus.gov.ru/public/download/download.html?id=2956034</url>
                <type>E</type>
            </document>
            <document>
                <name>Устав</name>
                <date>2010-03-02+03:00</date>
                <url>http://bus.gov.ru/public/download/download.html?id=2954694</url>
                <type>F</type>
            </document>
            <document>
                <name>Статистика</name>
                <date>2011-10-07+04:00</date>
                <url>http://bus.gov.ru/public/download/download.html?id=2955730</url>
                <type>O</type>
            </document>
            <document>
                <name>Изменения в Устав</name>
                <date>2011-08-30+04:00</date>
                <url>http://bus.gov.ru/public/download/download.html?id=2954900</url>
                <type>F</type>
            </document>
            <document>
                <name>Св_во ЕГРЮЛ</name>
                <date>2011-08-30+04:00</date>
                <url>http://bus.gov.ru/public/download/download.html?id=2955261</url>
                <type>E</type>
            </document>
        </ns2:position>
    
<ns2:position xmlns:ns2="http://bus.gov.ru/external/1" xmlns="http://bus.gov.ru/types/1" xmlns:xsi="http://www.w3.org/2001/XMLSchema-instance" xmlns:ns3="http://bus.gov.ru/fk/1">
            <positionId>ca39be91-b5cb-491e-b2f5-52b93a926e9c</positionId>
            <changeDate>2012-06-06T11:46:02.707+04:00</changeDate>
            <placer>
                <regNum>0333100000013</regNum>
                <fullName>Отдел вневедомственной охраны при Отделе внутренних дел по Ивановскому муниципальному району</fullName>
                <inn>3711004209</inn>
                <kpp>373201001</kpp>
            </placer>
            <initiator>
                <regNum>0333100000013</regNum>
                <fullName>Отдел вневедомственной охраны при Отделе внутренних дел по Ивановскому муниципальному району</fullName>
                <inn>3711004209</inn>
                <kpp>373201001</kpp>
            </initiator>
            <versionNumber>0</versionNumber>
            <main>
                <shortName>ОВО при ОВД по Ивановскому муниципальному району</shortName>
                <ogrn>1023701513241</ogrn>
                <rbs>
                    <regNum>0133100000015</regNum>
                    <fullName>Управление вневедомственной охраны при Управлении внутренних дел по Ивановской области</fullName>
                </rbs>
                <grbs>
                    <regNum>0173100000054</regNum>
                    <fullName>Министерство внутренних дел Российской Федерации</fullName>
                </grbs>
                <orgType>03</orgType>
                <classifier>
                    <okfs>
                        <code>12</code>
                        <name>Федеральная собственность</name>
                    </okfs>
                    <okopf>
                        <code>72</code>
                        <name>Бюджетные учреждения</name>
                    </okopf>
                    <okogu>
                        <code>1310500</code>
                        <name>Министерство внутренних дел Российской Федерации</name>
                    </okogu>
                    <okpo>
                        <code>08705527</code>
                    </okpo>
                    <okato>
                        <code>24207504000</code>
                        <name>Кохма</name>
                    </okato>
                    <okved>
                        <code>75.24.1</code>
                        <name>Деятельность органов внутренних дел</name>
                        <type>C</type>
                    </okved>
                </classifier>
                <address>
                    <zip>153511</zip>
                    <subject>
                        <code>37000000000</code>
                        <name>Ивановская обл</name>
                    </subject>
                    <region>
                        <code>37001000000</code>
                        <name>Ивановский р-н</name>
                    </region>
                    <city>
                        <code>37001002000</code>
                        <name>Кохма г</name>
                    </city>
                    <street>
                        <code>370010020000039</code>
                        <name>Ивановская ул</name>
                    </street>
                    <building>32-Б</building>
                </address>
            </main>
            <additional>
                <institutionType>
                    <code>9900000</code>
                    <name>Прочие</name>
                </institutionType>
                <ppo>
                    <code>00000000000</code>
                    <name>Российская Федерация</name>
                    <okato>
                        <code>00000000000</code>
                        <name>Объекты административно-территориального деления, кроме сельских населенных пунктов</name>
                    </okato>
                    <oktmo>
                        <code>24706000</code>
                        <name> город Кохма</name>
                    </oktmo>
                </ppo>
                <phone>8-4932-550305</phone>
                <oktmo>
                    <code>24706000</code>
                    <name> город Кохма</name>
                </oktmo>
                <activity>
                    <okved>
                        <code>75.24.1</code>
                        <name>Деятельность органов внутренних дел</name>
                    </okved>
                    <name>Деятельность органов внутренних дел</name>
                </activity>
            </additional>
            <other>
                <chief>
                    <lastName>Смирнов</lastName>
                    <firstName>Алексей</firstName>
                    <middleName>Станиславович</middleName>
                    <position>начальник</position>
                </chief>
                <founder>
                    <regNum>0173100000062</regNum>
                    <fullName>Министерство внутренних дел Российской Федерации</fullName>
                </founder>
            </other>
            <document>
                <name>Приказ о назначении на должность</name>
                <date>2008-01-31+03:00</date>
                <url>http://bus.gov.ru/public/download/download.html?id=3910895</url>
                <type>S</type>
            </document>
            <document>
                <name>Положение</name>
                <date>2007-10-09+04:00</date>
                <url>http://bus.gov.ru/public/download/download.html?id=3910779</url>
                <type>F</type>
            </document>
            <document>
                <name>СвидетельствоИНН</name>
                <date>2008-03-29+03:00</date>
                <url>http://bus.gov.ru/public/download/download.html?id=3910817</url>
                <type>E</type>
            </document>
            <document>
                <name>Свидетельство ОГРН</name>
                <date>2008-03-29+03:00</date>
                <url>http://bus.gov.ru/public/download/download.html?id=3910841</url>
                <type>E</type>
            </document>
        </ns2:position>
    
<ns2:position xmlns:ns2="http://bus.gov.ru/external/1" xmlns="http://bus.gov.ru/types/1" xmlns:xsi="http://www.w3.org/2001/XMLSchema-instance" xmlns:ns3="http://bus.gov.ru/fk/1">
            <positionId>5681cac6-5bf0-41cd-af51-400c2935e62e</positionId>
            <changeDate>2012-07-16T15:50:28.136+04:00</changeDate>
            <placer>
                <regNum>0333100000096</regNum>
                <fullName>федеральное казенное учреждение здравоохранения "Медико-санитарная часть Министерства внутренних дел Российской Федерации по Ивановской области"</fullName>
                <inn>3702086773</inn>
                <kpp>370201001</kpp>
            </placer>
            <initiator>
                <regNum>0333100000096</regNum>
                <fullName>федеральное казенное учреждение здравоохранения "Медико-санитарная часть Министерства внутренних дел Российской Федерации по Ивановской области"</fullName>
                <inn>3702086773</inn>
                <kpp>370201001</kpp>
            </initiator>
            <versionNumber>3</versionNumber>
            <main>
                <shortName>ФКУЗ "МСЧ МВД России по Ивановской области"</shortName>
                <ogrn>1063702019655</ogrn>
                <rbs>
                    <regNum>0133100000018</regNum>
                    <fullName>Управление Министерства внутренних дел Российской Федерации по Ивановской области</fullName>
                </rbs>
                <grbs>
                    <regNum>0173100000062</regNum>
                    <fullName>Министерство внутренних дел Российской Федерации</fullName>
                </grbs>
                <orgType>08</orgType>
                <classifier>
                    <okfs>
                        <code>12</code>
                        <name>Федеральная собственность</name>
                    </okfs>
                    <okopf>
                        <code>72</code>
                        <name>Бюджетные учреждения</name>
                    </okopf>
                    <okogu>
                        <code>1310500</code>
                        <name>Министерство внутренних дел Российской Федерации</name>
                    </okogu>
                    <okpo>
                        <code>08585135</code>
                    </okpo>
                    <okato>
                        <code>24401367000</code>
                        <name>Октябрьский</name>
                    </okato>
                    <okved>
                        <code>85.1</code>
                        <name>Деятельность в области здравоохранения</name>
                        <type>C</type>
                    </okved>
                    <okved>
                        <code>85.11.1</code>
                        <name>Деятельность больничных учреждений широкого профиля и специализированных</name>
                        <type>O</type>
                    </okved>
                    <okved>
                        <code>85.14.1</code>
                        <name>Деятельность среднего медицинского персонала</name>
                        <type>O</type>
                    </okved>
                    <okved>
                        <code>85.11</code>
                        <name>Деятельность лечебных учреждений</name>
                        <type>O</type>
                    </okved>
                    <okved>
                        <code>85.14</code>
                        <name>Прочая деятельность по охране здоровья</name>
                        <type>O</type>
                    </okved>
                    <okved>
                        <code>85.14.5</code>
                        <name>Деятельность учреждений санитарно-эпидемиологической службы</name>
                        <type>O</type>
                    </okved>
                    <okved>
                        <code>85.13</code>
                        <name>Стоматологическая практика</name>
                        <type>O</type>
                    </okved>
                    <okved>
                        <code>85.12</code>
                        <name>Врачебная практика</name>
                        <type>O</type>
                    </okved>
                    <okved>
                        <code>85.14.3</code>
                        <name>Деятельность медицинских лабораторий</name>
                        <type>O</type>
                    </okved>
                    <okved>
                        <code>85.14.2</code>
                        <name>Деятельность вспомогательного стоматологического персонала</name>
                        <type>O</type>
                    </okved>
                </classifier>
                <address>
                    <zip>153002</zip>
                    <subject>
                        <code>37000000000</code>
                        <name>Ивановская обл</name>
                    </subject>
                    <city>
                        <code>37000001000</code>
                        <name>Иваново г</name>
                    </city>
                    <street>
                        <code>370000010001343</code>
                        <name>Ленина пр-кт</name>
                    </street>
                    <building>дом 37</building>
                </address>
            </main>
            <additional>
                <institutionType>
                    <code>0509000</code>
                    <name>Медико-санитарная часть, в том числе центральная</name>
                </institutionType>
                <ppo>
                    <code>00000000000</code>
                    <name>Российская Федерация</name>
                    <okato>
                        <code>00000000000</code>
                        <name>Объекты административно-территориального деления, кроме сельских населенных пунктов</name>
                    </okato>
                    <oktmo>
                        <code>24701000</code>
                        <name> город Иваново</name>
                    </oktmo>
                </ppo>
                <phone>7-4932-378270</phone>
                <section>188</section>
                <oktmo>
                    <code>24701000</code>
                    <name> город Иваново</name>
                </oktmo>
                <activity>
                    <okved>
                        <code>85.1</code>
                        <name>Деятельность в области здравоохранения</name>
                    </okved>
                    <name>Деятельность в области здравоохранения</name>
                </activity>
                <activity>
                    <okved>
                        <code>85.14.1</code>
                        <name>Деятельность среднего медицинского персонала</name>
                    </okved>
                    <name>Деятельность среднего медицинского персонала</name>
                </activity>
                <activity>
                    <okved>
                        <code>85.11.1</code>
                        <name>Деятельность больничных учреждений широкого профиля и специализированных</name>
                    </okved>
                    <name>Деятельность больничных учреждений широкого профиля и специализированных</name>
                </activity>
                <activity>
                    <okved>
                        <code>85.14.3</code>
                        <name>Деятельность медицинских лабораторий</name>
                    </okved>
                    <name>Деятельность медицинских лабораторий</name>
                </activity>
                <activity>
                    <okved>
                        <code>85.14.5</code>
                        <name>Деятельность учреждений санитарно-эпидемиологической службы</name>
                    </okved>
                    <name>Деятельность учреждений санитарно -эпидемиологической службы</name>
                </activity>
                <activity>
                    <okved>
                        <code>85.14.2</code>
                        <name>Деятельность вспомогательного стоматологического персонала</name>
                    </okved>
                    <name>Деятельность вспомогательного стоматологического персонала</name>
                </activity>
                <activity>
                    <okved>
                        <code>85.11</code>
                        <name>Деятельность лечебных учреждений</name>
                    </okved>
                    <name>Деятельность лечебных учреждений</name>
                </activity>
                <activity>
                    <okved>
                        <code>85.14</code>
                        <name>Прочая деятельность по охране здоровья</name>
                    </okved>
                    <name>Прочая деятельность по охране здоровья</name>
                </activity>
                <activity>
                    <okved>
                        <code>85.13</code>
                        <name>Стоматологическая практика</name>
                    </okved>
                    <name>Стоматологическая практика</name>
                </activity>
                <activity>
                    <okved>
                        <code>85.12</code>
                        <name>Врачебная практика</name>
                    </okved>
                    <name>Врачебная практика</name>
                </activity>
                <eMail>msch37@ya.ru</eMail>
            </additional>
            <other>
                <chief>
                    <lastName>Докучаев</lastName>
                    <firstName>Юрий</firstName>
                    <middleName>Алексеевич</middleName>
                    <position>Начальник</position>
                </chief>
                <founder>
                    <regNum>0173100000062</regNum>
                    <fullName>Главный центр обеспечения ресурсами Министерства внутренних дел Российской Федерации</fullName>
                </founder>
            </other>
            <document>
                <name>Приказ УМВД о назначении начальника МВД</name>
                <date>2011-08-08+04:00</date>
                <url>http://bus.gov.ru/public/download/download.html?id=4611576</url>
                <type>S</type>
            </document>
            <document>
                <name>Изменения в наименовании МСЧ-2012 с приказом МВД</name>
                <date>2011-05-31+04:00</date>
                <url>http://bus.gov.ru/public/download/download.html?id=4611577</url>
                <type>F</type>
            </document>
            <document>
                <name>Приказ МВД об измен. в наимен.МСЧ и Уставе</name>
                <date>2007-11-16+03:00</date>
                <url>http://bus.gov.ru/public/download/download.html?id=4611578</url>
                <type>F</type>
            </document>
            <document>
                <name>Устав с приказом МВД об утвердж.Устава</name>
                <date>2005-12-30+03:00</date>
                <url>http://bus.gov.ru/public/download/download.html?id=4611579</url>
                <type>F</type>
            </document>
            <document>
                <name>Свидетельство о гос.регистрации МСЧ</name>
                <date>2011-07-06+04:00</date>
                <url>http://bus.gov.ru/public/download/download.html?id=4611580</url>
                <type>E</type>
            </document>
        </ns2:position>
    

    </ns2:body>
    </ns2:institutionInfo>        
        