<?xml version="1.0" encoding="UTF-8" standalone="yes"?>
<ns2:institutionInfo xsi:schemaLocation="http://bus.gov.ru/public/schema/TFF-0.1.3.1/External.xsd" xmlns="http://bus.gov.ru/types/1" xmlns:ns2="http://bus.gov.ru/external/1" xmlns:xsi="http://www.w3.org/2001/XMLSchema-instance" xmlns:ns3="http://bus.gov.ru/fk/1">
    <ns2:body>                        
	<ns2:position xmlns:ns2="http://bus.gov.ru/external/1" xmlns="http://bus.gov.ru/types/1" xmlns:xsi="http://www.w3.org/2001/XMLSchema-instance" xmlns:ns3="http://bus.gov.ru/fk/1">
            <positionId>297e64d5-655a-460f-a8d6-10d9cf3c5aa1</positionId>
            <changeDate>2012-09-11T14:15:50.086+04:00</changeDate>
            <placer>
                <regNum>0395100002492</regNum>
                <fullName>филиал федерального казенного учреждения "Главный центр специальных перевозок Министерства внутренних дел Российской Федерации" "Центр специальных перевозок МВД России на Калининградской железной дороге"</fullName>
                <inn>7702718243</inn>
                <kpp>390843001</kpp>
            </placer>
            <initiator>
                <regNum>0395100002492</regNum>
                <fullName>филиал федерального казенного учреждения "Главный центр специальных перевозок Министерства внутренних дел Российской Федерации" "Центр специальных перевозок МВД России на Калининградской железной дороге"</fullName>
                <inn>7702718243</inn>
                <kpp>390843001</kpp>
            </initiator>
            <versionNumber>1</versionNumber>
            <main>
                <shortName>филиал ФКУ "ГЦСП МВД России" "ЦСП МВД России на Калининградской ж.д."</shortName>
                <ogrn>1097746667061</ogrn>
                <rbs>
                    <fullName>федеральное государственное бюджетное учреждение "Главный центр специальных перевозок Министерства внутренних дел Российской Федерации"</fullName>
                </rbs>
                <grbs>
                    <regNum>0173100000054</regNum>
                    <fullName>Министерство внутренних дел Российской Федерации</fullName>
                </grbs>
                <orgType>08</orgType>
                <classifier>
                    <okfs>
                        <code>12</code>
                        <name>Федеральная собственность</name>
                    </okfs>
                    <okopf>
                        <code>90</code>
                        <name>Представительства и филиалы</name>
                    </okopf>
                    <okogu>
                        <code>1310500</code>
                        <name>Министерство внутренних дел Российской Федерации</name>
                    </okogu>
                    <okpo>
                        <code>08680738</code>
                    </okpo>
                    <okato>
                        <code>27401365000</code>
                        <name>Балтийский</name>
                    </okato>
                    <okved>
                        <code>75.24.1</code>
                        <name>Деятельность органов внутренних дел</name>
                        <type>C</type>
                    </okved>
                </classifier>
                <address>
                    <zip>236015</zip>
                    <subject>
                        <code>39000000000</code>
                        <name>Калининградская</name>
                    </subject>
                    <city>
                        <code>39000001000</code>
                        <name>Калининград</name>
                    </city>
                    <street>
                        <name>Железнодорожная</name>
                    </street>
                    <building>15</building>
                </address>
            </main>
            <additional>
                <institutionType>
                    <code>9900000</code>
                    <name>Прочие</name>
                </institutionType>
                <ppo>
                    <code>00000000000</code>
                    <name>Российская Федерация</name>
                    <okato>
                        <code>00000000000</code>
                        <name>Объекты административно-территориального деления, кроме сельских населенных пунктов</name>
                    </okato>
                    <oktmo>
                        <code>27701000</code>
                        <name>Город Калининград</name>
                    </oktmo>
                </ppo>
                <phone>7-4012-647188</phone>
                <section>188</section>
                <oktmo>
                    <code>27701000</code>
                    <name>Город Калининград</name>
                </oktmo>
                <activity>
                    <okved>
                        <code>75.24.1</code>
                        <name>Деятельность органов внутренних дел</name>
                    </okved>
                    <name>60.40 - Организация перевозок грузов</name>
                </activity>
                <eMail>ospmvdkgd@mail.ru</eMail>
            </additional>
            <other>
                <chief>
                    <lastName>Куцулым</lastName>
                    <firstName>Пётр</firstName>
                    <middleName>Фомич</middleName>
                    <position>Начальник филиала</position>
                </chief>
                <founder>
                    <regNum>0173100000062</regNum>
                    <fullName>Министерство внутренних дел Российской Федерации</fullName>
                </founder>
            </other>
            <document>
                <name>о назначении начальника 14.06.2011 №141 лс</name>
                <date>2011-06-14+04:00</date>
                <url>http://bus.gov.ru/public/download/download.html?id=5267825</url>
                <type>S</type>
            </document>
            <document>
                <name>положение о филиале(приказ 52 от 03.05.2011)</name>
                <date>2011-05-03+04:00</date>
                <url>http://bus.gov.ru/public/download/download.html?id=5267826</url>
                <type>L</type>
            </document>
            <document>
                <name>Учредительные документы</name>
                <date>2012-08-02+04:00</date>
                <url>http://bus.gov.ru/public/download/download.html?id=5267827</url>
                <type>F</type>
            </document>
            <document>
                <name>Свидетельство о государственной регистрации</name>
                <date>2011-09-21+04:00</date>
                <url>http://bus.gov.ru/public/download/download.html?id=5267828</url>
                <type>E</type>
            </document>
        </ns2:position>
    

    </ns2:body>
    </ns2:institutionInfo>        
        