<?xml version="1.0" encoding="UTF-8" standalone="yes"?>
<ns2:institutionInfo xsi:schemaLocation="http://bus.gov.ru/public/schema/TFF-0.1.3.1/External.xsd" xmlns="http://bus.gov.ru/types/1" xmlns:ns2="http://bus.gov.ru/external/1" xmlns:xsi="http://www.w3.org/2001/XMLSchema-instance" xmlns:ns3="http://bus.gov.ru/fk/1">
    <ns2:body>                        
	<ns2:position xmlns:ns2="http://bus.gov.ru/external/1" xmlns="http://bus.gov.ru/types/1" xmlns:xsi="http://www.w3.org/2001/XMLSchema-instance" xmlns:ns3="http://bus.gov.ru/fk/1">
            <positionId>1832854b-8b80-4d12-9bba-20f48ea14e8f</positionId>
            <changeDate>2012-06-09T13:17:53.283+04:00</changeDate>
            <placer>
                <regNum>0837100000018</regNum>
                <fullName>федеральное казенное учреждение здравоохранения "Медико-санитарная часть Министерства внутренних дел Российской Федерации по Калужской области"</fullName>
                <inn>4028022731</inn>
                <kpp>402801001</kpp>
            </placer>
            <initiator>
                <regNum>0837100000018</regNum>
                <fullName>федеральное казенное учреждение здравоохранения "Медико-санитарная часть Министерства внутренних дел Российской Федерации по Калужской области"</fullName>
                <inn>4028022731</inn>
                <kpp>402801001</kpp>
            </initiator>
            <versionNumber>0</versionNumber>
            <main>
                <shortName>ФКУЗ "МСЧ МВД России по Калужской области"</shortName>
                <ogrn>1024001338679</ogrn>
                <rbs>
                    <regNum>0137100000028</regNum>
                    <fullName>Управление Министерства внутренних дел Российской Федерации по Калужской области</fullName>
                </rbs>
                <grbs>
                    <regNum>0173100000062</regNum>
                    <fullName>Министерство внутренних дел Российской Федерации</fullName>
                </grbs>
                <orgType>08</orgType>
                <classifier>
                    <okfs>
                        <code>12</code>
                        <name>Федеральная собственность</name>
                    </okfs>
                    <okopf>
                        <code>72</code>
                        <name>Бюджетные учреждения</name>
                    </okopf>
                    <okogu>
                        <code>1310500</code>
                        <name>Министерство внутренних дел Российской Федерации</name>
                    </okogu>
                    <okpo>
                        <code>08585170</code>
                    </okpo>
                    <okato>
                        <code>29401000000</code>
                        <name>Калуга</name>
                    </okato>
                    <okved>
                        <code>85.14.1</code>
                        <name>Деятельность среднего медицинского персонала</name>
                        <type>O</type>
                    </okved>
                    <okved>
                        <code>85.32</code>
                        <name>Предоставление социальных услуг без обеспечения проживания</name>
                        <type>O</type>
                    </okved>
                    <okved>
                        <code>85.13</code>
                        <name>Стоматологическая практика</name>
                        <type>C</type>
                    </okved>
                    <okved>
                        <code>85.14.3</code>
                        <name>Деятельность медицинских лабораторий</name>
                        <type>O</type>
                    </okved>
                    <okved>
                        <code>85.14.2</code>
                        <name>Деятельность вспомогательного стоматологического персонала</name>
                        <type>O</type>
                    </okved>
                    <okved>
                        <code>85.11.1</code>
                        <name>Деятельность больничных учреждений широкого профиля и специализированных</name>
                        <type>O</type>
                    </okved>
                    <okved>
                        <code>85.12</code>
                        <name>Врачебная практика</name>
                        <type>O</type>
                    </okved>
                    <okved>
                        <code>85.14.5</code>
                        <name>Деятельность учреждений санитарно-эпидемиологической службы</name>
                        <type>O</type>
                    </okved>
                </classifier>
                <address>
                    <zip>248010</zip>
                    <subject>
                        <code>40000000000</code>
                        <name>Калужская обл</name>
                    </subject>
                    <city>
                        <code>40000001000</code>
                        <name>Калуга г</name>
                    </city>
                    <street>
                        <code>400000010000145</code>
                        <name>Калинина ул</name>
                    </street>
                    <building>13</building>
                </address>
            </main>
            <additional>
                <institutionType>
                    <code>0509000</code>
                    <name>Медико-санитарная часть, в том числе центральная</name>
                </institutionType>
                <ppo>
                    <code>00000000000</code>
                    <name>Российская Федерация</name>
                    <okato>
                        <code>00000000000</code>
                        <name>Объекты административно-территориального деления, кроме сельских населенных пунктов</name>
                    </okato>
                </ppo>
                <phone>7-4842-501101</phone>
                <section>188</section>
                <oktmo>
                    <code>29701000</code>
                    <name> город Калуга</name>
                </oktmo>
                <activity>
                    <okved>
                        <code>85.14.1</code>
                        <name>Деятельность среднего медицинского персонала</name>
                    </okved>
                    <name>Деятельность среднего медицинского персонала</name>
                </activity>
                <activity>
                    <okved>
                        <code>85.32</code>
                        <name>Предоставление социальных услуг без обеспечения проживания</name>
                    </okved>
                    <name>Предоставление социальных услуг без обеспечения проживания</name>
                </activity>
                <activity>
                    <okved>
                        <code>85.13</code>
                        <name>Стоматологическая практика</name>
                    </okved>
                    <name>Стоматологическая практика</name>
                </activity>
                <activity>
                    <okved>
                        <code>85.14.3</code>
                        <name>Деятельность медицинских лабораторий</name>
                    </okved>
                    <name>Деятельность медицинских лабораторий</name>
                </activity>
                <activity>
                    <okved>
                        <code>85.14.2</code>
                        <name>Деятельность вспомогательного стоматологического персонала</name>
                    </okved>
                    <name>Деятельность вспомогательного стоматологического персонала </name>
                </activity>
                <activity>
                    <okved>
                        <code>85.11.1</code>
                        <name>Деятельность больничных учреждений широкого профиля и специализированных</name>
                    </okved>
                    <name>Деятельность больничных учреждений широкого профиля и специализированных</name>
                </activity>
                <activity>
                    <okved>
                        <code>85.12</code>
                        <name>Врачебная практика</name>
                    </okved>
                    <name>Врачебная практика</name>
                </activity>
                <activity>
                    <okved>
                        <code>85.14.5</code>
                        <name>Деятельность учреждений санитарно-эпидемиологической службы</name>
                    </okved>
                    <name>Деятельность учреждений санитарно-эпидемиологической службы</name>
                </activity>
            </additional>
            <other>
                <chief>
                    <lastName>МОШКИН</lastName>
                    <firstName>ЮРИЙ</firstName>
                    <middleName>ВИТАЛЬЕВИЧ</middleName>
                    <position>Начальник медико-санитарной части - врач</position>
                </chief>
                <founder>
                    <regNum>0173100000062</regNum>
                    <fullName>Министерство внутренних дел Российской Федерации</fullName>
                </founder>
            </other>
            <document>
                <name>Приказ о назначении руководителя</name>
                <date>2009-08-07+04:00</date>
                <url>http://bus.gov.ru/public/download/download.html?id=3981934</url>
                <type>S</type>
            </document>
            <document>
                <name>Устав</name>
                <date>2005-12-30+03:00</date>
                <url>http://bus.gov.ru/public/download/download.html?id=3981551</url>
                <type>F</type>
            </document>
            <document>
                <name>Изменения в устав 2007г.</name>
                <date>2007-11-16+03:00</date>
                <url>http://bus.gov.ru/public/download/download.html?id=3981577</url>
                <type>F</type>
            </document>
            <document>
                <name>Изменения в устав 2011г.</name>
                <date>2011-05-31+04:00</date>
                <url>http://bus.gov.ru/public/download/download.html?id=3981631</url>
                <type>F</type>
            </document>
            <document>
                <name>Свидетельство ОГРН</name>
                <date>2011-07-04+04:00</date>
                <url>http://bus.gov.ru/public/download/download.html?id=3981895</url>
                <type>E</type>
            </document>
            <document>
                <name>Свидетельство ИНН</name>
                <date>2000-03-16+03:00</date>
                <url>http://bus.gov.ru/public/download/download.html?id=3981770</url>
                <type>E</type>
            </document>
        </ns2:position>
    
<ns2:position xmlns:ns2="http://bus.gov.ru/external/1" xmlns="http://bus.gov.ru/types/1" xmlns:xsi="http://www.w3.org/2001/XMLSchema-instance" xmlns:ns3="http://bus.gov.ru/fk/1">
            <positionId>caab717a-8c81-48ac-8e01-8db68633ca79</positionId>
            <changeDate>2012-06-29T10:32:26.907+04:00</changeDate>
            <placer>
                <regNum>0337100000056</regNum>
                <fullName>ВОЙСКОВАЯ ЧАСТЬ 3694</fullName>
                <inn>4003007160</inn>
                <kpp>400301001</kpp>
            </placer>
            <initiator>
                <regNum>0337100000056</regNum>
                <fullName>ВОЙСКОВАЯ ЧАСТЬ 3694</fullName>
                <inn>4003007160</inn>
                <kpp>400301001</kpp>
            </initiator>
            <versionNumber>0</versionNumber>
            <main>
                <shortName>В/Ч 3694</shortName>
                <ogrn>1024000540189</ogrn>
                <rbs>
                    <regNum>0173100000054</regNum>
                    <fullName>Министерство внутренних дел Российской Федерации</fullName>
                </rbs>
                <grbs>
                    <regNum>0173100000054</regNum>
                    <fullName>Министерство внутренних дел Российской Федерации</fullName>
                </grbs>
                <orgType>03</orgType>
                <classifier>
                    <okfs>
                        <code>12</code>
                        <name>Федеральная собственность</name>
                    </okfs>
                    <okopf>
                        <code>72</code>
                        <name>Бюджетные учреждения</name>
                    </okopf>
                    <okogu>
                        <code>1310500</code>
                        <name>Министерство внутренних дел Российской Федерации</name>
                    </okogu>
                    <okpo>
                        <code>08610620</code>
                    </okpo>
                    <okato>
                        <code>29206505000</code>
                        <name>Балабаново</name>
                    </okato>
                    <okved>
                        <code>75.24</code>
                        <name>Деятельность по обеспечению общественного порядка и безопасности</name>
                        <type>C</type>
                    </okved>
                </classifier>
                <address>
                    <zip>249000</zip>
                    <subject>
                        <code>40000000000</code>
                        <name>Калужская область</name>
                    </subject>
                    <region>
                        <code>40004000000</code>
                        <name>Боровский</name>
                    </region>
                    <locality>
                        <code>40004002004</code>
                        <name>Балабаново-1</name>
                    </locality>
                </address>
            </main>
            <additional>
                <institutionType>
                    <code>9900000</code>
                    <name>Прочие</name>
                </institutionType>
                <ppo>
                    <code>00000000000</code>
                    <name>Российская Федерация</name>
                    <okato>
                        <code>00000000000</code>
                        <name>Объекты административно-территориального деления, кроме сельских населенных пунктов</name>
                    </okato>
                    <oktmo>
                        <code>29606105</code>
                        <name> город Балабаново</name>
                    </oktmo>
                </ppo>
                <phone>7-48439-66260</phone>
                <oktmo>
                    <code>29606105</code>
                    <name> город Балабаново</name>
                </oktmo>
                <activity>
                    <okved>
                        <code>75.24</code>
                        <name>Деятельность по обеспечению общественного порядка и безопасности</name>
                    </okved>
                    <name>Обеспечение общественного порядка и безопасности</name>
                </activity>
                <eMail>369460@mail.ru</eMail>
            </additional>
            <other>
                <chief>
                    <lastName>Иванов </lastName>
                    <firstName>Александр</firstName>
                    <middleName>Иванович</middleName>
                    <position>Командир войсковой части 3694</position>
                </chief>
                <founder>
                    <regNum>0173100000062</regNum>
                    <fullName>Министерство внутренних дел Российской Федерации</fullName>
                </founder>
            </other>
            <document>
                <name>приказ</name>
                <date>2008-02-08+03:00</date>
                <url>http://bus.gov.ru/public/download/download.html?id=4362718</url>
                <type>S</type>
            </document>
            <document>
                <name>Об_утверждении_Общего_положения_о_соединении_и_воинской_части_внутренних_войск_Министерства..._Текст</name>
                <date>2003-11-15+03:00</date>
                <url>http://bus.gov.ru/public/download/download.html?id=4352877</url>
                <type>F</type>
            </document>
            <document>
                <name>Коды общероссийских классификаторов</name>
                <date>2010-03-18+03:00</date>
                <url>http://bus.gov.ru/public/download/download.html?id=4353033</url>
                <type>O</type>
            </document>
            <document>
                <name>ОГРН</name>
                <date>2002-12-31+03:00</date>
                <url>http://bus.gov.ru/public/download/download.html?id=4352984</url>
                <type>E</type>
            </document>
            <document>
                <name>ИНН</name>
                <date>2003-07-01+04:00</date>
                <url>http://bus.gov.ru/public/download/download.html?id=4353009</url>
                <type>E</type>
            </document>
        </ns2:position>
    
<ns2:position xmlns:ns2="http://bus.gov.ru/external/1" xmlns="http://bus.gov.ru/types/1" xmlns:xsi="http://www.w3.org/2001/XMLSchema-instance" xmlns:ns3="http://bus.gov.ru/fk/1">
            <positionId>5e66469d-d029-471e-b8eb-0ee65468685b</positionId>
            <changeDate>2012-10-30T12:35:42.424+04:00</changeDate>
            <placer>
                <regNum>0337100000055</regNum>
                <fullName>федеральное государственное казенное учреждение "Управление вневедомственной охраны Управления Министерства внутренних дел Российской Федерации по Калужской области"</fullName>
                <inn>4029047288</inn>
                <kpp>402901001</kpp>
            </placer>
            <initiator>
                <regNum>0337100000055</regNum>
                <fullName>федеральное государственное казенное учреждение "Управление вневедомственной охраны Управления Министерства внутренних дел Российской Федерации по Калужской области"</fullName>
                <inn>4029047288</inn>
                <kpp>402901001</kpp>
            </initiator>
            <versionNumber>0</versionNumber>
            <main>
                <shortName>ФГКУ УВО УМВД России по Калужской области</shortName>
                <ogrn>1124028004320</ogrn>
                <rbs>
                    <regNum>0137100000028</regNum>
                    <fullName>Управление Министерства внутренних дел Российской Федерации по Калужской области</fullName>
                </rbs>
                <grbs>
                    <regNum>0173100000062</regNum>
                    <fullName>Министерство внутренних дел Российской Федерации</fullName>
                </grbs>
                <orgType>08</orgType>
                <classifier>
                    <okfs>
                        <code>12</code>
                        <name>Федеральная собственность</name>
                    </okfs>
                    <okopf>
                        <code>74</code>
                        <name>Казенные учреждения</name>
                    </okopf>
                    <okogu>
                        <code>1310500</code>
                        <name>Министерство внутренних дел Российской Федерации</name>
                    </okogu>
                    <okpo>
                        <code>08596297</code>
                    </okpo>
                    <okato>
                        <code>29401000000</code>
                        <name>Калуга</name>
                    </okato>
                    <okved>
                        <code>75.24.1</code>
                        <name>Деятельность органов внутренних дел</name>
                        <type>C</type>
                    </okved>
                </classifier>
                <address>
                    <zip>248016</zip>
                    <subject>
                        <code>40000000000</code>
                        <name>Калужская обл</name>
                    </subject>
                    <city>
                        <code>40000001000</code>
                        <name>Калуга г</name>
                    </city>
                    <street>
                        <code>400000010000476</code>
                        <name>В.Андриановой ул</name>
                    </street>
                    <building>56а</building>
                </address>
            </main>
            <additional>
                <institutionType>
                    <code>0900000</code>
                    <name>Национальная оборона</name>
                </institutionType>
                <ppo>
                    <code>00000000000</code>
                    <name>Российская Федерация</name>
                    <okato>
                        <code>00000000000</code>
                        <name>Объекты административно-территориального деления, кроме сельских населенных пунктов</name>
                    </okato>
                </ppo>
                <phone>8-4842-723983</phone>
                <www>http://uvo-kaluga.narod.ru</www>
                <branch>
                    <regNum>0337100000165</regNum>
                    <fullName>Тарусский отдел вневедомственной охраны - филиал федерального государственного казенного учреждения "Управление вневедомственной охраны Управления Министерства внутренних дел Российской Федерации по Калужской области"</fullName>
                    <type>01</type>
                </branch>
                <branch>
                    <regNum>0337100000001</regNum>
                    <fullName>Отделение вневедомственной охраны по Медынскому району - филиал федерального государственного казенного учреждения "Управление вневедомственной охраны Управления Министерства внутренних дел Российской Федерации по Калужской области"</fullName>
                    <type>01</type>
                </branch>
                <branch>
                    <regNum>0337100000183</regNum>
                    <fullName>Отдел вневедомственной охраны по Малоярославецкому району - филиал федерального государственного казенного учреждения "Управление вневедомственной охраны Управления Министерства внутренних дел Российской Федерации по Калужской области"</fullName>
                    <type>01</type>
                </branch>
                <branch>
                    <regNum>0337100000127</regNum>
                    <fullName>Отдел вневедомственной охраны по городу Калуге - филиал федерального государственного казенного учреждения "Управление вневедомственной охраны Управления Министерства внутренних дел Российской Федерации по Калужской области"</fullName>
                    <type>01</type>
                </branch>
                <branch>
                    <regNum>0337100000037</regNum>
                    <fullName>Отдел вневедомственной охраны по городу Обнинску - филиал федерального государственного казенного учреждения "Управление вневедомственной охраны Управления Министерства внутренних дел Российской Федерации по Калужской области"</fullName>
                    <type>01</type>
                </branch>
                <branch>
                    <regNum>0337100000036</regNum>
                    <fullName>Отдел вневедомственной охраны по Боровскому району - филиал федерального государственного казенного учреждения "Управление вневедомственной охраны Управления Министерства внутренних дел Российской Федерации по Калужской области"</fullName>
                    <type>01</type>
                </branch>
                <branch>
                    <regNum>0337100000168</regNum>
                    <fullName>Козельский отдел вневедомственной охраны - филиал федерального государственного казенного учреждения "Управление вневедомственной охраны Управления Министерства внутренних дел Российской Федерации по Калужской области"</fullName>
                    <type>01</type>
                </branch>
                <branch>
                    <regNum>0337100000060</regNum>
                    <fullName>Отделение вневедомственной охраны по Мещовскому району - филиал федерального государственного казенного учреждения "Управление вневедомственной охраны Управления Министерства внутренних дел Российской Федерации по Калужской области"</fullName>
                    <type>01</type>
                </branch>
                <branch>
                    <regNum>0137100000044</regNum>
                    <fullName>Отдел вневедомственной охраны по Жуковскому району - филиал федерального государственного казенного учреждения "Управление вневедомственной охраны Управления Министерства внутренних дел Российской Федерации по Калужской области"</fullName>
                    <type>01</type>
                </branch>
                <branch>
                    <regNum>0337100000145</regNum>
                    <fullName>Людиновский отдел вневедомственной охраны - филиал федерального государственного казенного учреждения "Управление вневедомственной охраны Управления Министерства внутренних дел Российской Федерации по Калужской области"</fullName>
                    <type>01</type>
                </branch>
                <branch>
                    <regNum>0337100000004</regNum>
                    <fullName>Кировский отдел вневедомственной охраны - филиал федерального государственного казенного учреждения "Управление вневедомственной охраны Управления Министерства внутренних дел Российской Федерации по Калужской области"</fullName>
                    <type>01</type>
                </branch>
                <branch>
                    <regNum>0337100000039</regNum>
                    <fullName>Сухиничский отдел вневедомственной охраны - филиал федерального государственного казенного учреждения "Управление вневедомственной охраны Управления Министерства внутренних дел Российской Федерации по Калужской области"</fullName>
                    <type>01</type>
                </branch>
                <branch>
                    <regNum>0337100000002</regNum>
                    <fullName>Дзержинский отдел вневедомственной охраны - филиал федерального государственного казенного учреждения "Управление вневедомственной охраны Управления Министерства внутренних дел Российской Федерации по Калужской области"</fullName>
                    <type>01</type>
                </branch>
                <section>188</section>
                <oktmo>
                    <code>29701000</code>
                    <name>Город Калуга</name>
                </oktmo>
                <activity>
                    <okved>
                        <code>75.24.1</code>
                        <name>Деятельность органов внутренних дел</name>
                        <type>C</type>
                    </okved>
                    <name>Услуги охраны</name>
                </activity>
                <eMail>uvo40@mail.ru</eMail>
            </additional>
            <other>
                <chief>
                    <lastName>ХРЕНОВ</lastName>
                    <firstName>ИГОРЬ</firstName>
                    <middleName>АНАТОЛЬЕВИЧ</middleName>
                    <position>Начальник</position>
                </chief>
                <founder>
                    <regNum>0173100000062</regNum>
                    <fullName>Министерство внутренних дел Российской Федерации</fullName>
                </founder>
            </other>
            <document>
                <name>Приказ о назначении руководителя</name>
                <date>2012-07-18+04:00</date>
                <url>http://bus.gov.ru/public/download/download.html?id=6149205</url>
                <type>S</type>
            </document>
            <document>
                <name>Положение Дзержинский отдел</name>
                <date>2012-08-07+04:00</date>
                <url>http://bus.gov.ru/public/download/download.html?id=6151557</url>
                <type>L</type>
            </document>
            <document>
                <name>Положение Сухиничский отдел</name>
                <date>2012-08-07+04:00</date>
                <url>http://bus.gov.ru/public/download/download.html?id=6151765</url>
                <type>L</type>
            </document>
            <document>
                <name>Положение Малоярославецкий отдел</name>
                <date>2012-08-07+04:00</date>
                <url>http://bus.gov.ru/public/download/download.html?id=6151724</url>
                <type>L</type>
            </document>
            <document>
                <name>Положение Людиновский отдел</name>
                <date>2012-08-07+04:00</date>
                <url>http://bus.gov.ru/public/download/download.html?id=6151720</url>
                <type>L</type>
            </document>
            <document>
                <name>Положение Жуковский отдел</name>
                <date>2012-08-07+04:00</date>
                <url>http://bus.gov.ru/public/download/download.html?id=6151573</url>
                <type>L</type>
            </document>
            <document>
                <name>Положение Мещовский отдел</name>
                <date>2012-08-07+04:00</date>
                <url>http://bus.gov.ru/public/download/download.html?id=6151728</url>
                <type>L</type>
            </document>
            <document>
                <name>Положение отдел  по г. Обнинску</name>
                <date>2012-08-07+04:00</date>
                <url>http://bus.gov.ru/public/download/download.html?id=6151741</url>
                <type>L</type>
            </document>
            <document>
                <name>Положение Козельский отдел</name>
                <date>2012-08-07+04:00</date>
                <url>http://bus.gov.ru/public/download/download.html?id=6151704</url>
                <type>L</type>
            </document>
            <document>
                <name>Положение  отдел по  г. Калуге</name>
                <date>2012-08-07+04:00</date>
                <url>http://bus.gov.ru/public/download/download.html?id=6151525</url>
                <type>L</type>
            </document>
            <document>
                <name>Положение Боровский отдел</name>
                <date>2012-08-07+04:00</date>
                <url>http://bus.gov.ru/public/download/download.html?id=6151538</url>
                <type>L</type>
            </document>
            <document>
                <name>Положение Таруский отдел</name>
                <date>2012-08-07+04:00</date>
                <url>http://bus.gov.ru/public/download/download.html?id=6151778</url>
                <type>L</type>
            </document>
            <document>
                <name>Положение Кировский отдел</name>
                <date>2012-08-07+04:00</date>
                <url>http://bus.gov.ru/public/download/download.html?id=6151659</url>
                <type>L</type>
            </document>
            <document>
                <name>Положение Медынский отдел</name>
                <date>2012-08-07+04:00</date>
                <url>http://bus.gov.ru/public/download/download.html?id=6151727</url>
                <type>L</type>
            </document>
            <document>
                <name>Распоряжение Правительства РФ от 30_12_2011 N 2437-р</name>
                <date>2011-12-30+04:00</date>
                <url>http://bus.gov.ru/public/download/download.html?id=6149150</url>
                <type>C</type>
            </document>
            <document>
                <name>Устав</name>
                <date>2012-08-18+04:00</date>
                <url>http://bus.gov.ru/public/download/download.html?id=6008342</url>
                <type>F</type>
            </document>
            <document>
                <name>приказ 001</name>
                <date>2012-08-18+04:00</date>
                <url>http://bus.gov.ru/public/download/download.html?id=6008490</url>
                <type>O</type>
            </document>
            <document>
                <name>Свидетельство ИНН</name>
                <date>2012-08-18+04:00</date>
                <url>http://bus.gov.ru/public/download/download.html?id=6009001</url>
                <type>E</type>
            </document>
            <document>
                <name>Свидетельство</name>
                <date>2012-08-18+04:00</date>
                <url>http://bus.gov.ru/public/download/download.html?id=6008674</url>
                <type>E</type>
            </document>
            <document>
                <name>Свидетельство ОГРН</name>
                <date>2012-08-18+04:00</date>
                <url>http://bus.gov.ru/public/download/download.html?id=6008987</url>
                <type>E</type>
            </document>
        </ns2:position>
    

    </ns2:body>
    </ns2:institutionInfo>        
        