<?xml version="1.0" encoding="UTF-8" standalone="yes"?>
<ns2:institutionInfo xsi:schemaLocation="http://bus.gov.ru/public/schema/TFF-0.1.3.1/External.xsd" xmlns="http://bus.gov.ru/types/1" xmlns:ns2="http://bus.gov.ru/external/1" xmlns:xsi="http://www.w3.org/2001/XMLSchema-instance" xmlns:ns3="http://bus.gov.ru/fk/1">
    <ns2:body>                        
	<ns2:position xmlns:ns2="http://bus.gov.ru/external/1" xmlns="http://bus.gov.ru/types/1" xmlns:xsi="http://www.w3.org/2001/XMLSchema-instance" xmlns:ns3="http://bus.gov.ru/fk/1">
            <positionId>12584898-2c9f-4edf-9b54-3c44235f4b46</positionId>
            <changeDate>2012-10-19T13:56:54.589+04:00</changeDate>
            <placer>
                <regNum>0895100000817</regNum>
                <fullName>федеральное государственное казенное учреждение "Управление вневедомственной охраны Управления Министерства внутренних дел Российской Федерации по Курганской области"</fullName>
                <inn>4501179691</inn>
                <kpp>450101001</kpp>
            </placer>
            <initiator>
                <regNum>0895100000817</regNum>
                <fullName>федеральное государственное казенное учреждение "Управление вневедомственной охраны Управления Министерства внутренних дел Российской Федерации по Курганской области"</fullName>
                <inn>4501179691</inn>
                <kpp>450101001</kpp>
            </initiator>
            <versionNumber>0</versionNumber>
            <main>
                <shortName>ФГКУ УВО УМВД России по Курганской области</shortName>
                <ogrn>1124501007927</ogrn>
                <rbs>
                    <regNum>0143100000040</regNum>
                    <fullName>Управление Министерства  внутренних дел Российской Федерации по Курганской области</fullName>
                </rbs>
                <grbs>
                    <regNum>0173100000062</regNum>
                    <fullName>Министерство внутренних дел Российской Федерации</fullName>
                </grbs>
                <orgType>08</orgType>
                <classifier>
                    <okfs>
                        <code>12</code>
                        <name>Федеральная собственность</name>
                    </okfs>
                    <okopf>
                        <code>74</code>
                        <name>Казенные учреждения</name>
                    </okopf>
                    <okogu>
                        <code>1310500</code>
                        <name>Министерство внутренних дел Российской Федерации</name>
                    </okogu>
                    <okpo>
                        <code>08687060</code>
                    </okpo>
                    <okato>
                        <code>37401000000</code>
                        <name>Курган</name>
                    </okato>
                    <okved>
                        <code>75.24.1</code>
                        <name>Деятельность органов внутренних дел</name>
                        <type>C</type>
                    </okved>
                </classifier>
                <address>
                    <zip>640022</zip>
                    <subject>
                        <code>45000000000</code>
                        <name>Курганская обл</name>
                    </subject>
                    <city>
                        <code>45000001000</code>
                        <name>Курган г</name>
                    </city>
                    <street>
                        <code>450000010000301</code>
                        <name>Уральская ул</name>
                    </street>
                    <building>6</building>
                </address>
            </main>
            <additional>
                <institutionType>
                    <code>9900000</code>
                    <name>Прочие</name>
                </institutionType>
                <ppo>
                    <code>00000000000</code>
                    <name>Российская Федерация</name>
                    <okato>
                        <code>00000000000</code>
                        <name>Объекты административно-территориального деления, кроме сельских населенных пунктов</name>
                    </okato>
                </ppo>
                <phone>7-3522-239566</phone>
                <www>http://www.uvo45.ru</www>
                <section>188</section>
                <oktmo>
                    <code>37701000</code>
                    <name>город Курган</name>
                </oktmo>
                <activity>
                    <okved>
                        <code>75.24.1</code>
                        <name>Деятельность органов внутренних дел</name>
                        <type>C</type>
                    </okved>
                    <name>Деятельность органов внутренних дел</name>
                </activity>
                <eMail>uvo45@mail.ru</eMail>
            </additional>
            <other>
                <chief>
                    <lastName>Вронский </lastName>
                    <firstName>Алексей </firstName>
                    <middleName>Геннадьевич</middleName>
                    <position>начальник управления</position>
                </chief>
                <founder>
                    <regNum>0173100000062</regNum>
                    <fullName>Министерство внутренних дел Российской Федерации</fullName>
                </founder>
            </other>
            <document>
                <name>ВЫПИСКА НА НАЧАЛЬНИКА</name>
                <date>2012-09-12+04:00</date>
                <url>http://bus.gov.ru/public/download/download.html?id=5919504</url>
                <type>S</type>
            </document>
            <document>
                <name>Приказ МВД №454 от 05.05.2012</name>
                <date>2012-05-05+04:00</date>
                <url>http://bus.gov.ru/public/download/download.html?id=5918137</url>
                <type>F</type>
            </document>
            <document>
                <name>ОГРН</name>
                <date>2012-09-14+04:00</date>
                <url>http://bus.gov.ru/public/download/download.html?id=5918165</url>
                <type>E</type>
            </document>
            <document>
                <name>ИНН</name>
                <date>2012-09-10+04:00</date>
                <url>http://bus.gov.ru/public/download/download.html?id=5918156</url>
                <type>E</type>
            </document>
        </ns2:position>
    
<ns2:position xmlns:ns2="http://bus.gov.ru/external/1" xmlns="http://bus.gov.ru/types/1" xmlns:xsi="http://www.w3.org/2001/XMLSchema-instance" xmlns:ns3="http://bus.gov.ru/fk/1">
            <positionId>12584898-2c9f-4edf-9b54-3c44235f4b46</positionId>
            <changeDate>2012-10-19T13:56:54.589+04:00</changeDate>
            <placer>
                <regNum>0895100000817</regNum>
                <fullName>федеральное государственное казенное учреждение "Управление вневедомственной охраны Управления Министерства внутренних дел Российской Федерации по Курганской области"</fullName>
                <inn>4501179691</inn>
                <kpp>450101001</kpp>
            </placer>
            <initiator>
                <regNum>0895100000817</regNum>
                <fullName>федеральное государственное казенное учреждение "Управление вневедомственной охраны Управления Министерства внутренних дел Российской Федерации по Курганской области"</fullName>
                <inn>4501179691</inn>
                <kpp>450101001</kpp>
            </initiator>
            <versionNumber>0</versionNumber>
            <main>
                <shortName>ФГКУ УВО УМВД России по Курганской области</shortName>
                <ogrn>1124501007927</ogrn>
                <rbs>
                    <regNum>0143100000040</regNum>
                    <fullName>Управление Министерства  внутренних дел Российской Федерации по Курганской области</fullName>
                </rbs>
                <grbs>
                    <regNum>0173100000062</regNum>
                    <fullName>Министерство внутренних дел Российской Федерации</fullName>
                </grbs>
                <orgType>08</orgType>
                <classifier>
                    <okfs>
                        <code>12</code>
                        <name>Федеральная собственность</name>
                    </okfs>
                    <okopf>
                        <code>74</code>
                        <name>Казенные учреждения</name>
                    </okopf>
                    <okogu>
                        <code>1310500</code>
                        <name>Министерство внутренних дел Российской Федерации</name>
                    </okogu>
                    <okpo>
                        <code>08687060</code>
                    </okpo>
                    <okato>
                        <code>37401000000</code>
                        <name>Курган</name>
                    </okato>
                    <okved>
                        <code>75.24.1</code>
                        <name>Деятельность органов внутренних дел</name>
                        <type>C</type>
                    </okved>
                </classifier>
                <address>
                    <zip>640022</zip>
                    <subject>
                        <code>45000000000</code>
                        <name>Курганская обл</name>
                    </subject>
                    <city>
                        <code>45000001000</code>
                        <name>Курган г</name>
                    </city>
                    <street>
                        <code>450000010000301</code>
                        <name>Уральская ул</name>
                    </street>
                    <building>6</building>
                </address>
            </main>
            <additional>
                <institutionType>
                    <code>9900000</code>
                    <name>Прочие</name>
                </institutionType>
                <ppo>
                    <code>00000000000</code>
                    <name>Российская Федерация</name>
                    <okato>
                        <code>00000000000</code>
                        <name>Объекты административно-территориального деления, кроме сельских населенных пунктов</name>
                    </okato>
                </ppo>
                <phone>7-3522-239566</phone>
                <www>http://www.uvo45.ru</www>
                <section>188</section>
                <oktmo>
                    <code>37701000</code>
                    <name>город Курган</name>
                </oktmo>
                <activity>
                    <okved>
                        <code>75.24.1</code>
                        <name>Деятельность органов внутренних дел</name>
                        <type>C</type>
                    </okved>
                    <name>Деятельность органов внутренних дел</name>
                </activity>
                <eMail>uvo45@mail.ru</eMail>
            </additional>
            <other>
                <chief>
                    <lastName>Вронский </lastName>
                    <firstName>Алексей </firstName>
                    <middleName>Геннадьевич</middleName>
                    <position>начальник управления</position>
                </chief>
                <founder>
                    <regNum>0173100000062</regNum>
                    <fullName>Министерство внутренних дел Российской Федерации</fullName>
                </founder>
            </other>
            <document>
                <name>ВЫПИСКА НА НАЧАЛЬНИКА</name>
                <date>2012-09-12+04:00</date>
                <url>http://bus.gov.ru/public/download/download.html?id=5919504</url>
                <type>S</type>
            </document>
            <document>
                <name>Приказ МВД №454 от 05.05.2012</name>
                <date>2012-05-05+04:00</date>
                <url>http://bus.gov.ru/public/download/download.html?id=5918137</url>
                <type>F</type>
            </document>
            <document>
                <name>ОГРН</name>
                <date>2012-09-14+04:00</date>
                <url>http://bus.gov.ru/public/download/download.html?id=5918165</url>
                <type>E</type>
            </document>
            <document>
                <name>ИНН</name>
                <date>2012-09-10+04:00</date>
                <url>http://bus.gov.ru/public/download/download.html?id=5918156</url>
                <type>E</type>
            </document>
        </ns2:position>
    
<ns2:position xmlns:ns2="http://bus.gov.ru/external/1" xmlns="http://bus.gov.ru/types/1" xmlns:xsi="http://www.w3.org/2001/XMLSchema-instance" xmlns:ns3="http://bus.gov.ru/fk/1">
            <positionId>eb5f8031-92ab-41eb-a996-6edde41ff5be</positionId>
            <changeDate>2012-11-06T09:40:44.333+04:00</changeDate>
            <placer>
                <regNum>0843100000011</regNum>
                <fullName>федеральное казенное учреждение здравоохранения "Медико-санитарная часть Министерства внутренних дел Российской Федерации по Курганской области"</fullName>
                <inn>4501118963</inn>
                <kpp>450101001</kpp>
            </placer>
            <initiator>
                <regNum>0843100000011</regNum>
                <fullName>федеральное казенное учреждение здравоохранения "Медико-санитарная часть Министерства внутренних дел Российской Федерации по Курганской области"</fullName>
                <inn>4501118963</inn>
                <kpp>450101001</kpp>
            </initiator>
            <versionNumber>1</versionNumber>
            <main>
                <shortName>ФКУЗ "МСЧ МВД России по Курганской области"</shortName>
                <ogrn>1064501006789</ogrn>
                <rbs>
                    <regNum>0143100000040</regNum>
                    <fullName>Управление Министерства  внутренних дел Российской Федерации по Курганской области</fullName>
                </rbs>
                <grbs>
                    <regNum>0173100000054</regNum>
                    <fullName>Министерство внутренних дел Российской Федерации</fullName>
                </grbs>
                <orgType>08</orgType>
                <classifier>
                    <okfs>
                        <code>12</code>
                        <name>Федеральная собственность</name>
                    </okfs>
                    <okopf>
                        <code>72</code>
                        <name>Бюджетные учреждения</name>
                    </okopf>
                    <okogu>
                        <code>1310500</code>
                        <name>Министерство внутренних дел Российской Федерации</name>
                    </okogu>
                    <okpo>
                        <code>08585230</code>
                    </okpo>
                    <okato>
                        <code>37401000000</code>
                        <name>Курган</name>
                    </okato>
                    <okved>
                        <code>85.14.3</code>
                        <name>Деятельность медицинских лабораторий</name>
                        <type>O</type>
                    </okved>
                    <okved>
                        <code>85.14.2</code>
                        <name>Деятельность вспомогательного стоматологического персонала</name>
                        <type>O</type>
                    </okved>
                    <okved>
                        <code>85.14.1</code>
                        <name>Деятельность среднего медицинского персонала</name>
                        <type>O</type>
                    </okved>
                    <okved>
                        <code>85.32</code>
                        <name>Предоставление социальных услуг без обеспечения проживания</name>
                        <type>O</type>
                    </okved>
                    <okved>
                        <code>85.14.5</code>
                        <name>Деятельность учреждений санитарно-эпидемиологической службы</name>
                        <type>O</type>
                    </okved>
                    <okved>
                        <code>85.13</code>
                        <name>Стоматологическая практика</name>
                        <type>O</type>
                    </okved>
                    <okved>
                        <code>85.11.1</code>
                        <name>Деятельность больничных учреждений широкого профиля и специализированных</name>
                        <type>C</type>
                    </okved>
                    <okved>
                        <code>85.12</code>
                        <name>Врачебная практика</name>
                        <type>O</type>
                    </okved>
                </classifier>
                <address>
                    <zip>640000</zip>
                    <subject>
                        <code>45000000000</code>
                        <name>Курганская обл</name>
                    </subject>
                    <city>
                        <code>45000001000</code>
                        <name>Курган г</name>
                    </city>
                    <street>
                        <code>450000010000129</code>
                        <name>Красина ул</name>
                    </street>
                    <building>55/1</building>
                </address>
            </main>
            <additional>
                <institutionType>
                    <code>0509000</code>
                    <name>Медико-санитарная часть, в том числе центральная</name>
                </institutionType>
                <ppo>
                    <code>00000000000</code>
                    <name>Российская Федерация</name>
                    <okato>
                        <code>00000000000</code>
                        <name>Объекты административно-территориального деления, кроме сельских населенных пунктов</name>
                    </okato>
                    <oktmo>
                        <code>37701000</code>
                        <name>город Курган</name>
                    </oktmo>
                </ppo>
                <phone>7-3522-494513</phone>
                <section>188</section>
                <oktmo>
                    <code>37701000</code>
                    <name>город Курган</name>
                </oktmo>
                <activity>
                    <okved>
                        <code>85.14.3</code>
                        <name>Деятельность медицинских лабораторий</name>
                        <type>O</type>
                    </okved>
                    <name>Деятельность медицинских лабораторий</name>
                </activity>
                <activity>
                    <okved>
                        <code>85.14.2</code>
                        <name>Деятельность вспомогательного стоматологического персонала</name>
                        <type>O</type>
                    </okved>
                    <name>Деятельность вспомогательного стоматологического персонала</name>
                </activity>
                <activity>
                    <okved>
                        <code>85.14.1</code>
                        <name>Деятельность среднего медицинского персонала</name>
                        <type>O</type>
                    </okved>
                    <name>Деятельность среднего медицинского персонала</name>
                </activity>
                <activity>
                    <okved>
                        <code>85.32</code>
                        <name>Предоставление социальных услуг без обеспечения проживания</name>
                        <type>O</type>
                    </okved>
                    <name>Предоставление социальных услуг без обеспечения проживания</name>
                </activity>
                <activity>
                    <okved>
                        <code>85.14.5</code>
                        <name>Деятельность учреждений санитарно-эпидемиологической службы</name>
                        <type>O</type>
                    </okved>
                    <name>Деятельность учреждений санитарно-эпидемиологической службы</name>
                </activity>
                <activity>
                    <okved>
                        <code>85.13</code>
                        <name>Стоматологическая практика</name>
                        <type>O</type>
                    </okved>
                    <name>Стоматологическая практика</name>
                </activity>
                <activity>
                    <okved>
                        <code>85.11.1</code>
                        <name>Деятельность больничных учреждений широкого профиля и специализированных</name>
                        <type>C</type>
                    </okved>
                    <name>Деятельность больничных учреждений широкого профиля и специализированных</name>
                </activity>
                <activity>
                    <okved>
                        <code>85.12</code>
                        <name>Врачебная практика</name>
                        <type>O</type>
                    </okved>
                    <name>Врачебная практика</name>
                </activity>
                <eMail>kurmedotdel@list.ru</eMail>
            </additional>
            <other>
                <chief>
                    <lastName>Мишнев</lastName>
                    <firstName>Александр</firstName>
                    <middleName>Николаевич</middleName>
                    <position>Начальник</position>
                </chief>
                <founder>
                    <regNum>0173100000062</regNum>
                    <fullName>Министерство внутренних дел Российской Федерации</fullName>
                </founder>
            </other>
            <document>
                <name>Приказ о назначении на должность начальника</name>
                <date>2011-08-16+04:00</date>
                <url>http://bus.gov.ru/public/download/download.html?id=6272587</url>
                <type>S</type>
            </document>
            <document>
                <name>Устав</name>
                <date>2005-12-30+03:00</date>
                <url>http://bus.gov.ru/public/download/download.html?id=6272588</url>
                <type>F</type>
            </document>
            <document>
                <name>ОГРЮЛ</name>
                <date>2011-07-12+04:00</date>
                <url>http://bus.gov.ru/public/download/download.html?id=6272589</url>
                <type>E</type>
            </document>
        </ns2:position>
    
<ns2:position xmlns:ns2="http://bus.gov.ru/external/1" xmlns="http://bus.gov.ru/types/1" xmlns:xsi="http://www.w3.org/2001/XMLSchema-instance" xmlns:ns3="http://bus.gov.ru/fk/1">
            <positionId>eb5f8031-92ab-41eb-a996-6edde41ff5be</positionId>
            <changeDate>2012-11-06T09:40:44.333+04:00</changeDate>
            <placer>
                <regNum>0843100000011</regNum>
                <fullName>федеральное казенное учреждение здравоохранения "Медико-санитарная часть Министерства внутренних дел Российской Федерации по Курганской области"</fullName>
                <inn>4501118963</inn>
                <kpp>450101001</kpp>
            </placer>
            <initiator>
                <regNum>0843100000011</regNum>
                <fullName>федеральное казенное учреждение здравоохранения "Медико-санитарная часть Министерства внутренних дел Российской Федерации по Курганской области"</fullName>
                <inn>4501118963</inn>
                <kpp>450101001</kpp>
            </initiator>
            <versionNumber>1</versionNumber>
            <main>
                <shortName>ФКУЗ "МСЧ МВД России по Курганской области"</shortName>
                <ogrn>1064501006789</ogrn>
                <rbs>
                    <regNum>0143100000040</regNum>
                    <fullName>Управление Министерства  внутренних дел Российской Федерации по Курганской области</fullName>
                </rbs>
                <grbs>
                    <regNum>0173100000054</regNum>
                    <fullName>Министерство внутренних дел Российской Федерации</fullName>
                </grbs>
                <orgType>08</orgType>
                <classifier>
                    <okfs>
                        <code>12</code>
                        <name>Федеральная собственность</name>
                    </okfs>
                    <okopf>
                        <code>72</code>
                        <name>Бюджетные учреждения</name>
                    </okopf>
                    <okogu>
                        <code>1310500</code>
                        <name>Министерство внутренних дел Российской Федерации</name>
                    </okogu>
                    <okpo>
                        <code>08585230</code>
                    </okpo>
                    <okato>
                        <code>37401000000</code>
                        <name>Курган</name>
                    </okato>
                    <okved>
                        <code>85.14.3</code>
                        <name>Деятельность медицинских лабораторий</name>
                        <type>O</type>
                    </okved>
                    <okved>
                        <code>85.14.2</code>
                        <name>Деятельность вспомогательного стоматологического персонала</name>
                        <type>O</type>
                    </okved>
                    <okved>
                        <code>85.14.1</code>
                        <name>Деятельность среднего медицинского персонала</name>
                        <type>O</type>
                    </okved>
                    <okved>
                        <code>85.32</code>
                        <name>Предоставление социальных услуг без обеспечения проживания</name>
                        <type>O</type>
                    </okved>
                    <okved>
                        <code>85.14.5</code>
                        <name>Деятельность учреждений санитарно-эпидемиологической службы</name>
                        <type>O</type>
                    </okved>
                    <okved>
                        <code>85.13</code>
                        <name>Стоматологическая практика</name>
                        <type>O</type>
                    </okved>
                    <okved>
                        <code>85.11.1</code>
                        <name>Деятельность больничных учреждений широкого профиля и специализированных</name>
                        <type>C</type>
                    </okved>
                    <okved>
                        <code>85.12</code>
                        <name>Врачебная практика</name>
                        <type>O</type>
                    </okved>
                </classifier>
                <address>
                    <zip>640000</zip>
                    <subject>
                        <code>45000000000</code>
                        <name>Курганская обл</name>
                    </subject>
                    <city>
                        <code>45000001000</code>
                        <name>Курган г</name>
                    </city>
                    <street>
                        <code>450000010000129</code>
                        <name>Красина ул</name>
                    </street>
                    <building>55/1</building>
                </address>
            </main>
            <additional>
                <institutionType>
                    <code>0509000</code>
                    <name>Медико-санитарная часть, в том числе центральная</name>
                </institutionType>
                <ppo>
                    <code>00000000000</code>
                    <name>Российская Федерация</name>
                    <okato>
                        <code>00000000000</code>
                        <name>Объекты административно-территориального деления, кроме сельских населенных пунктов</name>
                    </okato>
                    <oktmo>
                        <code>37701000</code>
                        <name>город Курган</name>
                    </oktmo>
                </ppo>
                <phone>7-3522-494513</phone>
                <section>188</section>
                <oktmo>
                    <code>37701000</code>
                    <name>город Курган</name>
                </oktmo>
                <activity>
                    <okved>
                        <code>85.14.3</code>
                        <name>Деятельность медицинских лабораторий</name>
                        <type>O</type>
                    </okved>
                    <name>Деятельность медицинских лабораторий</name>
                </activity>
                <activity>
                    <okved>
                        <code>85.14.2</code>
                        <name>Деятельность вспомогательного стоматологического персонала</name>
                        <type>O</type>
                    </okved>
                    <name>Деятельность вспомогательного стоматологического персонала</name>
                </activity>
                <activity>
                    <okved>
                        <code>85.14.1</code>
                        <name>Деятельность среднего медицинского персонала</name>
                        <type>O</type>
                    </okved>
                    <name>Деятельность среднего медицинского персонала</name>
                </activity>
                <activity>
                    <okved>
                        <code>85.32</code>
                        <name>Предоставление социальных услуг без обеспечения проживания</name>
                        <type>O</type>
                    </okved>
                    <name>Предоставление социальных услуг без обеспечения проживания</name>
                </activity>
                <activity>
                    <okved>
                        <code>85.14.5</code>
                        <name>Деятельность учреждений санитарно-эпидемиологической службы</name>
                        <type>O</type>
                    </okved>
                    <name>Деятельность учреждений санитарно-эпидемиологической службы</name>
                </activity>
                <activity>
                    <okved>
                        <code>85.13</code>
                        <name>Стоматологическая практика</name>
                        <type>O</type>
                    </okved>
                    <name>Стоматологическая практика</name>
                </activity>
                <activity>
                    <okved>
                        <code>85.11.1</code>
                        <name>Деятельность больничных учреждений широкого профиля и специализированных</name>
                        <type>C</type>
                    </okved>
                    <name>Деятельность больничных учреждений широкого профиля и специализированных</name>
                </activity>
                <activity>
                    <okved>
                        <code>85.12</code>
                        <name>Врачебная практика</name>
                        <type>O</type>
                    </okved>
                    <name>Врачебная практика</name>
                </activity>
                <eMail>kurmedotdel@list.ru</eMail>
            </additional>
            <other>
                <chief>
                    <lastName>Мишнев</lastName>
                    <firstName>Александр</firstName>
                    <middleName>Николаевич</middleName>
                    <position>Начальник</position>
                </chief>
                <founder>
                    <regNum>0173100000062</regNum>
                    <fullName>Министерство внутренних дел Российской Федерации</fullName>
                </founder>
            </other>
            <document>
                <name>Приказ о назначении на должность начальника</name>
                <date>2011-08-16+04:00</date>
                <url>http://bus.gov.ru/public/download/download.html?id=6272587</url>
                <type>S</type>
            </document>
            <document>
                <name>Устав</name>
                <date>2005-12-30+03:00</date>
                <url>http://bus.gov.ru/public/download/download.html?id=6272588</url>
                <type>F</type>
            </document>
            <document>
                <name>ОГРЮЛ</name>
                <date>2011-07-12+04:00</date>
                <url>http://bus.gov.ru/public/download/download.html?id=6272589</url>
                <type>E</type>
            </document>
        </ns2:position>
    

    </ns2:body>
    </ns2:institutionInfo>        
        