<?xml version="1.0" encoding="UTF-8" standalone="yes"?>
<ns2:institutionInfo xsi:schemaLocation="http://bus.gov.ru/public/schema/TFF-0.1.3.1/External.xsd" xmlns="http://bus.gov.ru/types/1" xmlns:ns2="http://bus.gov.ru/external/1" xmlns:xsi="http://www.w3.org/2001/XMLSchema-instance" xmlns:ns3="http://bus.gov.ru/fk/1">
    <ns2:body>                        
	<ns2:position xmlns:ns2="http://bus.gov.ru/external/1" xmlns="http://bus.gov.ru/types/1" xmlns:xsi="http://www.w3.org/2001/XMLSchema-instance" xmlns:ns3="http://bus.gov.ru/fk/1">
            <positionId>f9e8b231-5ebf-488e-aa54-5bd9fc692dc4</positionId>
            <changeDate>2012-04-18T15:27:34.315+04:00</changeDate>
            <placer>
                <regNum>0844100000021</regNum>
                <fullName>Федеральное казенное учреждение "Войсковая часть 6901"</fullName>
                <inn>4632153834</inn>
                <kpp>463201001</kpp>
            </placer>
            <initiator>
                <regNum>0844100000021</regNum>
                <fullName>Федеральное казенное учреждение "Войсковая часть 6901"</fullName>
                <inn>4632153834</inn>
                <kpp>463201001</kpp>
            </initiator>
            <versionNumber>0</versionNumber>
            <main>
                <shortName>ФКУ "Войсковая часть 6901"</shortName>
                <ogrn>1114632005828</ogrn>
                <rbs>
                    <regNum>0373100000653</regNum>
                    <fullName>управление Центрального Оршанско-Хинганского Краснознаменного регионального командования внутренних войск МВД России</fullName>
                </rbs>
                <grbs>
                    <regNum>0173100000062</regNum>
                    <fullName>Министерство внутренних дел Российской Федерации</fullName>
                </grbs>
                <orgType>08</orgType>
                <classifier>
                    <okfs>
                        <code>12</code>
                        <name>Федеральная собственность</name>
                    </okfs>
                    <okopf>
                        <code>72</code>
                        <name>Бюджетные учреждения</name>
                    </okopf>
                    <okogu>
                        <code>1310500</code>
                        <name>Министерство внутренних дел Российской Федерации</name>
                    </okogu>
                    <okpo>
                        <code>08609976</code>
                    </okpo>
                    <okato>
                        <code>38401000000</code>
                        <name>Курск</name>
                    </okato>
                    <okved>
                        <code>75.22</code>
                        <name>Деятельность, связанная с обеспечением военной безопасности</name>
                        <type>C</type>
                    </okved>
                </classifier>
                <address>
                    <zip>305022</zip>
                    <subject>
                        <code>46000000000</code>
                        <name>Курская обл</name>
                    </subject>
                    <city>
                        <code>46000001000</code>
                        <name>Курск г</name>
                    </city>
                    <street>
                        <name>Агрегатная 3-я ул</name>
                    </street>
                    <building>23Р</building>
                </address>
            </main>
            <additional>
                <institutionType>
                    <code>0900000</code>
                    <name>Национальная оборона</name>
                </institutionType>
                <ppo>
                    <code>00000000000</code>
                    <name>Российская Федерация</name>
                    <okato>
                        <code>00000000000</code>
                        <name>Объекты административно-территориального деления, кроме сельских населенных пунктов</name>
                    </okato>
                </ppo>
                <phone>7-4712-737345</phone>
                <section>188</section>
                <oktmo>
                    <code>38701000</code>
                    <name>- город Курск</name>
                </oktmo>
                <activity>
                    <okved>
                        <code>75.22</code>
                        <name>Деятельность, связанная с обеспечением военной безопасности</name>
                    </okved>
                    <name>охрана складов длительного хранения</name>
                </activity>
                <eMail>fsvch6901@mail.ru</eMail>
            </additional>
            <other>
                <chief>
                    <lastName>Сидоров</lastName>
                    <firstName>Александр</firstName>
                    <middleName>Валериевич</middleName>
                    <position>командир войсковой части 6901</position>
                </chief>
                <founder>
                    <regNum>0173100000062</regNum>
                    <fullName>Министерство внутренних дел Российской Федерации</fullName>
                </founder>
            </other>
            <document>
                <name>20120413_110402</name>
                <date>2011-06-24+04:00</date>
                <url>http://bus.gov.ru/public/download/download.html?id=2600442</url>
                <type>E</type>
            </document>
            <document>
                <name>20120413_111343</name>
                <date>2011-06-24+04:00</date>
                <url>http://bus.gov.ru/public/download/download.html?id=2600489</url>
                <type>E</type>
            </document>
            <document>
                <name>20120413_113446п6</name>
                <date>2011-06-12+04:00</date>
                <url>http://bus.gov.ru/public/download/download.html?id=2601068</url>
                <type>F</type>
            </document>
            <document>
                <name>20120413_1106412</name>
                <date>2012-01-27+04:00</date>
                <url>http://bus.gov.ru/public/download/download.html?id=2601416</url>
                <type>S</type>
            </document>
            <document>
                <name>20120413_1107593</name>
                <date>2012-01-27+04:00</date>
                <url>http://bus.gov.ru/public/download/download.html?id=2601491</url>
                <type>S</type>
            </document>
            <document>
                <name>20120413_112175п3</name>
                <date>2011-06-12+04:00</date>
                <url>http://bus.gov.ru/public/download/download.html?id=2600782</url>
                <type>F</type>
            </document>
            <document>
                <name>20120413_113926п9</name>
                <date>2011-06-12+04:00</date>
                <url>http://bus.gov.ru/public/download/download.html?id=2601256</url>
                <type>F</type>
            </document>
            <document>
                <name>20120413_114032п10</name>
                <date>2011-06-12+04:00</date>
                <url>http://bus.gov.ru/public/download/download.html?id=2601282</url>
                <type>F</type>
            </document>
            <document>
                <name>20120413_113246п5</name>
                <date>2011-06-12+04:00</date>
                <url>http://bus.gov.ru/public/download/download.html?id=2601022</url>
                <type>F</type>
            </document>
            <document>
                <name>20120413_113056п4</name>
                <date>2011-06-12+04:00</date>
                <url>http://bus.gov.ru/public/download/download.html?id=2600907</url>
                <type>F</type>
            </document>
            <document>
                <name>20120413_113648п7</name>
                <date>2011-06-12+04:00</date>
                <url>http://bus.gov.ru/public/download/download.html?id=2601105</url>
                <type>F</type>
            </document>
            <document>
                <name>20120413_111448</name>
                <date>2012-02-28+04:00</date>
                <url>http://bus.gov.ru/public/download/download.html?id=2600621</url>
                <type>E</type>
            </document>
            <document>
                <name>20120413_112151п1</name>
                <date>2011-06-12+04:00</date>
                <url>http://bus.gov.ru/public/download/download.html?id=2600672</url>
                <type>F</type>
            </document>
            <document>
                <name>20120413_112349п2</name>
                <date>2011-06-12+04:00</date>
                <url>http://bus.gov.ru/public/download/download.html?id=2600739</url>
                <type>F</type>
            </document>
            <document>
                <name>20120413_113806п8</name>
                <date>2011-06-12+04:00</date>
                <url>http://bus.gov.ru/public/download/download.html?id=2601241</url>
                <type>F</type>
            </document>
            <document>
                <name>20120413_1105271</name>
                <date>2012-01-27+04:00</date>
                <url>http://bus.gov.ru/public/download/download.html?id=2601387</url>
                <type>S</type>
            </document>
        </ns2:position>
    
<ns2:position xmlns:ns2="http://bus.gov.ru/external/1" xmlns="http://bus.gov.ru/types/1" xmlns:xsi="http://www.w3.org/2001/XMLSchema-instance" xmlns:ns3="http://bus.gov.ru/fk/1">
            <positionId>b7f502cc-12f8-4059-b3a4-c2c4d8c8a256</positionId>
            <changeDate>2012-04-17T14:32:40.479+04:00</changeDate>
            <placer>
                <regNum>0844100000007</regNum>
                <fullName>федеральное казенное учреждение здравоохранения "Медико-санитарная часть Министерства внутренних дел Российской Федерации по Курской области"</fullName>
                <inn>4632061510</inn>
                <kpp>463201001</kpp>
            </placer>
            <initiator>
                <regNum>0844100000007</regNum>
                <fullName>федеральное казенное учреждение здравоохранения "Медико-санитарная часть Министерства внутренних дел Российской Федерации по Курской области"</fullName>
                <inn>4632061510</inn>
                <kpp>463201001</kpp>
            </initiator>
            <versionNumber>2</versionNumber>
            <main>
                <shortName>ФКУЗ "МСЧ МВД России по Курской области"</shortName>
                <ogrn>1064632013280</ogrn>
                <rbs>
                    <regNum>0144100000082</regNum>
                    <fullName>Управление Министерства внутренних дел Российской Федерации по Курской области</fullName>
                </rbs>
                <grbs>
                    <regNum>0173100000054</regNum>
                    <fullName>Министерство внутренних дел Российской Федерации</fullName>
                </grbs>
                <orgType>08</orgType>
                <classifier>
                    <okfs>
                        <code>12</code>
                        <name>Федеральная собственность</name>
                    </okfs>
                    <okopf>
                        <code>72</code>
                        <name>Бюджетные учреждения</name>
                    </okopf>
                    <okogu>
                        <code>1310500</code>
                        <name>Министерство внутренних дел Российской Федерации</name>
                    </okogu>
                    <okpo>
                        <code>08585247</code>
                    </okpo>
                    <okato>
                        <code>38401000000</code>
                        <name>Курск</name>
                    </okato>
                    <okved>
                        <code>85.14.1</code>
                        <name>Деятельность среднего медицинского персонала</name>
                        <type>O</type>
                    </okved>
                    <okved>
                        <code>85.14.3</code>
                        <name>Деятельность медицинских лабораторий</name>
                        <type>O</type>
                    </okved>
                    <okved>
                        <code>85.11.1</code>
                        <name>Деятельность больничных учреждений широкого профиля и специализированных</name>
                        <type>C</type>
                    </okved>
                    <okved>
                        <code>85.13</code>
                        <name>Стоматологическая практика</name>
                        <type>O</type>
                    </okved>
                    <okved>
                        <code>85.12</code>
                        <name>Врачебная практика</name>
                        <type>O</type>
                    </okved>
                </classifier>
                <address>
                    <zip>305029</zip>
                    <subject>
                        <code>46000000000</code>
                        <name>Курская обл</name>
                    </subject>
                    <city>
                        <code>46000001000</code>
                        <name>Курск г</name>
                    </city>
                    <street>
                        <name>Красный Октябрь ул</name>
                    </street>
                    <building>4</building>
                </address>
            </main>
            <additional>
                <institutionType>
                    <code>0509000</code>
                    <name>Медико-санитарная часть, в том числе центральная</name>
                </institutionType>
                <ppo>
                    <code>00000000000</code>
                    <name>Российская Федерация</name>
                    <okato>
                        <code>00000000000</code>
                        <name>Объекты административно-территориального деления, кроме сельских населенных пунктов</name>
                    </okato>
                    <oktmo>
                        <code>38701000</code>
                        <name>- город Курск</name>
                    </oktmo>
                </ppo>
                <phone>7-4712-537494</phone>
                <section>188</section>
                <oktmo>
                    <code>38701000</code>
                    <name>- город Курск</name>
                </oktmo>
                <activity>
                    <okved>
                        <code>85.14.1</code>
                        <name>Деятельность среднего медицинского персонала</name>
                    </okved>
                    <name>Деятельность среднего медицинского персонала</name>
                </activity>
                <activity>
                    <okved>
                        <code>85.14.3</code>
                        <name>Деятельность медицинских лабораторий</name>
                    </okved>
                    <name>Деятельность медицинских лабораторий</name>
                </activity>
                <activity>
                    <okved>
                        <code>85.11.1</code>
                        <name>Деятельность больничных учреждений широкого профиля и специализированных</name>
                    </okved>
                    <name>Деятельность больничных учреждений широкого профиля и специализированных</name>
                </activity>
                <activity>
                    <okved>
                        <code>85.13</code>
                        <name>Стоматологическая практика</name>
                    </okved>
                    <name>Стоматологическая практика</name>
                </activity>
                <activity>
                    <okved>
                        <code>85.12</code>
                        <name>Врачебная практика</name>
                    </okved>
                    <name>Врачебная практика</name>
                </activity>
                <eMail>msch@sovtest.ru</eMail>
            </additional>
            <other>
                <chief>
                    <lastName>Лапшов</lastName>
                    <firstName>Андрей</firstName>
                    <middleName>Фёдорович</middleName>
                    <position>Начальник</position>
                </chief>
                <founder>
                    <regNum>0173100000062</regNum>
                    <fullName>Министерство здравоохранения и социального развития Российской Федерации</fullName>
                </founder>
            </other>
            <document>
                <name>Устав</name>
                <date>2005-12-30+03:00</date>
                <url>http://bus.gov.ru/public/download/download.html?id=2555807</url>
                <type>F</type>
            </document>
            <document>
                <name>Св-во о внесении в ЕГРЮЛ</name>
                <date>2011-08-08+04:00</date>
                <url>http://bus.gov.ru/public/download/download.html?id=2555808</url>
                <type>E</type>
            </document>
            <document>
                <name>Свидетельство о постановке на учет в налоговом органе</name>
                <date>2006-02-08+03:00</date>
                <url>http://bus.gov.ru/public/download/download.html?id=2555809</url>
                <type>E</type>
            </document>
            <document>
                <name>825</name>
                <date>2012-03-30+04:00</date>
                <url>http://bus.gov.ru/public/download/download.html?id=2555810</url>
                <type>O</type>
            </document>
            <document>
                <name>Выписка из приказа</name>
                <date>2011-07-25+04:00</date>
                <url>http://bus.gov.ru/public/download/download.html?id=2555811</url>
                <type>S</type>
            </document>
            <document>
                <name>Сведения о принятых бюджетных обязательств</name>
                <date>2012-04-03+04:00</date>
                <url>http://bus.gov.ru/public/download/download.html?id=2555812</url>
                <type>O</type>
            </document>
        </ns2:position>
    
<ns2:position xmlns:ns2="http://bus.gov.ru/external/1" xmlns="http://bus.gov.ru/types/1" xmlns:xsi="http://www.w3.org/2001/XMLSchema-instance" xmlns:ns3="http://bus.gov.ru/fk/1">
            <positionId>03ce918b-5bc8-400a-a635-6269de4356c9</positionId>
            <changeDate>2012-04-18T10:52:25.826+04:00</changeDate>
            <placer>
                <regNum>0344100000016</regNum>
                <fullName>Войсковая часть 3527</fullName>
                <inn>4634003584</inn>
                <kpp>463401001</kpp>
            </placer>
            <initiator>
                <regNum>0344100000016</regNum>
                <fullName>Войсковая часть 3527</fullName>
                <inn>4634003584</inn>
                <kpp>463401001</kpp>
            </initiator>
            <versionNumber>0</versionNumber>
            <main>
                <shortName>ФКУ "Войсковая часть 3527"</shortName>
                <ogrn>1024601278789</ogrn>
                <rbs>
                    <regNum>0366100000014</regNum>
                    <fullName>Войсковая часть 5580</fullName>
                </rbs>
                <grbs>
                    <regNum>0173100000054</regNum>
                    <fullName>Министерство внутренних дел Российской Федерации</fullName>
                </grbs>
                <orgType>08</orgType>
                <classifier>
                    <okfs>
                        <code>12</code>
                        <name>Федеральная собственность</name>
                    </okfs>
                    <okopf>
                        <code>81</code>
                        <name>Учреждения</name>
                    </okopf>
                    <okogu>
                        <code>1310500</code>
                        <name>Министерство внутренних дел Российской Федерации</name>
                    </okogu>
                    <okpo>
                        <code>08577911</code>
                    </okpo>
                    <okato>
                        <code>38408000000</code>
                        <name>Курчатов</name>
                    </okato>
                    <okved>
                        <code>75.22</code>
                        <name>Деятельность, связанная с обеспечением военной безопасности</name>
                        <type>C</type>
                    </okved>
                </classifier>
                <address>
                    <zip>307250</zip>
                    <subject>
                        <code>46000000000</code>
                        <name>Курская</name>
                    </subject>
                    <region>
                        <code>46012000000</code>
                        <name>Курчатовский</name>
                    </region>
                    <city>
                        <code>46012001000</code>
                        <name>Курчатов</name>
                    </city>
                    <street>
                        <name>Садовая</name>
                    </street>
                    <building>51/1</building>
                </address>
            </main>
            <additional>
                <institutionType>
                    <code>0907000</code>
                    <name>Воинская часть</name>
                </institutionType>
                <ppo>
                    <code>00000000000</code>
                    <name>Российская Федерация</name>
                    <okato>
                        <code>00000000000</code>
                        <name>Объекты административно-территориального деления, кроме сельских населенных пунктов</name>
                    </okato>
                    <oktmo>
                        <code>38708000</code>
                        <name>- город Курчатов</name>
                    </oktmo>
                </ppo>
                <phone>8-47131-40517</phone>
                <section>188</section>
                <oktmo>
                    <code>38708000</code>
                    <name>- город Курчатов</name>
                </oktmo>
                <activity>
                    <okved>
                        <code>75.22</code>
                        <name>Деятельность, связанная с обеспечением военной безопасности</name>
                    </okved>
                    <name>обеспечение военной безопасности</name>
                </activity>
                <eMail>fsvch3527@mail.ru</eMail>
            </additional>
            <other>
                <chief>
                    <lastName>Кривошеин</lastName>
                    <firstName>Александр</firstName>
                    <middleName>Васильевич</middleName>
                    <position>командир войсковой части 3527</position>
                </chief>
                <founder>
                    <regNum>0173100000062</regNum>
                    <fullName>Министерство внутренних дел Российской Федерации</fullName>
                </founder>
            </other>
            <document>
                <name>Выписка из приказа командующего войсками Московского округа внутренних войск МВД РФ</name>
                <date>2006-11-01+03:00</date>
                <url>http://bus.gov.ru/public/download/download.html?id=2620031</url>
                <type>S</type>
            </document>
            <document>
                <name>Свидетельство о внесении записи в Единый государственный реестр юридических лиц</name>
                <date>2011-12-07+04:00</date>
                <url>http://bus.gov.ru/public/download/download.html?id=2619788</url>
                <type>E</type>
            </document>
            <document>
                <name>положение о Федеральном казенном учреждении "Войсковая часть 3527"</name>
                <date>2011-11-22+04:00</date>
                <url>http://bus.gov.ru/public/download/download.html?id=2618864</url>
                <type>F</type>
            </document>
        </ns2:position>
    
<ns2:position xmlns:ns2="http://bus.gov.ru/external/1" xmlns="http://bus.gov.ru/types/1" xmlns:xsi="http://www.w3.org/2001/XMLSchema-instance" xmlns:ns3="http://bus.gov.ru/fk/1">
            <positionId>59fbd897-fb6e-41b7-b07a-8e2ddeb7c50f</positionId>
            <changeDate>2012-05-15T15:59:56.297+04:00</changeDate>
            <placer>
                <regNum>0844100000001</regNum>
                <fullName>федеральное казенное учреждение "Западная база хранения ресурсов Министерства внутренних дел Российской Федерации"</fullName>
                <inn>4630013623</inn>
                <kpp>463201001</kpp>
            </placer>
            <initiator>
                <regNum>0844100000001</regNum>
                <fullName>федеральное казенное учреждение "Западная база хранения ресурсов Министерства внутренних дел Российской Федерации"</fullName>
                <inn>4630013623</inn>
                <kpp>463201001</kpp>
            </initiator>
            <versionNumber>1</versionNumber>
            <main>
                <shortName>ФКУ "ЗБХР МВД России"</shortName>
                <ogrn>1024600974199</ogrn>
                <rbs>
                    <regNum>0373100001245</regNum>
                    <fullName>федеральное казенное учреждение "Центральное окружное управление материально-технического снабжения Министерства внутренних дел Российской Федерации"</fullName>
                </rbs>
                <grbs>
                    <regNum>0173100000054</regNum>
                    <fullName>Министерство внутренних дел Российской Федерации</fullName>
                </grbs>
                <orgType>08</orgType>
                <classifier>
                    <okfs>
                        <code>12</code>
                        <name>Федеральная собственность</name>
                    </okfs>
                    <okopf>
                        <code>72</code>
                        <name>Бюджетные учреждения</name>
                    </okopf>
                    <okogu>
                        <code>1310500</code>
                        <name>Министерство внутренних дел Российской Федерации</name>
                    </okogu>
                    <okpo>
                        <code>08570524</code>
                    </okpo>
                    <okato>
                        <code>38401000000</code>
                        <name>Курск</name>
                    </okato>
                    <okved>
                        <code>75.24.1</code>
                        <name>Деятельность органов внутренних дел</name>
                        <type>C</type>
                    </okved>
                    <okved>
                        <code>75.14</code>
                        <name>Вспомогательная деятельность в области государственного управления</name>
                        <type>O</type>
                    </okved>
                </classifier>
                <address>
                    <zip>305023</zip>
                    <subject>
                        <code>46000000000</code>
                        <name>Курская обл</name>
                    </subject>
                    <city>
                        <code>46000001000</code>
                        <name>Курск г</name>
                    </city>
                    <street>
                        <name>Литовская ул</name>
                    </street>
                    <building>2/3</building>
                </address>
            </main>
            <additional>
                <institutionType>
                    <code>9900000</code>
                    <name>Прочие</name>
                </institutionType>
                <ppo>
                    <code>00000000000</code>
                    <name>Российская Федерация</name>
                    <okato>
                        <code>00000000000</code>
                        <name>Объекты административно-территориального деления, кроме сельских населенных пунктов</name>
                    </okato>
                    <oktmo>
                        <code>45900000</code>
                        <name>Внутригородские территории города Москвы (см. также 45 300 000)/</name>
                    </oktmo>
                </ppo>
                <phone>7-4712-358623</phone>
                <www>http://https://bus.gov.ru</www>
                <section>188</section>
                <oktmo>
                    <code>38701000</code>
                    <name>- город Курск</name>
                </oktmo>
                <activity>
                    <okved>
                        <code>75.14</code>
                        <name>Вспомогательная деятельность в области государственного управления</name>
                    </okved>
                    <name>Вспомогательная деятельность в области государственного управления</name>
                </activity>
                <activity>
                    <okved>
                        <code>75.24.1</code>
                        <name>Деятельность органов внутренних дел</name>
                    </okved>
                    <name>Деятельность органов внутренних дел</name>
                </activity>
                <eMail>kyrsk-123@mail.ru</eMail>
            </additional>
            <other>
                <chief>
                    <lastName>Морозов</lastName>
                    <firstName>Александр</firstName>
                    <middleName>Алексеевич</middleName>
                    <position>Начальник</position>
                </chief>
                <founder>
                    <regNum>0173100000062</regNum>
                    <fullName>Министерство внутренних дел Российской Федерации</fullName>
                </founder>
            </other>
            <document>
                <name>Приказ о назначении руководства</name>
                <date>2001-02-12+03:00</date>
                <url>http://bus.gov.ru/public/download/download.html?id=3154111</url>
                <type>S</type>
            </document>
            <document>
                <name>Устав</name>
                <date>2010-03-03+03:00</date>
                <url>http://bus.gov.ru/public/download/download.html?id=3154112</url>
                <type>F</type>
            </document>
            <document>
                <name>Свидетельство ЕГРЮЛ</name>
                <date>2011-07-27+04:00</date>
                <url>http://bus.gov.ru/public/download/download.html?id=3154110</url>
                <type>E</type>
            </document>
        </ns2:position>
    
<ns2:position xmlns:ns2="http://bus.gov.ru/external/1" xmlns="http://bus.gov.ru/types/1" xmlns:xsi="http://www.w3.org/2001/XMLSchema-instance" xmlns:ns3="http://bus.gov.ru/fk/1">
            <positionId>f9e8b231-5ebf-488e-aa54-5bd9fc692dc4</positionId>
            <changeDate>2012-04-18T15:27:34.315+04:00</changeDate>
            <placer>
                <regNum>0844100000021</regNum>
                <fullName>Федеральное казенное учреждение "Войсковая часть 6901"</fullName>
                <inn>4632153834</inn>
                <kpp>463201001</kpp>
            </placer>
            <initiator>
                <regNum>0844100000021</regNum>
                <fullName>Федеральное казенное учреждение "Войсковая часть 6901"</fullName>
                <inn>4632153834</inn>
                <kpp>463201001</kpp>
            </initiator>
            <versionNumber>0</versionNumber>
            <main>
                <shortName>ФКУ "Войсковая часть 6901"</shortName>
                <ogrn>1114632005828</ogrn>
                <rbs>
                    <regNum>0373100000653</regNum>
                    <fullName>управление Центрального Оршанско-Хинганского Краснознаменного регионального командования внутренних войск МВД России</fullName>
                </rbs>
                <grbs>
                    <regNum>0173100000062</regNum>
                    <fullName>Министерство внутренних дел Российской Федерации</fullName>
                </grbs>
                <orgType>08</orgType>
                <classifier>
                    <okfs>
                        <code>12</code>
                        <name>Федеральная собственность</name>
                    </okfs>
                    <okopf>
                        <code>72</code>
                        <name>Бюджетные учреждения</name>
                    </okopf>
                    <okogu>
                        <code>1310500</code>
                        <name>Министерство внутренних дел Российской Федерации</name>
                    </okogu>
                    <okpo>
                        <code>08609976</code>
                    </okpo>
                    <okato>
                        <code>38401000000</code>
                        <name>Курск</name>
                    </okato>
                    <okved>
                        <code>75.22</code>
                        <name>Деятельность, связанная с обеспечением военной безопасности</name>
                        <type>C</type>
                    </okved>
                </classifier>
                <address>
                    <zip>305022</zip>
                    <subject>
                        <code>46000000000</code>
                        <name>Курская обл</name>
                    </subject>
                    <city>
                        <code>46000001000</code>
                        <name>Курск г</name>
                    </city>
                    <street>
                        <name>Агрегатная 3-я ул</name>
                    </street>
                    <building>23Р</building>
                </address>
            </main>
            <additional>
                <institutionType>
                    <code>0900000</code>
                    <name>Национальная оборона</name>
                </institutionType>
                <ppo>
                    <code>00000000000</code>
                    <name>Российская Федерация</name>
                    <okato>
                        <code>00000000000</code>
                        <name>Объекты административно-территориального деления, кроме сельских населенных пунктов</name>
                    </okato>
                </ppo>
                <phone>7-4712-737345</phone>
                <section>188</section>
                <oktmo>
                    <code>38701000</code>
                    <name>- город Курск</name>
                </oktmo>
                <activity>
                    <okved>
                        <code>75.22</code>
                        <name>Деятельность, связанная с обеспечением военной безопасности</name>
                    </okved>
                    <name>охрана складов длительного хранения</name>
                </activity>
                <eMail>fsvch6901@mail.ru</eMail>
            </additional>
            <other>
                <chief>
                    <lastName>Сидоров</lastName>
                    <firstName>Александр</firstName>
                    <middleName>Валериевич</middleName>
                    <position>командир войсковой части 6901</position>
                </chief>
                <founder>
                    <regNum>0173100000062</regNum>
                    <fullName>Министерство внутренних дел Российской Федерации</fullName>
                </founder>
            </other>
            <document>
                <name>20120413_110402</name>
                <date>2011-06-24+04:00</date>
                <url>http://bus.gov.ru/public/download/download.html?id=2600442</url>
                <type>E</type>
            </document>
            <document>
                <name>20120413_111343</name>
                <date>2011-06-24+04:00</date>
                <url>http://bus.gov.ru/public/download/download.html?id=2600489</url>
                <type>E</type>
            </document>
            <document>
                <name>20120413_113446п6</name>
                <date>2011-06-12+04:00</date>
                <url>http://bus.gov.ru/public/download/download.html?id=2601068</url>
                <type>F</type>
            </document>
            <document>
                <name>20120413_1106412</name>
                <date>2012-01-27+04:00</date>
                <url>http://bus.gov.ru/public/download/download.html?id=2601416</url>
                <type>S</type>
            </document>
            <document>
                <name>20120413_1107593</name>
                <date>2012-01-27+04:00</date>
                <url>http://bus.gov.ru/public/download/download.html?id=2601491</url>
                <type>S</type>
            </document>
            <document>
                <name>20120413_112175п3</name>
                <date>2011-06-12+04:00</date>
                <url>http://bus.gov.ru/public/download/download.html?id=2600782</url>
                <type>F</type>
            </document>
            <document>
                <name>20120413_113926п9</name>
                <date>2011-06-12+04:00</date>
                <url>http://bus.gov.ru/public/download/download.html?id=2601256</url>
                <type>F</type>
            </document>
            <document>
                <name>20120413_114032п10</name>
                <date>2011-06-12+04:00</date>
                <url>http://bus.gov.ru/public/download/download.html?id=2601282</url>
                <type>F</type>
            </document>
            <document>
                <name>20120413_113246п5</name>
                <date>2011-06-12+04:00</date>
                <url>http://bus.gov.ru/public/download/download.html?id=2601022</url>
                <type>F</type>
            </document>
            <document>
                <name>20120413_113056п4</name>
                <date>2011-06-12+04:00</date>
                <url>http://bus.gov.ru/public/download/download.html?id=2600907</url>
                <type>F</type>
            </document>
            <document>
                <name>20120413_113648п7</name>
                <date>2011-06-12+04:00</date>
                <url>http://bus.gov.ru/public/download/download.html?id=2601105</url>
                <type>F</type>
            </document>
            <document>
                <name>20120413_111448</name>
                <date>2012-02-28+04:00</date>
                <url>http://bus.gov.ru/public/download/download.html?id=2600621</url>
                <type>E</type>
            </document>
            <document>
                <name>20120413_112151п1</name>
                <date>2011-06-12+04:00</date>
                <url>http://bus.gov.ru/public/download/download.html?id=2600672</url>
                <type>F</type>
            </document>
            <document>
                <name>20120413_112349п2</name>
                <date>2011-06-12+04:00</date>
                <url>http://bus.gov.ru/public/download/download.html?id=2600739</url>
                <type>F</type>
            </document>
            <document>
                <name>20120413_113806п8</name>
                <date>2011-06-12+04:00</date>
                <url>http://bus.gov.ru/public/download/download.html?id=2601241</url>
                <type>F</type>
            </document>
            <document>
                <name>20120413_1105271</name>
                <date>2012-01-27+04:00</date>
                <url>http://bus.gov.ru/public/download/download.html?id=2601387</url>
                <type>S</type>
            </document>
        </ns2:position>
    
<ns2:position xmlns:ns2="http://bus.gov.ru/external/1" xmlns="http://bus.gov.ru/types/1" xmlns:xsi="http://www.w3.org/2001/XMLSchema-instance" xmlns:ns3="http://bus.gov.ru/fk/1">
            <positionId>b7f502cc-12f8-4059-b3a4-c2c4d8c8a256</positionId>
            <changeDate>2012-04-17T14:32:40.479+04:00</changeDate>
            <placer>
                <regNum>0844100000007</regNum>
                <fullName>федеральное казенное учреждение здравоохранения "Медико-санитарная часть Министерства внутренних дел Российской Федерации по Курской области"</fullName>
                <inn>4632061510</inn>
                <kpp>463201001</kpp>
            </placer>
            <initiator>
                <regNum>0844100000007</regNum>
                <fullName>федеральное казенное учреждение здравоохранения "Медико-санитарная часть Министерства внутренних дел Российской Федерации по Курской области"</fullName>
                <inn>4632061510</inn>
                <kpp>463201001</kpp>
            </initiator>
            <versionNumber>2</versionNumber>
            <main>
                <shortName>ФКУЗ "МСЧ МВД России по Курской области"</shortName>
                <ogrn>1064632013280</ogrn>
                <rbs>
                    <regNum>0144100000082</regNum>
                    <fullName>Управление Министерства внутренних дел Российской Федерации по Курской области</fullName>
                </rbs>
                <grbs>
                    <regNum>0173100000054</regNum>
                    <fullName>Министерство внутренних дел Российской Федерации</fullName>
                </grbs>
                <orgType>08</orgType>
                <classifier>
                    <okfs>
                        <code>12</code>
                        <name>Федеральная собственность</name>
                    </okfs>
                    <okopf>
                        <code>72</code>
                        <name>Бюджетные учреждения</name>
                    </okopf>
                    <okogu>
                        <code>1310500</code>
                        <name>Министерство внутренних дел Российской Федерации</name>
                    </okogu>
                    <okpo>
                        <code>08585247</code>
                    </okpo>
                    <okato>
                        <code>38401000000</code>
                        <name>Курск</name>
                    </okato>
                    <okved>
                        <code>85.14.1</code>
                        <name>Деятельность среднего медицинского персонала</name>
                        <type>O</type>
                    </okved>
                    <okved>
                        <code>85.14.3</code>
                        <name>Деятельность медицинских лабораторий</name>
                        <type>O</type>
                    </okved>
                    <okved>
                        <code>85.11.1</code>
                        <name>Деятельность больничных учреждений широкого профиля и специализированных</name>
                        <type>C</type>
                    </okved>
                    <okved>
                        <code>85.13</code>
                        <name>Стоматологическая практика</name>
                        <type>O</type>
                    </okved>
                    <okved>
                        <code>85.12</code>
                        <name>Врачебная практика</name>
                        <type>O</type>
                    </okved>
                </classifier>
                <address>
                    <zip>305029</zip>
                    <subject>
                        <code>46000000000</code>
                        <name>Курская обл</name>
                    </subject>
                    <city>
                        <code>46000001000</code>
                        <name>Курск г</name>
                    </city>
                    <street>
                        <name>Красный Октябрь ул</name>
                    </street>
                    <building>4</building>
                </address>
            </main>
            <additional>
                <institutionType>
                    <code>0509000</code>
                    <name>Медико-санитарная часть, в том числе центральная</name>
                </institutionType>
                <ppo>
                    <code>00000000000</code>
                    <name>Российская Федерация</name>
                    <okato>
                        <code>00000000000</code>
                        <name>Объекты административно-территориального деления, кроме сельских населенных пунктов</name>
                    </okato>
                    <oktmo>
                        <code>38701000</code>
                        <name>- город Курск</name>
                    </oktmo>
                </ppo>
                <phone>7-4712-537494</phone>
                <section>188</section>
                <oktmo>
                    <code>38701000</code>
                    <name>- город Курск</name>
                </oktmo>
                <activity>
                    <okved>
                        <code>85.14.1</code>
                        <name>Деятельность среднего медицинского персонала</name>
                    </okved>
                    <name>Деятельность среднего медицинского персонала</name>
                </activity>
                <activity>
                    <okved>
                        <code>85.14.3</code>
                        <name>Деятельность медицинских лабораторий</name>
                    </okved>
                    <name>Деятельность медицинских лабораторий</name>
                </activity>
                <activity>
                    <okved>
                        <code>85.11.1</code>
                        <name>Деятельность больничных учреждений широкого профиля и специализированных</name>
                    </okved>
                    <name>Деятельность больничных учреждений широкого профиля и специализированных</name>
                </activity>
                <activity>
                    <okved>
                        <code>85.13</code>
                        <name>Стоматологическая практика</name>
                    </okved>
                    <name>Стоматологическая практика</name>
                </activity>
                <activity>
                    <okved>
                        <code>85.12</code>
                        <name>Врачебная практика</name>
                    </okved>
                    <name>Врачебная практика</name>
                </activity>
                <eMail>msch@sovtest.ru</eMail>
            </additional>
            <other>
                <chief>
                    <lastName>Лапшов</lastName>
                    <firstName>Андрей</firstName>
                    <middleName>Фёдорович</middleName>
                    <position>Начальник</position>
                </chief>
                <founder>
                    <regNum>0173100000062</regNum>
                    <fullName>Министерство здравоохранения и социального развития Российской Федерации</fullName>
                </founder>
            </other>
            <document>
                <name>Устав</name>
                <date>2005-12-30+03:00</date>
                <url>http://bus.gov.ru/public/download/download.html?id=2555807</url>
                <type>F</type>
            </document>
            <document>
                <name>Св-во о внесении в ЕГРЮЛ</name>
                <date>2011-08-08+04:00</date>
                <url>http://bus.gov.ru/public/download/download.html?id=2555808</url>
                <type>E</type>
            </document>
            <document>
                <name>Свидетельство о постановке на учет в налоговом органе</name>
                <date>2006-02-08+03:00</date>
                <url>http://bus.gov.ru/public/download/download.html?id=2555809</url>
                <type>E</type>
            </document>
            <document>
                <name>825</name>
                <date>2012-03-30+04:00</date>
                <url>http://bus.gov.ru/public/download/download.html?id=2555810</url>
                <type>O</type>
            </document>
            <document>
                <name>Выписка из приказа</name>
                <date>2011-07-25+04:00</date>
                <url>http://bus.gov.ru/public/download/download.html?id=2555811</url>
                <type>S</type>
            </document>
            <document>
                <name>Сведения о принятых бюджетных обязательств</name>
                <date>2012-04-03+04:00</date>
                <url>http://bus.gov.ru/public/download/download.html?id=2555812</url>
                <type>O</type>
            </document>
        </ns2:position>
    
<ns2:position xmlns:ns2="http://bus.gov.ru/external/1" xmlns="http://bus.gov.ru/types/1" xmlns:xsi="http://www.w3.org/2001/XMLSchema-instance" xmlns:ns3="http://bus.gov.ru/fk/1">
            <positionId>03ce918b-5bc8-400a-a635-6269de4356c9</positionId>
            <changeDate>2012-04-18T10:52:25.826+04:00</changeDate>
            <placer>
                <regNum>0344100000016</regNum>
                <fullName>Войсковая часть 3527</fullName>
                <inn>4634003584</inn>
                <kpp>463401001</kpp>
            </placer>
            <initiator>
                <regNum>0344100000016</regNum>
                <fullName>Войсковая часть 3527</fullName>
                <inn>4634003584</inn>
                <kpp>463401001</kpp>
            </initiator>
            <versionNumber>0</versionNumber>
            <main>
                <shortName>ФКУ "Войсковая часть 3527"</shortName>
                <ogrn>1024601278789</ogrn>
                <rbs>
                    <regNum>0366100000014</regNum>
                    <fullName>Войсковая часть 5580</fullName>
                </rbs>
                <grbs>
                    <regNum>0173100000054</regNum>
                    <fullName>Министерство внутренних дел Российской Федерации</fullName>
                </grbs>
                <orgType>08</orgType>
                <classifier>
                    <okfs>
                        <code>12</code>
                        <name>Федеральная собственность</name>
                    </okfs>
                    <okopf>
                        <code>81</code>
                        <name>Учреждения</name>
                    </okopf>
                    <okogu>
                        <code>1310500</code>
                        <name>Министерство внутренних дел Российской Федерации</name>
                    </okogu>
                    <okpo>
                        <code>08577911</code>
                    </okpo>
                    <okato>
                        <code>38408000000</code>
                        <name>Курчатов</name>
                    </okato>
                    <okved>
                        <code>75.22</code>
                        <name>Деятельность, связанная с обеспечением военной безопасности</name>
                        <type>C</type>
                    </okved>
                </classifier>
                <address>
                    <zip>307250</zip>
                    <subject>
                        <code>46000000000</code>
                        <name>Курская</name>
                    </subject>
                    <region>
                        <code>46012000000</code>
                        <name>Курчатовский</name>
                    </region>
                    <city>
                        <code>46012001000</code>
                        <name>Курчатов</name>
                    </city>
                    <street>
                        <name>Садовая</name>
                    </street>
                    <building>51/1</building>
                </address>
            </main>
            <additional>
                <institutionType>
                    <code>0907000</code>
                    <name>Воинская часть</name>
                </institutionType>
                <ppo>
                    <code>00000000000</code>
                    <name>Российская Федерация</name>
                    <okato>
                        <code>00000000000</code>
                        <name>Объекты административно-территориального деления, кроме сельских населенных пунктов</name>
                    </okato>
                    <oktmo>
                        <code>38708000</code>
                        <name>- город Курчатов</name>
                    </oktmo>
                </ppo>
                <phone>8-47131-40517</phone>
                <section>188</section>
                <oktmo>
                    <code>38708000</code>
                    <name>- город Курчатов</name>
                </oktmo>
                <activity>
                    <okved>
                        <code>75.22</code>
                        <name>Деятельность, связанная с обеспечением военной безопасности</name>
                    </okved>
                    <name>обеспечение военной безопасности</name>
                </activity>
                <eMail>fsvch3527@mail.ru</eMail>
            </additional>
            <other>
                <chief>
                    <lastName>Кривошеин</lastName>
                    <firstName>Александр</firstName>
                    <middleName>Васильевич</middleName>
                    <position>командир войсковой части 3527</position>
                </chief>
                <founder>
                    <regNum>0173100000062</regNum>
                    <fullName>Министерство внутренних дел Российской Федерации</fullName>
                </founder>
            </other>
            <document>
                <name>Выписка из приказа командующего войсками Московского округа внутренних войск МВД РФ</name>
                <date>2006-11-01+03:00</date>
                <url>http://bus.gov.ru/public/download/download.html?id=2620031</url>
                <type>S</type>
            </document>
            <document>
                <name>Свидетельство о внесении записи в Единый государственный реестр юридических лиц</name>
                <date>2011-12-07+04:00</date>
                <url>http://bus.gov.ru/public/download/download.html?id=2619788</url>
                <type>E</type>
            </document>
            <document>
                <name>положение о Федеральном казенном учреждении "Войсковая часть 3527"</name>
                <date>2011-11-22+04:00</date>
                <url>http://bus.gov.ru/public/download/download.html?id=2618864</url>
                <type>F</type>
            </document>
        </ns2:position>
    
<ns2:position xmlns:ns2="http://bus.gov.ru/external/1" xmlns="http://bus.gov.ru/types/1" xmlns:xsi="http://www.w3.org/2001/XMLSchema-instance" xmlns:ns3="http://bus.gov.ru/fk/1">
            <positionId>59fbd897-fb6e-41b7-b07a-8e2ddeb7c50f</positionId>
            <changeDate>2012-05-15T15:59:56.297+04:00</changeDate>
            <placer>
                <regNum>0844100000001</regNum>
                <fullName>федеральное казенное учреждение "Западная база хранения ресурсов Министерства внутренних дел Российской Федерации"</fullName>
                <inn>4630013623</inn>
                <kpp>463201001</kpp>
            </placer>
            <initiator>
                <regNum>0844100000001</regNum>
                <fullName>федеральное казенное учреждение "Западная база хранения ресурсов Министерства внутренних дел Российской Федерации"</fullName>
                <inn>4630013623</inn>
                <kpp>463201001</kpp>
            </initiator>
            <versionNumber>1</versionNumber>
            <main>
                <shortName>ФКУ "ЗБХР МВД России"</shortName>
                <ogrn>1024600974199</ogrn>
                <rbs>
                    <regNum>0373100001245</regNum>
                    <fullName>федеральное казенное учреждение "Центральное окружное управление материально-технического снабжения Министерства внутренних дел Российской Федерации"</fullName>
                </rbs>
                <grbs>
                    <regNum>0173100000054</regNum>
                    <fullName>Министерство внутренних дел Российской Федерации</fullName>
                </grbs>
                <orgType>08</orgType>
                <classifier>
                    <okfs>
                        <code>12</code>
                        <name>Федеральная собственность</name>
                    </okfs>
                    <okopf>
                        <code>72</code>
                        <name>Бюджетные учреждения</name>
                    </okopf>
                    <okogu>
                        <code>1310500</code>
                        <name>Министерство внутренних дел Российской Федерации</name>
                    </okogu>
                    <okpo>
                        <code>08570524</code>
                    </okpo>
                    <okato>
                        <code>38401000000</code>
                        <name>Курск</name>
                    </okato>
                    <okved>
                        <code>75.24.1</code>
                        <name>Деятельность органов внутренних дел</name>
                        <type>C</type>
                    </okved>
                    <okved>
                        <code>75.14</code>
                        <name>Вспомогательная деятельность в области государственного управления</name>
                        <type>O</type>
                    </okved>
                </classifier>
                <address>
                    <zip>305023</zip>
                    <subject>
                        <code>46000000000</code>
                        <name>Курская обл</name>
                    </subject>
                    <city>
                        <code>46000001000</code>
                        <name>Курск г</name>
                    </city>
                    <street>
                        <name>Литовская ул</name>
                    </street>
                    <building>2/3</building>
                </address>
            </main>
            <additional>
                <institutionType>
                    <code>9900000</code>
                    <name>Прочие</name>
                </institutionType>
                <ppo>
                    <code>00000000000</code>
                    <name>Российская Федерация</name>
                    <okato>
                        <code>00000000000</code>
                        <name>Объекты административно-территориального деления, кроме сельских населенных пунктов</name>
                    </okato>
                    <oktmo>
                        <code>45900000</code>
                        <name>Внутригородские территории города Москвы (см. также 45 300 000)/</name>
                    </oktmo>
                </ppo>
                <phone>7-4712-358623</phone>
                <www>http://https://bus.gov.ru</www>
                <section>188</section>
                <oktmo>
                    <code>38701000</code>
                    <name>- город Курск</name>
                </oktmo>
                <activity>
                    <okved>
                        <code>75.14</code>
                        <name>Вспомогательная деятельность в области государственного управления</name>
                    </okved>
                    <name>Вспомогательная деятельность в области государственного управления</name>
                </activity>
                <activity>
                    <okved>
                        <code>75.24.1</code>
                        <name>Деятельность органов внутренних дел</name>
                    </okved>
                    <name>Деятельность органов внутренних дел</name>
                </activity>
                <eMail>kyrsk-123@mail.ru</eMail>
            </additional>
            <other>
                <chief>
                    <lastName>Морозов</lastName>
                    <firstName>Александр</firstName>
                    <middleName>Алексеевич</middleName>
                    <position>Начальник</position>
                </chief>
                <founder>
                    <regNum>0173100000062</regNum>
                    <fullName>Министерство внутренних дел Российской Федерации</fullName>
                </founder>
            </other>
            <document>
                <name>Приказ о назначении руководства</name>
                <date>2001-02-12+03:00</date>
                <url>http://bus.gov.ru/public/download/download.html?id=3154111</url>
                <type>S</type>
            </document>
            <document>
                <name>Устав</name>
                <date>2010-03-03+03:00</date>
                <url>http://bus.gov.ru/public/download/download.html?id=3154112</url>
                <type>F</type>
            </document>
            <document>
                <name>Свидетельство ЕГРЮЛ</name>
                <date>2011-07-27+04:00</date>
                <url>http://bus.gov.ru/public/download/download.html?id=3154110</url>
                <type>E</type>
            </document>
        </ns2:position>
    

    </ns2:body>
    </ns2:institutionInfo>        
        