<?xml version="1.0" encoding="UTF-8" standalone="yes"?>
<ns2:institutionInfo xsi:schemaLocation="http://bus.gov.ru/public/schema/TFF-0.1.3.1/External.xsd" xmlns="http://bus.gov.ru/types/1" xmlns:ns2="http://bus.gov.ru/external/1" xmlns:xsi="http://www.w3.org/2001/XMLSchema-instance" xmlns:ns3="http://bus.gov.ru/fk/1">
    <ns2:body>                        
	<ns2:position xmlns:ns2="http://bus.gov.ru/external/1" xmlns="http://bus.gov.ru/types/1" xmlns:xsi="http://www.w3.org/2001/XMLSchema-instance" xmlns:ns3="http://bus.gov.ru/fk/1">
            <positionId>728846d8-ce90-4f0d-bb86-ac14ca260437</positionId>
            <changeDate>2012-06-05T11:49:48.433+04:00</changeDate>
            <placer>
                <regNum>0846100000003</regNum>
                <fullName>федеральное казенное учреждение здравоохранения "Медико-санитарная часть Министерства внутренних дел Российской Федерации по Липецкой области"</fullName>
                <inn>4826049889</inn>
                <kpp>482601001</kpp>
            </placer>
            <initiator>
                <regNum>0846100000003</regNum>
                <fullName>федеральное казенное учреждение здравоохранения "Медико-санитарная часть Министерства внутренних дел Российской Федерации по Липецкой области"</fullName>
                <inn>4826049889</inn>
                <kpp>482601001</kpp>
            </initiator>
            <versionNumber>3</versionNumber>
            <main>
                <shortName>ФКУЗ "МСЧ МВД России по Липецкой области"</shortName>
                <ogrn>1064823010757</ogrn>
                <rbs>
                    <regNum>0146100000027</regNum>
                    <fullName>Управление Министерства внутренних дел Российской Федерации по Липецкой области</fullName>
                </rbs>
                <grbs>
                    <regNum>0146100000027</regNum>
                    <fullName>Управление Министерства внутренних дел Российской Федерации по Липецкой области</fullName>
                </grbs>
                <orgType>08</orgType>
                <classifier>
                    <okfs>
                        <code>12</code>
                        <name>Федеральная собственность</name>
                    </okfs>
                    <okopf>
                        <code>72</code>
                        <name>Бюджетные учреждения</name>
                    </okopf>
                    <okogu>
                        <code>1310500</code>
                        <name>Министерство внутренних дел Российской Федерации</name>
                    </okogu>
                    <okpo>
                        <code>08804577</code>
                    </okpo>
                    <okato>
                        <code>42401000000</code>
                        <name>Липецк</name>
                    </okato>
                    <okved>
                        <code>85.14.1</code>
                        <name>Деятельность среднего медицинского персонала</name>
                        <type>O</type>
                    </okved>
                    <okved>
                        <code>85.12</code>
                        <name>Врачебная практика</name>
                        <type>O</type>
                    </okved>
                    <okved>
                        <code>85.14.3</code>
                        <name>Деятельность медицинских лабораторий</name>
                        <type>O</type>
                    </okved>
                    <okved>
                        <code>85.13</code>
                        <name>Стоматологическая практика</name>
                        <type>O</type>
                    </okved>
                    <okved>
                        <code>85.32</code>
                        <name>Предоставление социальных услуг без обеспечения проживания</name>
                        <type>O</type>
                    </okved>
                    <okved>
                        <code>85.11.1</code>
                        <name>Деятельность больничных учреждений широкого профиля и специализированных</name>
                        <type>C</type>
                    </okved>
                    <okved>
                        <code>85.14.5</code>
                        <name>Деятельность учреждений санитарно-эпидемиологической службы</name>
                        <type>O</type>
                    </okved>
                    <okved>
                        <code>85.14.2</code>
                        <name>Деятельность вспомогательного стоматологического персонала</name>
                        <type>O</type>
                    </okved>
                </classifier>
                <address>
                    <zip>398035</zip>
                    <subject>
                        <code>48000000000</code>
                        <name>Липецкая обл</name>
                    </subject>
                    <city>
                        <code>48000001000</code>
                        <name>Липецк г</name>
                    </city>
                    <street>
                        <code>480000010000609</code>
                        <name>Циолковского ул</name>
                    </street>
                    <building>20</building>
                </address>
            </main>
            <additional>
                <institutionType>
                    <code>0509000</code>
                    <name>Медико-санитарная часть, в том числе центральная</name>
                </institutionType>
                <ppo>
                    <code>00000000000</code>
                    <name>Российская Федерация</name>
                    <okato>
                        <code>00000000000</code>
                        <name>Объекты административно-территориального деления, кроме сельских населенных пунктов</name>
                    </okato>
                    <oktmo>
                        <code>42701000</code>
                        <name>- Город Липецк</name>
                    </oktmo>
                </ppo>
                <phone>7-4742-748850</phone>
                <www>http://www.mch-mvd48.okis.ru</www>
                <section>188</section>
                <oktmo>
                    <code>42701000</code>
                    <name>- Город Липецк</name>
                </oktmo>
                <activity>
                    <okved>
                        <code>85.14.1</code>
                        <name>Деятельность среднего медицинского персонала</name>
                    </okved>
                    <name>Деятельность среднего медицинского персонала</name>
                </activity>
                <activity>
                    <okved>
                        <code>85.12</code>
                        <name>Врачебная практика</name>
                    </okved>
                    <name>Врачебная практика</name>
                </activity>
                <activity>
                    <okved>
                        <code>85.14.3</code>
                        <name>Деятельность медицинских лабораторий</name>
                    </okved>
                    <name>Деятельность медицинских лабораторий</name>
                </activity>
                <activity>
                    <okved>
                        <code>85.13</code>
                        <name>Стоматологическая практика</name>
                    </okved>
                    <name>Стоматологическая практика</name>
                </activity>
                <activity>
                    <okved>
                        <code>85.32</code>
                        <name>Предоставление социальных услуг без обеспечения проживания</name>
                    </okved>
                    <name>Предоставление социальных услуг без обеспечения проживания</name>
                </activity>
                <activity>
                    <okved>
                        <code>85.11.1</code>
                        <name>Деятельность больничных учреждений широкого профиля и специализированных</name>
                    </okved>
                    <name>Деятельность больничных учреждений широкого профиля и специализированных</name>
                </activity>
                <activity>
                    <okved>
                        <code>85.14.5</code>
                        <name>Деятельность учреждений санитарно-эпидемиологической службы</name>
                    </okved>
                    <name>Деятельность учреждений санитарно-эпидемиологической службы</name>
                </activity>
                <activity>
                    <okved>
                        <code>85.14.2</code>
                        <name>Деятельность вспомогательного стоматологического персонала</name>
                    </okved>
                    <name>Деятельность вспомогательного стоматологического персонала</name>
                </activity>
                <eMail>mchuvd48@mail.ru</eMail>
            </additional>
            <other>
                <chief>
                    <lastName>Солуянов</lastName>
                    <firstName>Александр</firstName>
                    <middleName>Евгеньевич</middleName>
                    <position>Начальник</position>
                </chief>
                <founder>
                    <regNum>0173100000062</regNum>
                    <fullName>Главный центр обеспечения ресурсами Министерства внутренних дел Российской Федерации</fullName>
                </founder>
            </other>
            <document>
                <name>Приказ о назначении начальника</name>
                <date>2012-03-05+04:00</date>
                <url>http://bus.gov.ru/public/download/download.html?id=3876151</url>
                <type>S</type>
            </document>
            <document>
                <name>Устав МСЧ</name>
                <date>2012-03-05+04:00</date>
                <url>http://bus.gov.ru/public/download/download.html?id=3876152</url>
                <type>F</type>
            </document>
            <document>
                <name>Свидетельство о регистрации</name>
                <date>2012-03-05+04:00</date>
                <url>http://bus.gov.ru/public/download/download.html?id=3876153</url>
                <type>E</type>
            </document>
            <document>
                <name>Свидетельство о внесении изменений</name>
                <date>2012-03-05+04:00</date>
                <url>http://bus.gov.ru/public/download/download.html?id=3876154</url>
                <type>E</type>
            </document>
        </ns2:position>
    
<ns2:position xmlns:ns2="http://bus.gov.ru/external/1" xmlns="http://bus.gov.ru/types/1" xmlns:xsi="http://www.w3.org/2001/XMLSchema-instance" xmlns:ns3="http://bus.gov.ru/fk/1">
            <positionId>728846d8-ce90-4f0d-bb86-ac14ca260437</positionId>
            <changeDate>2012-06-05T11:49:48.433+04:00</changeDate>
            <placer>
                <regNum>0846100000003</regNum>
                <fullName>федеральное казенное учреждение здравоохранения "Медико-санитарная часть Министерства внутренних дел Российской Федерации по Липецкой области"</fullName>
                <inn>4826049889</inn>
                <kpp>482601001</kpp>
            </placer>
            <initiator>
                <regNum>0846100000003</regNum>
                <fullName>федеральное казенное учреждение здравоохранения "Медико-санитарная часть Министерства внутренних дел Российской Федерации по Липецкой области"</fullName>
                <inn>4826049889</inn>
                <kpp>482601001</kpp>
            </initiator>
            <versionNumber>3</versionNumber>
            <main>
                <shortName>ФКУЗ "МСЧ МВД России по Липецкой области"</shortName>
                <ogrn>1064823010757</ogrn>
                <rbs>
                    <regNum>0146100000027</regNum>
                    <fullName>Управление Министерства внутренних дел Российской Федерации по Липецкой области</fullName>
                </rbs>
                <grbs>
                    <regNum>0146100000027</regNum>
                    <fullName>Управление Министерства внутренних дел Российской Федерации по Липецкой области</fullName>
                </grbs>
                <orgType>08</orgType>
                <classifier>
                    <okfs>
                        <code>12</code>
                        <name>Федеральная собственность</name>
                    </okfs>
                    <okopf>
                        <code>72</code>
                        <name>Бюджетные учреждения</name>
                    </okopf>
                    <okogu>
                        <code>1310500</code>
                        <name>Министерство внутренних дел Российской Федерации</name>
                    </okogu>
                    <okpo>
                        <code>08804577</code>
                    </okpo>
                    <okato>
                        <code>42401000000</code>
                        <name>Липецк</name>
                    </okato>
                    <okved>
                        <code>85.14.1</code>
                        <name>Деятельность среднего медицинского персонала</name>
                        <type>O</type>
                    </okved>
                    <okved>
                        <code>85.12</code>
                        <name>Врачебная практика</name>
                        <type>O</type>
                    </okved>
                    <okved>
                        <code>85.14.3</code>
                        <name>Деятельность медицинских лабораторий</name>
                        <type>O</type>
                    </okved>
                    <okved>
                        <code>85.13</code>
                        <name>Стоматологическая практика</name>
                        <type>O</type>
                    </okved>
                    <okved>
                        <code>85.32</code>
                        <name>Предоставление социальных услуг без обеспечения проживания</name>
                        <type>O</type>
                    </okved>
                    <okved>
                        <code>85.11.1</code>
                        <name>Деятельность больничных учреждений широкого профиля и специализированных</name>
                        <type>C</type>
                    </okved>
                    <okved>
                        <code>85.14.5</code>
                        <name>Деятельность учреждений санитарно-эпидемиологической службы</name>
                        <type>O</type>
                    </okved>
                    <okved>
                        <code>85.14.2</code>
                        <name>Деятельность вспомогательного стоматологического персонала</name>
                        <type>O</type>
                    </okved>
                </classifier>
                <address>
                    <zip>398035</zip>
                    <subject>
                        <code>48000000000</code>
                        <name>Липецкая обл</name>
                    </subject>
                    <city>
                        <code>48000001000</code>
                        <name>Липецк г</name>
                    </city>
                    <street>
                        <code>480000010000609</code>
                        <name>Циолковского ул</name>
                    </street>
                    <building>20</building>
                </address>
            </main>
            <additional>
                <institutionType>
                    <code>0509000</code>
                    <name>Медико-санитарная часть, в том числе центральная</name>
                </institutionType>
                <ppo>
                    <code>00000000000</code>
                    <name>Российская Федерация</name>
                    <okato>
                        <code>00000000000</code>
                        <name>Объекты административно-территориального деления, кроме сельских населенных пунктов</name>
                    </okato>
                    <oktmo>
                        <code>42701000</code>
                        <name>- Город Липецк</name>
                    </oktmo>
                </ppo>
                <phone>7-4742-748850</phone>
                <www>http://www.mch-mvd48.okis.ru</www>
                <section>188</section>
                <oktmo>
                    <code>42701000</code>
                    <name>- Город Липецк</name>
                </oktmo>
                <activity>
                    <okved>
                        <code>85.14.1</code>
                        <name>Деятельность среднего медицинского персонала</name>
                    </okved>
                    <name>Деятельность среднего медицинского персонала</name>
                </activity>
                <activity>
                    <okved>
                        <code>85.12</code>
                        <name>Врачебная практика</name>
                    </okved>
                    <name>Врачебная практика</name>
                </activity>
                <activity>
                    <okved>
                        <code>85.14.3</code>
                        <name>Деятельность медицинских лабораторий</name>
                    </okved>
                    <name>Деятельность медицинских лабораторий</name>
                </activity>
                <activity>
                    <okved>
                        <code>85.13</code>
                        <name>Стоматологическая практика</name>
                    </okved>
                    <name>Стоматологическая практика</name>
                </activity>
                <activity>
                    <okved>
                        <code>85.32</code>
                        <name>Предоставление социальных услуг без обеспечения проживания</name>
                    </okved>
                    <name>Предоставление социальных услуг без обеспечения проживания</name>
                </activity>
                <activity>
                    <okved>
                        <code>85.11.1</code>
                        <name>Деятельность больничных учреждений широкого профиля и специализированных</name>
                    </okved>
                    <name>Деятельность больничных учреждений широкого профиля и специализированных</name>
                </activity>
                <activity>
                    <okved>
                        <code>85.14.5</code>
                        <name>Деятельность учреждений санитарно-эпидемиологической службы</name>
                    </okved>
                    <name>Деятельность учреждений санитарно-эпидемиологической службы</name>
                </activity>
                <activity>
                    <okved>
                        <code>85.14.2</code>
                        <name>Деятельность вспомогательного стоматологического персонала</name>
                    </okved>
                    <name>Деятельность вспомогательного стоматологического персонала</name>
                </activity>
                <eMail>mchuvd48@mail.ru</eMail>
            </additional>
            <other>
                <chief>
                    <lastName>Солуянов</lastName>
                    <firstName>Александр</firstName>
                    <middleName>Евгеньевич</middleName>
                    <position>Начальник</position>
                </chief>
                <founder>
                    <regNum>0173100000062</regNum>
                    <fullName>Главный центр обеспечения ресурсами Министерства внутренних дел Российской Федерации</fullName>
                </founder>
            </other>
            <document>
                <name>Приказ о назначении начальника</name>
                <date>2012-03-05+04:00</date>
                <url>http://bus.gov.ru/public/download/download.html?id=3876151</url>
                <type>S</type>
            </document>
            <document>
                <name>Устав МСЧ</name>
                <date>2012-03-05+04:00</date>
                <url>http://bus.gov.ru/public/download/download.html?id=3876152</url>
                <type>F</type>
            </document>
            <document>
                <name>Свидетельство о регистрации</name>
                <date>2012-03-05+04:00</date>
                <url>http://bus.gov.ru/public/download/download.html?id=3876153</url>
                <type>E</type>
            </document>
            <document>
                <name>Свидетельство о внесении изменений</name>
                <date>2012-03-05+04:00</date>
                <url>http://bus.gov.ru/public/download/download.html?id=3876154</url>
                <type>E</type>
            </document>
        </ns2:position>
    

    </ns2:body>
    </ns2:institutionInfo>        
        