<?xml version="1.0" encoding="UTF-8" standalone="yes"?>
<ns2:institutionInfo xsi:schemaLocation="http://bus.gov.ru/public/schema/TFF-0.1.3.1/External.xsd" xmlns="http://bus.gov.ru/types/1" xmlns:ns2="http://bus.gov.ru/external/1" xmlns:xsi="http://www.w3.org/2001/XMLSchema-instance" xmlns:ns3="http://bus.gov.ru/fk/1">
    <ns2:body>                        
	<ns2:position xmlns:ns2="http://bus.gov.ru/external/1" xmlns="http://bus.gov.ru/types/1" xmlns:xsi="http://www.w3.org/2001/XMLSchema-instance" xmlns:ns3="http://bus.gov.ru/fk/1">
            <positionId>541dfba8-2d90-46b3-945f-f6e6a01106d6</positionId>
            <changeDate>2012-06-28T16:58:38.862+04:00</changeDate>
            <placer>
                <regNum>0348100000134</regNum>
                <fullName>федеральное казенное учреждение здравоохранения "Санаторий-профилакторий "Федосьино" внутренних войск Министерства внутренних дел Российской Федерации"</fullName>
                <inn>5004002632</inn>
                <kpp>500401001</kpp>
            </placer>
            <initiator>
                <regNum>0348100000134</regNum>
                <fullName>федеральное казенное учреждение здравоохранения "Санаторий-профилакторий "Федосьино" внутренних войск Министерства внутренних дел Российской Федерации"</fullName>
                <inn>5004002632</inn>
                <kpp>500401001</kpp>
            </initiator>
            <versionNumber>0</versionNumber>
            <main>
                <shortName>ФКУЗ "Санаторий-профилакторий "Федосьино" ВВ МВД России"</shortName>
                <ogrn>1025000845825</ogrn>
                <rbs>
                    <regNum>0173100000062</regNum>
                    <fullName>Министерство внутренних дел Российской Федерации</fullName>
                </rbs>
                <grbs>
                    <regNum>0173100000062</regNum>
                    <fullName>Министерство внутренних дел Российской Федерации</fullName>
                </grbs>
                <orgType>08</orgType>
                <classifier>
                    <okfs>
                        <code>12</code>
                        <name>Федеральная собственность</name>
                    </okfs>
                    <okopf>
                        <code>72</code>
                        <name>Бюджетные учреждения</name>
                    </okopf>
                    <okogu>
                        <code>1310500</code>
                        <name>Министерство внутренних дел Российской Федерации</name>
                    </okogu>
                    <okpo>
                        <code>08610554</code>
                    </okpo>
                    <okato>
                        <code>46205831000</code>
                        <name>Осташевский</name>
                    </okato>
                    <okved>
                        <code>85.11.2</code>
                        <name>Деятельность санаторно-курортных учреждений</name>
                        <type>C</type>
                    </okved>
                    <okved>
                        <code>75.24</code>
                        <name>Деятельность по обеспечению общественного порядка и безопасности</name>
                        <type>O</type>
                    </okved>
                </classifier>
                <address>
                    <zip>143623</zip>
                    <subject>
                        <code>50000000000</code>
                        <name>Московская обл</name>
                    </subject>
                    <region>
                        <code>50003000000</code>
                        <name>Волоколамский р-н</name>
                    </region>
                    <locality>
                        <code>50003000091</code>
                        <name>Княжево д</name>
                    </locality>
                </address>
            </main>
            <additional>
                <institutionType>
                    <code>0500000</code>
                    <name>Здравоохранение</name>
                </institutionType>
                <ppo>
                    <code>00000000000</code>
                    <name>Российская Федерация</name>
                    <okato>
                        <code>00000000000</code>
                        <name>Объекты административно-территориального деления, кроме сельских населенных пунктов</name>
                    </okato>
                    <oktmo>
                        <code>46605431</code>
                        <name>- Осташевское</name>
                    </oktmo>
                </ppo>
                <phone>8-499-5049555</phone>
                <www>http://fedosino.narod.ru</www>
                <section>188</section>
                <oktmo>
                    <code>46605431</code>
                    <name>- Осташевское</name>
                </oktmo>
                <activity>
                    <okved>
                        <code>85.11.2</code>
                        <name>Деятельность санаторно-курортных учреждений</name>
                    </okved>
                    <name>Деятельность санаторно-курортных учреждений</name>
                </activity>
                <activity>
                    <okved>
                        <code>75.24</code>
                        <name>Деятельность по обеспечению общественного порядка и безопасности</name>
                    </okved>
                    <name>Деятельность по обеспечению общественного порядка и безопасности</name>
                </activity>
                <eMail>fedosino@yandex.ru</eMail>
            </additional>
            <other>
                <chief>
                    <lastName>Зуев</lastName>
                    <firstName>Сергей</firstName>
                    <middleName>Тихонович</middleName>
                    <position>Начальник</position>
                </chief>
                <founder>
                    <regNum>0173100000062</regNum>
                    <fullName>Министерство внутренних дел Российской Федерации</fullName>
                </founder>
            </other>
            <document>
                <name>Выписка из приказа о назначении на должность</name>
                <date>2005-05-13+04:00</date>
                <url>http://bus.gov.ru/public/download/download.html?id=4350634</url>
                <type>S</type>
            </document>
            <document>
                <name>Устав Федосьино</name>
                <date>2011-12-21+04:00</date>
                <url>http://bus.gov.ru/public/download/download.html?id=4350563</url>
                <type>F</type>
            </document>
            <document>
                <name>Статистистические данные</name>
                <date>2012-03-21+04:00</date>
                <url>http://bus.gov.ru/public/download/download.html?id=4351032</url>
                <type>O</type>
            </document>
            <document>
                <name>Свидетельство  о постановке на учет юридического лица в налоговом органе</name>
                <date>2012-01-10+04:00</date>
                <url>http://bus.gov.ru/public/download/download.html?id=4350981</url>
                <type>E</type>
            </document>
            <document>
                <name>Свидетельство о постановке на учет российской организации в нологовом органе по месту ее нахождения</name>
                <date>1993-03-17+03:00</date>
                <url>http://bus.gov.ru/public/download/download.html?id=4350869</url>
                <type>E</type>
            </document>
        </ns2:position>
    
<ns2:position xmlns:ns2="http://bus.gov.ru/external/1" xmlns="http://bus.gov.ru/types/1" xmlns:xsi="http://www.w3.org/2001/XMLSchema-instance" xmlns:ns3="http://bus.gov.ru/fk/1">
            <positionId>468016a3-2af2-42fa-bf07-699821c9b001</positionId>
            <changeDate>2012-04-16T10:04:35.405+04:00</changeDate>
            <placer>
                <regNum>0348100000357</regNum>
                <fullName>федеральное казенное учреждение здравоохранения  "Центр восстановительной медицины и реабилитации "Зеленая роща" Министерства внутренних дел Российской Федерации"</fullName>
                <inn>5009004418</inn>
                <kpp>500901001</kpp>
            </placer>
            <initiator>
                <regNum>0348100000357</regNum>
                <fullName>федеральное казенное учреждение здравоохранения  "Центр восстановительной медицины и реабилитации "Зеленая роща" Министерства внутренних дел Российской Федерации"</fullName>
                <inn>5009004418</inn>
                <kpp>500901001</kpp>
            </initiator>
            <versionNumber>0</versionNumber>
            <main>
                <shortName>ФКУЗ "ЦВМиР "Зеленая роща" МВД России"</shortName>
                <ogrn>1025001280754</ogrn>
                <rbs>
                    <regNum>0173100000054</regNum>
                    <fullName>Министерство внутренних дел Российской Федерации</fullName>
                </rbs>
                <grbs>
                    <regNum>0173100000054</regNum>
                    <fullName>Министерство внутренних дел Российской Федерации</fullName>
                </grbs>
                <orgType>08</orgType>
                <classifier>
                    <okfs>
                        <code>12</code>
                        <name>Федеральная собственность</name>
                    </okfs>
                    <okopf>
                        <code>72</code>
                        <name>Бюджетные учреждения</name>
                    </okopf>
                    <okogu>
                        <code>1310500</code>
                        <name>Министерство внутренних дел Российской Федерации</name>
                    </okogu>
                    <okpo>
                        <code>08586181</code>
                    </okpo>
                    <okato>
                        <code>46209000000</code>
                        <name>Домодедовский район</name>
                    </okato>
                    <okved>
                        <code>85.14.1</code>
                        <name>Деятельность среднего медицинского персонала</name>
                        <type>C</type>
                    </okved>
                    <okved>
                        <code>85.11.2</code>
                        <name>Деятельность санаторно-курортных учреждений</name>
                        <type>C</type>
                    </okved>
                </classifier>
                <address>
                    <zip>142046</zip>
                    <subject>
                        <code>50000000000</code>
                        <name>Московская</name>
                    </subject>
                    <city>
                        <code>50000001000</code>
                        <name>Домодедово</name>
                    </city>
                    <street>
                        <name>Территория "Зеленая роща - Сонино"</name>
                    </street>
                </address>
            </main>
            <additional>
                <institutionType>
                    <code>0500000</code>
                    <name>Здравоохранение</name>
                </institutionType>
                <ppo>
                    <code>00000000000</code>
                    <name>Российская Федерация</name>
                    <okato>
                        <code>00000000000</code>
                        <name>Объекты административно-территориального деления, кроме сельских населенных пунктов</name>
                    </okato>
                    <oktmo>
                        <code>46709000</code>
                        <name>- Город Домодедово</name>
                    </oktmo>
                </ppo>
                <phone>7-495-9960528</phone>
                <section>188</section>
                <oktmo>
                    <code>46709000</code>
                    <name>- Город Домодедово</name>
                </oktmo>
                <activity>
                    <okved>
                        <code>85.14.1</code>
                        <name>Деятельность среднего медицинского персонала</name>
                    </okved>
                    <name>Деятельность среднего медицинского персонала</name>
                </activity>
                <activity>
                    <okved>
                        <code>85.11.2</code>
                        <name>Деятельность санаторно-курортных учреждений</name>
                    </okved>
                    <name>Деятельность санаторно-курортных учрежден</name>
                </activity>
                <eMail>zelenayaroscha-z@yandex.ru</eMail>
            </additional>
            <other>
                <chief>
                    <lastName>Кульпинов</lastName>
                    <firstName>Валерий</firstName>
                    <middleName>Николаевич</middleName>
                    <position>Начальник</position>
                </chief>
                <founder>
                    <regNum>0173100000062</regNum>
                    <fullName>Министерство внутренних дел Российской Федерации</fullName>
                </founder>
            </other>
            <document>
                <name>приказ +устав</name>
                <date>2011-05-31+04:00</date>
                <url>http://bus.gov.ru/public/download/download.html?id=2257464</url>
                <type>F</type>
            </document>
            <document>
                <name>приказ о назначении начальника</name>
                <date>2005-05-26+04:00</date>
                <url>http://bus.gov.ru/public/download/download.html?id=2258069</url>
                <type>S</type>
            </document>
            <document>
                <name>егрюл</name>
                <date>2011-08-02+04:00</date>
                <url>http://bus.gov.ru/public/download/download.html?id=2258167</url>
                <type>E</type>
            </document>
            <document>
                <name>свидетельство о постановке на учёт в налоговом органе</name>
                <date>2011-08-02+04:00</date>
                <url>http://bus.gov.ru/public/download/download.html?id=2258227</url>
                <type>E</type>
            </document>
            <document>
                <name>142102</name>
                <date>2012-01-26+04:00</date>
                <url>http://bus.gov.ru/public/download/download.html?id=2258901</url>
                <type>O</type>
            </document>
        </ns2:position>
    
<ns2:position xmlns:ns2="http://bus.gov.ru/external/1" xmlns="http://bus.gov.ru/types/1" xmlns:xsi="http://www.w3.org/2001/XMLSchema-instance" xmlns:ns3="http://bus.gov.ru/fk/1">
            <positionId>468016a3-2af2-42fa-bf07-699821c9b001</positionId>
            <changeDate>2012-04-16T10:04:35.405+04:00</changeDate>
            <placer>
                <regNum>0348100000357</regNum>
                <fullName>федеральное казенное учреждение здравоохранения  "Центр восстановительной медицины и реабилитации "Зеленая роща" Министерства внутренних дел Российской Федерации"</fullName>
                <inn>5009004418</inn>
                <kpp>500901001</kpp>
            </placer>
            <initiator>
                <regNum>0348100000357</regNum>
                <fullName>федеральное казенное учреждение здравоохранения  "Центр восстановительной медицины и реабилитации "Зеленая роща" Министерства внутренних дел Российской Федерации"</fullName>
                <inn>5009004418</inn>
                <kpp>500901001</kpp>
            </initiator>
            <versionNumber>0</versionNumber>
            <main>
                <shortName>ФКУЗ "ЦВМиР "Зеленая роща" МВД России"</shortName>
                <ogrn>1025001280754</ogrn>
                <rbs>
                    <regNum>0173100000054</regNum>
                    <fullName>Министерство внутренних дел Российской Федерации</fullName>
                </rbs>
                <grbs>
                    <regNum>0173100000054</regNum>
                    <fullName>Министерство внутренних дел Российской Федерации</fullName>
                </grbs>
                <orgType>08</orgType>
                <classifier>
                    <okfs>
                        <code>12</code>
                        <name>Федеральная собственность</name>
                    </okfs>
                    <okopf>
                        <code>72</code>
                        <name>Бюджетные учреждения</name>
                    </okopf>
                    <okogu>
                        <code>1310500</code>
                        <name>Министерство внутренних дел Российской Федерации</name>
                    </okogu>
                    <okpo>
                        <code>08586181</code>
                    </okpo>
                    <okato>
                        <code>46209000000</code>
                        <name>Домодедовский район</name>
                    </okato>
                    <okved>
                        <code>85.14.1</code>
                        <name>Деятельность среднего медицинского персонала</name>
                        <type>C</type>
                    </okved>
                    <okved>
                        <code>85.11.2</code>
                        <name>Деятельность санаторно-курортных учреждений</name>
                        <type>C</type>
                    </okved>
                </classifier>
                <address>
                    <zip>142046</zip>
                    <subject>
                        <code>50000000000</code>
                        <name>Московская</name>
                    </subject>
                    <city>
                        <code>50000001000</code>
                        <name>Домодедово</name>
                    </city>
                    <street>
                        <name>Территория "Зеленая роща - Сонино"</name>
                    </street>
                </address>
            </main>
            <additional>
                <institutionType>
                    <code>0500000</code>
                    <name>Здравоохранение</name>
                </institutionType>
                <ppo>
                    <code>00000000000</code>
                    <name>Российская Федерация</name>
                    <okato>
                        <code>00000000000</code>
                        <name>Объекты административно-территориального деления, кроме сельских населенных пунктов</name>
                    </okato>
                    <oktmo>
                        <code>46709000</code>
                        <name>- Город Домодедово</name>
                    </oktmo>
                </ppo>
                <phone>7-495-9960528</phone>
                <section>188</section>
                <oktmo>
                    <code>46709000</code>
                    <name>- Город Домодедово</name>
                </oktmo>
                <activity>
                    <okved>
                        <code>85.14.1</code>
                        <name>Деятельность среднего медицинского персонала</name>
                    </okved>
                    <name>Деятельность среднего медицинского персонала</name>
                </activity>
                <activity>
                    <okved>
                        <code>85.11.2</code>
                        <name>Деятельность санаторно-курортных учреждений</name>
                    </okved>
                    <name>Деятельность санаторно-курортных учрежден</name>
                </activity>
                <eMail>zelenayaroscha-z@yandex.ru</eMail>
            </additional>
            <other>
                <chief>
                    <lastName>Кульпинов</lastName>
                    <firstName>Валерий</firstName>
                    <middleName>Николаевич</middleName>
                    <position>Начальник</position>
                </chief>
                <founder>
                    <regNum>0173100000062</regNum>
                    <fullName>Министерство внутренних дел Российской Федерации</fullName>
                </founder>
            </other>
            <document>
                <name>приказ +устав</name>
                <date>2011-05-31+04:00</date>
                <url>http://bus.gov.ru/public/download/download.html?id=2257464</url>
                <type>F</type>
            </document>
            <document>
                <name>приказ о назначении начальника</name>
                <date>2005-05-26+04:00</date>
                <url>http://bus.gov.ru/public/download/download.html?id=2258069</url>
                <type>S</type>
            </document>
            <document>
                <name>егрюл</name>
                <date>2011-08-02+04:00</date>
                <url>http://bus.gov.ru/public/download/download.html?id=2258167</url>
                <type>E</type>
            </document>
            <document>
                <name>свидетельство о постановке на учёт в налоговом органе</name>
                <date>2011-08-02+04:00</date>
                <url>http://bus.gov.ru/public/download/download.html?id=2258227</url>
                <type>E</type>
            </document>
            <document>
                <name>142102</name>
                <date>2012-01-26+04:00</date>
                <url>http://bus.gov.ru/public/download/download.html?id=2258901</url>
                <type>O</type>
            </document>
        </ns2:position>
    
<ns2:position xmlns:ns2="http://bus.gov.ru/external/1" xmlns="http://bus.gov.ru/types/1" xmlns:xsi="http://www.w3.org/2001/XMLSchema-instance" xmlns:ns3="http://bus.gov.ru/fk/1">
            <positionId>4c0d7e31-483f-4e9e-aa7a-00774428b2e2</positionId>
            <changeDate>2012-06-08T11:51:21.909+04:00</changeDate>
            <placer>
                <regNum>0848100000005</regNum>
                <fullName>федеральное казенное учреждение здравоохранения "Детский санаторий "Быково" Министерства внутренних дел Российской Федерации"</fullName>
                <inn>5040030480</inn>
                <kpp>504001001</kpp>
            </placer>
            <initiator>
                <regNum>0848100000005</regNum>
                <fullName>федеральное казенное учреждение здравоохранения "Детский санаторий "Быково" Министерства внутренних дел Российской Федерации"</fullName>
                <inn>5040030480</inn>
                <kpp>504001001</kpp>
            </initiator>
            <versionNumber>3</versionNumber>
            <main>
                <shortName>ФКУЗ "Детский санаторий "Быково" МВД России"</shortName>
                <ogrn>1035007914413</ogrn>
                <rbs>
                    <regNum>0173100000054</regNum>
                    <fullName>Министерство внутренних дел Российской Федерации</fullName>
                </rbs>
                <grbs>
                    <regNum>0173100000054</regNum>
                    <fullName>Министерство внутренних дел Российской Федерации</fullName>
                </grbs>
                <orgType>08</orgType>
                <classifier>
                    <okfs>
                        <code>12</code>
                        <name>Федеральная собственность</name>
                    </okfs>
                    <okopf>
                        <code>72</code>
                        <name>Бюджетные учреждения</name>
                    </okopf>
                    <okogu>
                        <code>1310500</code>
                        <name>Министерство внутренних дел Российской Федерации</name>
                    </okogu>
                    <okpo>
                        <code>08585359</code>
                    </okpo>
                    <okato>
                        <code>46248552000</code>
                        <name>Быково</name>
                    </okato>
                    <okved>
                        <code>85.11.2</code>
                        <name>Деятельность санаторно-курортных учреждений</name>
                        <type>C</type>
                    </okved>
                    <okved>
                        <code>85.11.1</code>
                        <name>Деятельность больничных учреждений широкого профиля и специализированных</name>
                        <type>C</type>
                    </okved>
                </classifier>
                <address>
                    <zip>140150</zip>
                    <subject>
                        <code>50000000000</code>
                        <name>Московская</name>
                    </subject>
                    <region>
                        <code>50028000000</code>
                        <name>Раменский</name>
                    </region>
                    <locality>
                        <code>50028000023</code>
                        <name>Быково</name>
                    </locality>
                    <street>
                        <name>улица Вялковская</name>
                    </street>
                    <building>25</building>
                </address>
            </main>
            <additional>
                <institutionType>
                    <code>0500000</code>
                    <name>Здравоохранение</name>
                </institutionType>
                <ppo>
                    <code>00000000000</code>
                    <name>Российская Федерация</name>
                    <okato>
                        <code>00000000000</code>
                        <name>Объекты административно-территориального деления, кроме сельских населенных пунктов</name>
                    </okato>
                    <oktmo>
                        <code>46648152</code>
                        <name>- Поселок Быково</name>
                    </oktmo>
                </ppo>
                <phone>7-495-5013411</phone>
                <section>188</section>
                <oktmo>
                    <code>46648152</code>
                    <name>- Поселок Быково</name>
                </oktmo>
                <activity>
                    <okved>
                        <code>85.11.2</code>
                        <name>Деятельность санаторно-курортных учреждений</name>
                    </okved>
                    <name>Дет. кардиология,диетология, клин. лабораторная диагностика,леч. физ-ра и спорт.медицина,неврология, оториноларингология,педиатрия, рентгенология, дет. стоматология, ультразвук.диаг-ка, физиотерапия</name>
                </activity>
                <activity>
                    <okved>
                        <code>85.11.1</code>
                        <name>Деятельность больничных учреждений широкого профиля и специализированных</name>
                    </okved>
                    <name>Осуществление доврачебной мед. помощи по: лабораторной диагностике, мед. массажу, сестринскому делу в педиатрии, физиотерапии</name>
                </activity>
                <eMail>bykovo2006@rambler.ru</eMail>
            </additional>
            <other>
                <chief>
                    <lastName>Яцков</lastName>
                    <firstName>Сергей</firstName>
                    <middleName>Андреевич</middleName>
                    <position>Начальник</position>
                </chief>
                <founder>
                    <regNum>0173100000062</regNum>
                    <fullName>Министерство Внутренних Дел Российской Федерации</fullName>
                </founder>
            </other>
            <document>
                <name>приказ о назначении начальника</name>
                <date>2012-03-21+04:00</date>
                <url>http://bus.gov.ru/public/download/download.html?id=3979777</url>
                <type>S</type>
            </document>
            <document>
                <name>Устав</name>
                <date>2012-03-21+04:00</date>
                <url>http://bus.gov.ru/public/download/download.html?id=3979778</url>
                <type>F</type>
            </document>
            <document>
                <name>лицензия</name>
                <date>2012-03-21+04:00</date>
                <url>http://bus.gov.ru/public/download/download.html?id=3979779</url>
                <type>O</type>
            </document>
            <document>
                <name>отчет о результатах на 01.01.2012г.</name>
                <date>2012-04-28+04:00</date>
                <url>http://bus.gov.ru/public/download/download.html?id=3979780</url>
                <type>O</type>
            </document>
            <document>
                <name>свед. о постановке на учет</name>
                <date>2012-03-21+04:00</date>
                <url>http://bus.gov.ru/public/download/download.html?id=3979781</url>
                <type>E</type>
            </document>
            <document>
                <name>свед-во ЕГРЮЛ</name>
                <date>2012-03-21+04:00</date>
                <url>http://bus.gov.ru/public/download/download.html?id=3979782</url>
                <type>E</type>
            </document>
        </ns2:position>
    
<ns2:position xmlns:ns2="http://bus.gov.ru/external/1" xmlns="http://bus.gov.ru/types/1" xmlns:xsi="http://www.w3.org/2001/XMLSchema-instance" xmlns:ns3="http://bus.gov.ru/fk/1">
            <positionId>42c79afb-ae80-471c-908f-60b1a8c86dc7</positionId>
            <changeDate>2012-06-18T15:58:30.358+04:00</changeDate>
            <placer>
                <regNum>0348100000686</regNum>
                <fullName>федеральное государственное казенное образовательное учреждение дополнительного профессионального образования "Всероссийский институт повышения квалификации сотрудников МВД России"</fullName>
                <inn>5009003774</inn>
                <kpp>500901001</kpp>
            </placer>
            <initiator>
                <regNum>0348100000686</regNum>
                <fullName>федеральное государственное казенное образовательное учреждение дополнительного профессионального образования "Всероссийский институт повышения квалификации сотрудников МВД России"</fullName>
                <inn>5009003774</inn>
                <kpp>500901001</kpp>
            </initiator>
            <versionNumber>0</versionNumber>
            <main>
                <shortName>ВИПК МВД России</shortName>
                <ogrn>1025001275804</ogrn>
                <rbs>
                    <regNum>0173100000062</regNum>
                    <fullName>Министерство внутренних дел Российской Федерации</fullName>
                </rbs>
                <grbs>
                    <regNum>0173100000062</regNum>
                    <fullName>Министерство внутренних дел Российской Федерации</fullName>
                </grbs>
                <orgType>08</orgType>
                <classifier>
                    <okfs>
                        <code>12</code>
                        <name>Федеральная собственность</name>
                    </okfs>
                    <okopf>
                        <code>72</code>
                        <name>Бюджетные учреждения</name>
                    </okopf>
                    <okogu>
                        <code>1310500</code>
                        <name>Министерство внутренних дел Российской Федерации</name>
                    </okogu>
                    <okpo>
                        <code>08578494</code>
                    </okpo>
                    <okato>
                        <code>46209000000</code>
                        <name>Домодедовский район</name>
                    </okato>
                    <okved>
                        <code>80.30.3</code>
                        <name>Обучение в образовательных учреждениях дополнительного профессионального образования (повышения квалификации) для специалистов, имеющих высшее профессиональное образование</name>
                        <type>C</type>
                    </okved>
                </classifier>
                <address>
                    <zip>142008</zip>
                    <subject>
                        <code>50000000000</code>
                        <name>Московская</name>
                    </subject>
                    <city>
                        <code>50000001000</code>
                        <name>Домодедово</name>
                    </city>
                    <locality>
                        <code>50000001024</code>
                        <name>Авиационный</name>
                    </locality>
                    <street>
                        <name>Пихтовая</name>
                    </street>
                    <building>3</building>
                </address>
            </main>
            <additional>
                <institutionType>
                    <code>1012010</code>
                    <name>Институт повышения квалификации (институт усовершенствования)</name>
                </institutionType>
                <ppo>
                    <code>00000000000</code>
                    <name>Российская Федерация</name>
                    <okato>
                        <code>00000000000</code>
                        <name>Объекты административно-территориального деления, кроме сельских населенных пунктов</name>
                    </okato>
                </ppo>
                <phone>7-495-7369245</phone>
                <www>http://www.vipkmvd.ru</www>
                <branch>
                    <regNum>0827100000020</regNum>
                    <fullName>Брянский филиал федерального государственного казенного образовательного учреждения дополнительного профессионального образования "Всероссийский институт повышения квалификации сотрудников МВД России"</fullName>
                    <type>01</type>
                </branch>
                <branch>
                    <regNum>0355100000134</regNum>
                    <fullName>Пензенский филиал федерального государственного казенного образовательного учреждения дополнительного профессионального образования "Всероссийский институт повышения квалификации сотрудников МВД России"</fullName>
                    <type>01</type>
                </branch>
                <branch>
                    <regNum>0811100000043</regNum>
                    <fullName>Филиал федерального государственного казенного образовательного учреждения дополнительного профессионального образования "Всероссийский институт повышения квалификации сотрудников МВД России" (г.Набережные Челны)</fullName>
                    <type>01</type>
                </branch>
                <section>188</section>
                <oktmo>
                    <code>46709000</code>
                    <name>- Город Домодедово</name>
                </oktmo>
                <activity>
                    <okved>
                        <code>80.30.3</code>
                        <name>Обучение в образовательных учреждениях дополнительного профессионального образования (повышения квалификации) для специалистов, имеющих высшее профессиональное образование</name>
                    </okved>
                    <name>образовательная </name>
                </activity>
                <eMail>vipk_main@mail.ru</eMail>
            </additional>
            <other>
                <chief>
                    <lastName>Арестов</lastName>
                    <firstName>Александр</firstName>
                    <middleName>Иосифович</middleName>
                    <position>Врио начальника</position>
                </chief>
                <founder>
                    <regNum>0173100000062</regNum>
                    <fullName>Министерство внутренних дел Российской Федерации</fullName>
                </founder>
            </other>
            <document>
                <name>Приказ о назначении Врио начальника</name>
                <date>2011-09-05+04:00</date>
                <url>http://bus.gov.ru/public/download/download.html?id=4101016</url>
                <type>S</type>
            </document>
            <document>
                <name>Положение филиал Набережные Челны</name>
                <date>2012-01-17+04:00</date>
                <url>http://bus.gov.ru/public/download/download.html?id=4100836</url>
                <type>L</type>
            </document>
            <document>
                <name>Положение о Брянском филиале</name>
                <date>2012-01-17+04:00</date>
                <url>http://bus.gov.ru/public/download/download.html?id=4100841</url>
                <type>L</type>
            </document>
            <document>
                <name>Положение о Пензенском филиале</name>
                <date>2012-01-27+04:00</date>
                <url>http://bus.gov.ru/public/download/download.html?id=4100816</url>
                <type>L</type>
            </document>
            <document>
                <name>Приказ о создании филиалов ВИПК</name>
                <date>2011-08-30+04:00</date>
                <url>http://bus.gov.ru/public/download/download.html?id=4100747</url>
                <type>F</type>
            </document>
            <document>
                <name>Свидетельство о госаккредитации с приложением</name>
                <date>2011-04-25+04:00</date>
                <url>http://bus.gov.ru/public/download/download.html?id=4100941</url>
                <type>F</type>
            </document>
            <document>
                <name>Пр об утв устава ВИПК</name>
                <date>2009-07-29+04:00</date>
                <url>http://bus.gov.ru/public/download/download.html?id=4100679</url>
                <type>F</type>
            </document>
            <document>
                <name>Устав ВИПК МВД России</name>
                <date>2009-07-29+04:00</date>
                <url>http://bus.gov.ru/public/download/download.html?id=4101004</url>
                <type>F</type>
            </document>
            <document>
                <name>Приказ о внесении изменений в Устав</name>
                <date>2011-05-31+04:00</date>
                <url>http://bus.gov.ru/public/download/download.html?id=4100697</url>
                <type>F</type>
            </document>
            <document>
                <name>Лицензия с приложением</name>
                <date>2010-12-16+03:00</date>
                <url>http://bus.gov.ru/public/download/download.html?id=4100928</url>
                <type>F</type>
            </document>
            <document>
                <name>Инф письмо по кодам подразделения</name>
                <date>2011-10-24+04:00</date>
                <url>http://bus.gov.ru/public/download/download.html?id=4100895</url>
                <type>O</type>
            </document>
            <document>
                <name>Свидетельство о внесении записи в ЕГРЮЛ</name>
                <date>2011-10-07+04:00</date>
                <url>http://bus.gov.ru/public/download/download.html?id=4100509</url>
                <type>E</type>
            </document>
            <document>
                <name>Свид о постановке на учет в налог орг</name>
                <date>1998-06-30+04:00</date>
                <url>http://bus.gov.ru/public/download/download.html?id=4100531</url>
                <type>E</type>
            </document>
        </ns2:position>
    
<ns2:position xmlns:ns2="http://bus.gov.ru/external/1" xmlns="http://bus.gov.ru/types/1" xmlns:xsi="http://www.w3.org/2001/XMLSchema-instance" xmlns:ns3="http://bus.gov.ru/fk/1">
            <positionId>4c0d7e31-483f-4e9e-aa7a-00774428b2e2</positionId>
            <changeDate>2012-06-08T11:51:21.909+04:00</changeDate>
            <placer>
                <regNum>0848100000005</regNum>
                <fullName>федеральное казенное учреждение здравоохранения "Детский санаторий "Быково" Министерства внутренних дел Российской Федерации"</fullName>
                <inn>5040030480</inn>
                <kpp>504001001</kpp>
            </placer>
            <initiator>
                <regNum>0848100000005</regNum>
                <fullName>федеральное казенное учреждение здравоохранения "Детский санаторий "Быково" Министерства внутренних дел Российской Федерации"</fullName>
                <inn>5040030480</inn>
                <kpp>504001001</kpp>
            </initiator>
            <versionNumber>3</versionNumber>
            <main>
                <shortName>ФКУЗ "Детский санаторий "Быково" МВД России"</shortName>
                <ogrn>1035007914413</ogrn>
                <rbs>
                    <regNum>0173100000054</regNum>
                    <fullName>Министерство внутренних дел Российской Федерации</fullName>
                </rbs>
                <grbs>
                    <regNum>0173100000054</regNum>
                    <fullName>Министерство внутренних дел Российской Федерации</fullName>
                </grbs>
                <orgType>08</orgType>
                <classifier>
                    <okfs>
                        <code>12</code>
                        <name>Федеральная собственность</name>
                    </okfs>
                    <okopf>
                        <code>72</code>
                        <name>Бюджетные учреждения</name>
                    </okopf>
                    <okogu>
                        <code>1310500</code>
                        <name>Министерство внутренних дел Российской Федерации</name>
                    </okogu>
                    <okpo>
                        <code>08585359</code>
                    </okpo>
                    <okato>
                        <code>46248552000</code>
                        <name>Быково</name>
                    </okato>
                    <okved>
                        <code>85.11.2</code>
                        <name>Деятельность санаторно-курортных учреждений</name>
                        <type>C</type>
                    </okved>
                    <okved>
                        <code>85.11.1</code>
                        <name>Деятельность больничных учреждений широкого профиля и специализированных</name>
                        <type>C</type>
                    </okved>
                </classifier>
                <address>
                    <zip>140150</zip>
                    <subject>
                        <code>50000000000</code>
                        <name>Московская</name>
                    </subject>
                    <region>
                        <code>50028000000</code>
                        <name>Раменский</name>
                    </region>
                    <locality>
                        <code>50028000023</code>
                        <name>Быково</name>
                    </locality>
                    <street>
                        <name>улица Вялковская</name>
                    </street>
                    <building>25</building>
                </address>
            </main>
            <additional>
                <institutionType>
                    <code>0500000</code>
                    <name>Здравоохранение</name>
                </institutionType>
                <ppo>
                    <code>00000000000</code>
                    <name>Российская Федерация</name>
                    <okato>
                        <code>00000000000</code>
                        <name>Объекты административно-территориального деления, кроме сельских населенных пунктов</name>
                    </okato>
                    <oktmo>
                        <code>46648152</code>
                        <name>- Поселок Быково</name>
                    </oktmo>
                </ppo>
                <phone>7-495-5013411</phone>
                <section>188</section>
                <oktmo>
                    <code>46648152</code>
                    <name>- Поселок Быково</name>
                </oktmo>
                <activity>
                    <okved>
                        <code>85.11.2</code>
                        <name>Деятельность санаторно-курортных учреждений</name>
                    </okved>
                    <name>Дет. кардиология,диетология, клин. лабораторная диагностика,леч. физ-ра и спорт.медицина,неврология, оториноларингология,педиатрия, рентгенология, дет. стоматология, ультразвук.диаг-ка, физиотерапия</name>
                </activity>
                <activity>
                    <okved>
                        <code>85.11.1</code>
                        <name>Деятельность больничных учреждений широкого профиля и специализированных</name>
                    </okved>
                    <name>Осуществление доврачебной мед. помощи по: лабораторной диагностике, мед. массажу, сестринскому делу в педиатрии, физиотерапии</name>
                </activity>
                <eMail>bykovo2006@rambler.ru</eMail>
            </additional>
            <other>
                <chief>
                    <lastName>Яцков</lastName>
                    <firstName>Сергей</firstName>
                    <middleName>Андреевич</middleName>
                    <position>Начальник</position>
                </chief>
                <founder>
                    <regNum>0173100000062</regNum>
                    <fullName>Министерство Внутренних Дел Российской Федерации</fullName>
                </founder>
            </other>
            <document>
                <name>приказ о назначении начальника</name>
                <date>2012-03-21+04:00</date>
                <url>http://bus.gov.ru/public/download/download.html?id=3979777</url>
                <type>S</type>
            </document>
            <document>
                <name>Устав</name>
                <date>2012-03-21+04:00</date>
                <url>http://bus.gov.ru/public/download/download.html?id=3979778</url>
                <type>F</type>
            </document>
            <document>
                <name>лицензия</name>
                <date>2012-03-21+04:00</date>
                <url>http://bus.gov.ru/public/download/download.html?id=3979779</url>
                <type>O</type>
            </document>
            <document>
                <name>отчет о результатах на 01.01.2012г.</name>
                <date>2012-04-28+04:00</date>
                <url>http://bus.gov.ru/public/download/download.html?id=3979780</url>
                <type>O</type>
            </document>
            <document>
                <name>свед. о постановке на учет</name>
                <date>2012-03-21+04:00</date>
                <url>http://bus.gov.ru/public/download/download.html?id=3979781</url>
                <type>E</type>
            </document>
            <document>
                <name>свед-во ЕГРЮЛ</name>
                <date>2012-03-21+04:00</date>
                <url>http://bus.gov.ru/public/download/download.html?id=3979782</url>
                <type>E</type>
            </document>
        </ns2:position>
    
<ns2:position xmlns:ns2="http://bus.gov.ru/external/1" xmlns="http://bus.gov.ru/types/1" xmlns:xsi="http://www.w3.org/2001/XMLSchema-instance" xmlns:ns3="http://bus.gov.ru/fk/1">
            <positionId>42c79afb-ae80-471c-908f-60b1a8c86dc7</positionId>
            <changeDate>2012-06-18T15:58:30.358+04:00</changeDate>
            <placer>
                <regNum>0348100000686</regNum>
                <fullName>федеральное государственное казенное образовательное учреждение дополнительного профессионального образования "Всероссийский институт повышения квалификации сотрудников МВД России"</fullName>
                <inn>5009003774</inn>
                <kpp>500901001</kpp>
            </placer>
            <initiator>
                <regNum>0348100000686</regNum>
                <fullName>федеральное государственное казенное образовательное учреждение дополнительного профессионального образования "Всероссийский институт повышения квалификации сотрудников МВД России"</fullName>
                <inn>5009003774</inn>
                <kpp>500901001</kpp>
            </initiator>
            <versionNumber>0</versionNumber>
            <main>
                <shortName>ВИПК МВД России</shortName>
                <ogrn>1025001275804</ogrn>
                <rbs>
                    <regNum>0173100000062</regNum>
                    <fullName>Министерство внутренних дел Российской Федерации</fullName>
                </rbs>
                <grbs>
                    <regNum>0173100000062</regNum>
                    <fullName>Министерство внутренних дел Российской Федерации</fullName>
                </grbs>
                <orgType>08</orgType>
                <classifier>
                    <okfs>
                        <code>12</code>
                        <name>Федеральная собственность</name>
                    </okfs>
                    <okopf>
                        <code>72</code>
                        <name>Бюджетные учреждения</name>
                    </okopf>
                    <okogu>
                        <code>1310500</code>
                        <name>Министерство внутренних дел Российской Федерации</name>
                    </okogu>
                    <okpo>
                        <code>08578494</code>
                    </okpo>
                    <okato>
                        <code>46209000000</code>
                        <name>Домодедовский район</name>
                    </okato>
                    <okved>
                        <code>80.30.3</code>
                        <name>Обучение в образовательных учреждениях дополнительного профессионального образования (повышения квалификации) для специалистов, имеющих высшее профессиональное образование</name>
                        <type>C</type>
                    </okved>
                </classifier>
                <address>
                    <zip>142008</zip>
                    <subject>
                        <code>50000000000</code>
                        <name>Московская</name>
                    </subject>
                    <city>
                        <code>50000001000</code>
                        <name>Домодедово</name>
                    </city>
                    <locality>
                        <code>50000001024</code>
                        <name>Авиационный</name>
                    </locality>
                    <street>
                        <name>Пихтовая</name>
                    </street>
                    <building>3</building>
                </address>
            </main>
            <additional>
                <institutionType>
                    <code>1012010</code>
                    <name>Институт повышения квалификации (институт усовершенствования)</name>
                </institutionType>
                <ppo>
                    <code>00000000000</code>
                    <name>Российская Федерация</name>
                    <okato>
                        <code>00000000000</code>
                        <name>Объекты административно-территориального деления, кроме сельских населенных пунктов</name>
                    </okato>
                </ppo>
                <phone>7-495-7369245</phone>
                <www>http://www.vipkmvd.ru</www>
                <branch>
                    <regNum>0827100000020</regNum>
                    <fullName>Брянский филиал федерального государственного казенного образовательного учреждения дополнительного профессионального образования "Всероссийский институт повышения квалификации сотрудников МВД России"</fullName>
                    <type>01</type>
                </branch>
                <branch>
                    <regNum>0355100000134</regNum>
                    <fullName>Пензенский филиал федерального государственного казенного образовательного учреждения дополнительного профессионального образования "Всероссийский институт повышения квалификации сотрудников МВД России"</fullName>
                    <type>01</type>
                </branch>
                <branch>
                    <regNum>0811100000043</regNum>
                    <fullName>Филиал федерального государственного казенного образовательного учреждения дополнительного профессионального образования "Всероссийский институт повышения квалификации сотрудников МВД России" (г.Набережные Челны)</fullName>
                    <type>01</type>
                </branch>
                <section>188</section>
                <oktmo>
                    <code>46709000</code>
                    <name>- Город Домодедово</name>
                </oktmo>
                <activity>
                    <okved>
                        <code>80.30.3</code>
                        <name>Обучение в образовательных учреждениях дополнительного профессионального образования (повышения квалификации) для специалистов, имеющих высшее профессиональное образование</name>
                    </okved>
                    <name>образовательная </name>
                </activity>
                <eMail>vipk_main@mail.ru</eMail>
            </additional>
            <other>
                <chief>
                    <lastName>Арестов</lastName>
                    <firstName>Александр</firstName>
                    <middleName>Иосифович</middleName>
                    <position>Врио начальника</position>
                </chief>
                <founder>
                    <regNum>0173100000062</regNum>
                    <fullName>Министерство внутренних дел Российской Федерации</fullName>
                </founder>
            </other>
            <document>
                <name>Приказ о назначении Врио начальника</name>
                <date>2011-09-05+04:00</date>
                <url>http://bus.gov.ru/public/download/download.html?id=4101016</url>
                <type>S</type>
            </document>
            <document>
                <name>Положение филиал Набережные Челны</name>
                <date>2012-01-17+04:00</date>
                <url>http://bus.gov.ru/public/download/download.html?id=4100836</url>
                <type>L</type>
            </document>
            <document>
                <name>Положение о Брянском филиале</name>
                <date>2012-01-17+04:00</date>
                <url>http://bus.gov.ru/public/download/download.html?id=4100841</url>
                <type>L</type>
            </document>
            <document>
                <name>Положение о Пензенском филиале</name>
                <date>2012-01-27+04:00</date>
                <url>http://bus.gov.ru/public/download/download.html?id=4100816</url>
                <type>L</type>
            </document>
            <document>
                <name>Приказ о создании филиалов ВИПК</name>
                <date>2011-08-30+04:00</date>
                <url>http://bus.gov.ru/public/download/download.html?id=4100747</url>
                <type>F</type>
            </document>
            <document>
                <name>Свидетельство о госаккредитации с приложением</name>
                <date>2011-04-25+04:00</date>
                <url>http://bus.gov.ru/public/download/download.html?id=4100941</url>
                <type>F</type>
            </document>
            <document>
                <name>Пр об утв устава ВИПК</name>
                <date>2009-07-29+04:00</date>
                <url>http://bus.gov.ru/public/download/download.html?id=4100679</url>
                <type>F</type>
            </document>
            <document>
                <name>Устав ВИПК МВД России</name>
                <date>2009-07-29+04:00</date>
                <url>http://bus.gov.ru/public/download/download.html?id=4101004</url>
                <type>F</type>
            </document>
            <document>
                <name>Приказ о внесении изменений в Устав</name>
                <date>2011-05-31+04:00</date>
                <url>http://bus.gov.ru/public/download/download.html?id=4100697</url>
                <type>F</type>
            </document>
            <document>
                <name>Лицензия с приложением</name>
                <date>2010-12-16+03:00</date>
                <url>http://bus.gov.ru/public/download/download.html?id=4100928</url>
                <type>F</type>
            </document>
            <document>
                <name>Инф письмо по кодам подразделения</name>
                <date>2011-10-24+04:00</date>
                <url>http://bus.gov.ru/public/download/download.html?id=4100895</url>
                <type>O</type>
            </document>
            <document>
                <name>Свидетельство о внесении записи в ЕГРЮЛ</name>
                <date>2011-10-07+04:00</date>
                <url>http://bus.gov.ru/public/download/download.html?id=4100509</url>
                <type>E</type>
            </document>
            <document>
                <name>Свид о постановке на учет в налог орг</name>
                <date>1998-06-30+04:00</date>
                <url>http://bus.gov.ru/public/download/download.html?id=4100531</url>
                <type>E</type>
            </document>
        </ns2:position>
    
<ns2:position xmlns:ns2="http://bus.gov.ru/external/1" xmlns="http://bus.gov.ru/types/1" xmlns:xsi="http://www.w3.org/2001/XMLSchema-instance" xmlns:ns3="http://bus.gov.ru/fk/1">
            <positionId>541dfba8-2d90-46b3-945f-f6e6a01106d6</positionId>
            <changeDate>2012-06-28T16:58:38.862+04:00</changeDate>
            <placer>
                <regNum>0348100000134</regNum>
                <fullName>федеральное казенное учреждение здравоохранения "Санаторий-профилакторий "Федосьино" внутренних войск Министерства внутренних дел Российской Федерации"</fullName>
                <inn>5004002632</inn>
                <kpp>500401001</kpp>
            </placer>
            <initiator>
                <regNum>0348100000134</regNum>
                <fullName>федеральное казенное учреждение здравоохранения "Санаторий-профилакторий "Федосьино" внутренних войск Министерства внутренних дел Российской Федерации"</fullName>
                <inn>5004002632</inn>
                <kpp>500401001</kpp>
            </initiator>
            <versionNumber>0</versionNumber>
            <main>
                <shortName>ФКУЗ "Санаторий-профилакторий "Федосьино" ВВ МВД России"</shortName>
                <ogrn>1025000845825</ogrn>
                <rbs>
                    <regNum>0173100000062</regNum>
                    <fullName>Министерство внутренних дел Российской Федерации</fullName>
                </rbs>
                <grbs>
                    <regNum>0173100000062</regNum>
                    <fullName>Министерство внутренних дел Российской Федерации</fullName>
                </grbs>
                <orgType>08</orgType>
                <classifier>
                    <okfs>
                        <code>12</code>
                        <name>Федеральная собственность</name>
                    </okfs>
                    <okopf>
                        <code>72</code>
                        <name>Бюджетные учреждения</name>
                    </okopf>
                    <okogu>
                        <code>1310500</code>
                        <name>Министерство внутренних дел Российской Федерации</name>
                    </okogu>
                    <okpo>
                        <code>08610554</code>
                    </okpo>
                    <okato>
                        <code>46205831000</code>
                        <name>Осташевский</name>
                    </okato>
                    <okved>
                        <code>85.11.2</code>
                        <name>Деятельность санаторно-курортных учреждений</name>
                        <type>C</type>
                    </okved>
                    <okved>
                        <code>75.24</code>
                        <name>Деятельность по обеспечению общественного порядка и безопасности</name>
                        <type>O</type>
                    </okved>
                </classifier>
                <address>
                    <zip>143623</zip>
                    <subject>
                        <code>50000000000</code>
                        <name>Московская обл</name>
                    </subject>
                    <region>
                        <code>50003000000</code>
                        <name>Волоколамский р-н</name>
                    </region>
                    <locality>
                        <code>50003000091</code>
                        <name>Княжево д</name>
                    </locality>
                </address>
            </main>
            <additional>
                <institutionType>
                    <code>0500000</code>
                    <name>Здравоохранение</name>
                </institutionType>
                <ppo>
                    <code>00000000000</code>
                    <name>Российская Федерация</name>
                    <okato>
                        <code>00000000000</code>
                        <name>Объекты административно-территориального деления, кроме сельских населенных пунктов</name>
                    </okato>
                    <oktmo>
                        <code>46605431</code>
                        <name>- Осташевское</name>
                    </oktmo>
                </ppo>
                <phone>8-499-5049555</phone>
                <www>http://fedosino.narod.ru</www>
                <section>188</section>
                <oktmo>
                    <code>46605431</code>
                    <name>- Осташевское</name>
                </oktmo>
                <activity>
                    <okved>
                        <code>85.11.2</code>
                        <name>Деятельность санаторно-курортных учреждений</name>
                    </okved>
                    <name>Деятельность санаторно-курортных учреждений</name>
                </activity>
                <activity>
                    <okved>
                        <code>75.24</code>
                        <name>Деятельность по обеспечению общественного порядка и безопасности</name>
                    </okved>
                    <name>Деятельность по обеспечению общественного порядка и безопасности</name>
                </activity>
                <eMail>fedosino@yandex.ru</eMail>
            </additional>
            <other>
                <chief>
                    <lastName>Зуев</lastName>
                    <firstName>Сергей</firstName>
                    <middleName>Тихонович</middleName>
                    <position>Начальник</position>
                </chief>
                <founder>
                    <regNum>0173100000062</regNum>
                    <fullName>Министерство внутренних дел Российской Федерации</fullName>
                </founder>
            </other>
            <document>
                <name>Выписка из приказа о назначении на должность</name>
                <date>2005-05-13+04:00</date>
                <url>http://bus.gov.ru/public/download/download.html?id=4350634</url>
                <type>S</type>
            </document>
            <document>
                <name>Устав Федосьино</name>
                <date>2011-12-21+04:00</date>
                <url>http://bus.gov.ru/public/download/download.html?id=4350563</url>
                <type>F</type>
            </document>
            <document>
                <name>Статистистические данные</name>
                <date>2012-03-21+04:00</date>
                <url>http://bus.gov.ru/public/download/download.html?id=4351032</url>
                <type>O</type>
            </document>
            <document>
                <name>Свидетельство  о постановке на учет юридического лица в налоговом органе</name>
                <date>2012-01-10+04:00</date>
                <url>http://bus.gov.ru/public/download/download.html?id=4350981</url>
                <type>E</type>
            </document>
            <document>
                <name>Свидетельство о постановке на учет российской организации в нологовом органе по месту ее нахождения</name>
                <date>1993-03-17+03:00</date>
                <url>http://bus.gov.ru/public/download/download.html?id=4350869</url>
                <type>E</type>
            </document>
        </ns2:position>
    

    </ns2:body>
    </ns2:institutionInfo>        
        