<?xml version="1.0" encoding="UTF-8" standalone="yes"?>
<ns2:institutionInfo xsi:schemaLocation="http://bus.gov.ru/public/schema/TFF-0.1.3.1/External.xsd" xmlns="http://bus.gov.ru/types/1" xmlns:ns2="http://bus.gov.ru/external/1" xmlns:xsi="http://www.w3.org/2001/XMLSchema-instance" xmlns:ns3="http://bus.gov.ru/fk/1">
    <ns2:body>                        
	<ns2:position xmlns:ns2="http://bus.gov.ru/external/1" xmlns="http://bus.gov.ru/types/1" xmlns:xsi="http://www.w3.org/2001/XMLSchema-instance" xmlns:ns3="http://bus.gov.ru/fk/1">
            <positionId>033ce27f-9f19-4c4d-92b3-0021f5dd632f</positionId>
            <changeDate>2012-08-31T12:20:43.176+04:00</changeDate>
            <placer>
                <regNum>0849100000014</regNum>
                <fullName>федеральное казенное учреждение здравоохранения "Медико-санитарная часть Министерства внутренних дел Российской Федерации по Мурманской области"</fullName>
                <inn>5190147953</inn>
                <kpp>519001001</kpp>
            </placer>
            <initiator>
                <regNum>0849100000014</regNum>
                <fullName>федеральное казенное учреждение здравоохранения "Медико-санитарная часть Министерства внутренних дел Российской Федерации по Мурманской области"</fullName>
                <inn>5190147953</inn>
                <kpp>519001001</kpp>
            </initiator>
            <versionNumber>2</versionNumber>
            <main>
                <shortName>ФКУЗ "МСЧ МВД России по Мурманской области"</shortName>
                <ogrn>1065190052982</ogrn>
                <rbs>
                    <regNum>0149100000011</regNum>
                    <fullName>Управление Министерства внутренних дел Российской Федерации по Мурманской области</fullName>
                </rbs>
                <grbs>
                    <regNum>0173100000062</regNum>
                    <fullName>Министерство внутренних дел Российской Федерации</fullName>
                </grbs>
                <orgType>08</orgType>
                <classifier>
                    <okfs>
                        <code>12</code>
                        <name>Федеральная собственность</name>
                    </okfs>
                    <okopf>
                        <code>72</code>
                        <name>Бюджетные учреждения</name>
                    </okopf>
                    <okogu>
                        <code>1310500</code>
                        <name>Министерство внутренних дел Российской Федерации</name>
                    </okogu>
                    <okpo>
                        <code>08813151</code>
                    </okpo>
                    <okato>
                        <code>47401367000</code>
                        <name>Октябрьский</name>
                    </okato>
                    <okved>
                        <code>85.11.1</code>
                        <name>Деятельность больничных учреждений широкого профиля и специализированных</name>
                        <type>C</type>
                    </okved>
                    <okved>
                        <code>85.12</code>
                        <name>Врачебная практика</name>
                        <type>O</type>
                    </okved>
                    <okved>
                        <code>85.14.3</code>
                        <name>Деятельность медицинских лабораторий</name>
                        <type>O</type>
                    </okved>
                    <okved>
                        <code>24.42.1</code>
                        <name>Производство медикаментов</name>
                        <type>O</type>
                    </okved>
                    <okved>
                        <code>85.14.2</code>
                        <name>Деятельность вспомогательного стоматологического персонала</name>
                        <type>O</type>
                    </okved>
                    <okved>
                        <code>52.31</code>
                        <name>Розничная торговля фармацевтическими товарами</name>
                        <type>O</type>
                    </okved>
                    <okved>
                        <code>85.14.1</code>
                        <name>Деятельность среднего медицинского персонала</name>
                        <type>O</type>
                    </okved>
                    <okved>
                        <code>85.14.5</code>
                        <name>Деятельность учреждений санитарно-эпидемиологической службы</name>
                        <type>O</type>
                    </okved>
                    <okved>
                        <code>85.13</code>
                        <name>Стоматологическая практика</name>
                        <type>O</type>
                    </okved>
                </classifier>
                <address>
                    <zip>183071</zip>
                    <subject>
                        <code>51000000000</code>
                        <name>Мурманская обл</name>
                    </subject>
                    <city>
                        <code>51000001000</code>
                        <name>Мурманск г</name>
                    </city>
                    <street>
                        <code>510000010000094</code>
                        <name>Карла Маркса ул</name>
                    </street>
                    <building>26</building>
                </address>
            </main>
            <additional>
                <institutionType>
                    <code>0509000</code>
                    <name>Медико-санитарная часть, в том числе центральная</name>
                </institutionType>
                <ppo>
                    <code>00000000000</code>
                    <name>Российская Федерация</name>
                    <okato>
                        <code>00000000000</code>
                        <name>Объекты административно-территориального деления, кроме сельских населенных пунктов</name>
                    </okato>
                    <oktmo>
                        <code>47701000</code>
                        <name>город Мурманск</name>
                    </oktmo>
                </ppo>
                <phone>7-8152-451568</phone>
                <www>http://mschmvd51.ucoz.ru</www>
                <section>188</section>
                <oktmo>
                    <code>47701000</code>
                    <name>город Мурманск</name>
                </oktmo>
                <activity>
                    <okved>
                        <code>85.11.1</code>
                        <name>Деятельность больничных учреждений широкого профиля и специализированных</name>
                    </okved>
                    <name>Деятельность больничных учреждений широкого профиля и специализированных</name>
                </activity>
                <activity>
                    <okved>
                        <code>85.14.1</code>
                        <name>Деятельность среднего медицинского персонала</name>
                    </okved>
                    <name>Деятельность среднего медицинского персонала</name>
                </activity>
                <activity>
                    <okved>
                        <code>85.14.2</code>
                        <name>Деятельность вспомогательного стоматологического персонала</name>
                    </okved>
                    <name>Деятельность вспомогательного стоматологического персонала</name>
                </activity>
                <activity>
                    <okved>
                        <code>85.12</code>
                        <name>Врачебная практика</name>
                    </okved>
                    <name>Врачебная практика</name>
                </activity>
                <activity>
                    <okved>
                        <code>85.14.3</code>
                        <name>Деятельность медицинских лабораторий</name>
                    </okved>
                    <name>Деятельность медицинских лабораторий</name>
                </activity>
                <activity>
                    <okved>
                        <code>24.42.1</code>
                        <name>Производство медикаментов</name>
                    </okved>
                    <name>Производство медикаментов</name>
                </activity>
                <activity>
                    <okved>
                        <code>85.13</code>
                        <name>Стоматологическая практика</name>
                    </okved>
                    <name>Стоматологическая практика</name>
                </activity>
                <activity>
                    <okved>
                        <code>52.31</code>
                        <name>Розничная торговля фармацевтическими товарами</name>
                    </okved>
                    <name>Розничная торговля фармацевтическими товарами</name>
                </activity>
                <activity>
                    <okved>
                        <code>85.14.5</code>
                        <name>Деятельность учреждений санитарно-эпидемиологической службы</name>
                    </okved>
                    <name>Деятельность учреждений санитарно-эпидемиологической службы</name>
                </activity>
                <eMail>gosp51@mail.ru</eMail>
            </additional>
            <other>
                <chief>
                    <lastName>Махмутова</lastName>
                    <firstName>Виктория</firstName>
                    <middleName>Ринатовна</middleName>
                    <position>Начальник</position>
                </chief>
                <founder>
                    <regNum>0173100000062</regNum>
                    <fullName>Министерство внутренних дел Российской Федерации</fullName>
                </founder>
            </other>
            <document>
                <name>Приказ о назначении</name>
                <date>2007-03-07+03:00</date>
                <url>http://bus.gov.ru/public/download/download.html?id=5132085</url>
                <type>S</type>
            </document>
            <document>
                <name>Устав и его изменения</name>
                <date>2005-12-30+03:00</date>
                <url>http://bus.gov.ru/public/download/download.html?id=5132086</url>
                <type>F</type>
            </document>
            <document>
                <name>Отчет о результатах деятельности федерального казенного учреждения МВД России и об использовании закрепленного за ним федерального имущества на 01.01.2012</name>
                <date>2012-03-29+04:00</date>
                <url>http://bus.gov.ru/public/download/download.html?id=5132087</url>
                <type>O</type>
            </document>
            <document>
                <name>Свидетельство о постановке на учет в налоговом органе</name>
                <date>2006-03-23+03:00</date>
                <url>http://bus.gov.ru/public/download/download.html?id=5132088</url>
                <type>E</type>
            </document>
            <document>
                <name>Свидетельство о государственной регистрации юридического лица и его изменения</name>
                <date>2006-03-23+03:00</date>
                <url>http://bus.gov.ru/public/download/download.html?id=5132089</url>
                <type>E</type>
            </document>
        </ns2:position>
    
<ns2:position xmlns:ns2="http://bus.gov.ru/external/1" xmlns="http://bus.gov.ru/types/1" xmlns:xsi="http://www.w3.org/2001/XMLSchema-instance" xmlns:ns3="http://bus.gov.ru/fk/1">
            <positionId>033ce27f-9f19-4c4d-92b3-0021f5dd632f</positionId>
            <changeDate>2012-08-31T12:20:43.176+04:00</changeDate>
            <placer>
                <regNum>0849100000014</regNum>
                <fullName>федеральное казенное учреждение здравоохранения "Медико-санитарная часть Министерства внутренних дел Российской Федерации по Мурманской области"</fullName>
                <inn>5190147953</inn>
                <kpp>519001001</kpp>
            </placer>
            <initiator>
                <regNum>0849100000014</regNum>
                <fullName>федеральное казенное учреждение здравоохранения "Медико-санитарная часть Министерства внутренних дел Российской Федерации по Мурманской области"</fullName>
                <inn>5190147953</inn>
                <kpp>519001001</kpp>
            </initiator>
            <versionNumber>2</versionNumber>
            <main>
                <shortName>ФКУЗ "МСЧ МВД России по Мурманской области"</shortName>
                <ogrn>1065190052982</ogrn>
                <rbs>
                    <regNum>0149100000011</regNum>
                    <fullName>Управление Министерства внутренних дел Российской Федерации по Мурманской области</fullName>
                </rbs>
                <grbs>
                    <regNum>0173100000062</regNum>
                    <fullName>Министерство внутренних дел Российской Федерации</fullName>
                </grbs>
                <orgType>08</orgType>
                <classifier>
                    <okfs>
                        <code>12</code>
                        <name>Федеральная собственность</name>
                    </okfs>
                    <okopf>
                        <code>72</code>
                        <name>Бюджетные учреждения</name>
                    </okopf>
                    <okogu>
                        <code>1310500</code>
                        <name>Министерство внутренних дел Российской Федерации</name>
                    </okogu>
                    <okpo>
                        <code>08813151</code>
                    </okpo>
                    <okato>
                        <code>47401367000</code>
                        <name>Октябрьский</name>
                    </okato>
                    <okved>
                        <code>85.11.1</code>
                        <name>Деятельность больничных учреждений широкого профиля и специализированных</name>
                        <type>C</type>
                    </okved>
                    <okved>
                        <code>85.12</code>
                        <name>Врачебная практика</name>
                        <type>O</type>
                    </okved>
                    <okved>
                        <code>85.14.3</code>
                        <name>Деятельность медицинских лабораторий</name>
                        <type>O</type>
                    </okved>
                    <okved>
                        <code>24.42.1</code>
                        <name>Производство медикаментов</name>
                        <type>O</type>
                    </okved>
                    <okved>
                        <code>85.14.2</code>
                        <name>Деятельность вспомогательного стоматологического персонала</name>
                        <type>O</type>
                    </okved>
                    <okved>
                        <code>52.31</code>
                        <name>Розничная торговля фармацевтическими товарами</name>
                        <type>O</type>
                    </okved>
                    <okved>
                        <code>85.14.1</code>
                        <name>Деятельность среднего медицинского персонала</name>
                        <type>O</type>
                    </okved>
                    <okved>
                        <code>85.14.5</code>
                        <name>Деятельность учреждений санитарно-эпидемиологической службы</name>
                        <type>O</type>
                    </okved>
                    <okved>
                        <code>85.13</code>
                        <name>Стоматологическая практика</name>
                        <type>O</type>
                    </okved>
                </classifier>
                <address>
                    <zip>183071</zip>
                    <subject>
                        <code>51000000000</code>
                        <name>Мурманская обл</name>
                    </subject>
                    <city>
                        <code>51000001000</code>
                        <name>Мурманск г</name>
                    </city>
                    <street>
                        <code>510000010000094</code>
                        <name>Карла Маркса ул</name>
                    </street>
                    <building>26</building>
                </address>
            </main>
            <additional>
                <institutionType>
                    <code>0509000</code>
                    <name>Медико-санитарная часть, в том числе центральная</name>
                </institutionType>
                <ppo>
                    <code>00000000000</code>
                    <name>Российская Федерация</name>
                    <okato>
                        <code>00000000000</code>
                        <name>Объекты административно-территориального деления, кроме сельских населенных пунктов</name>
                    </okato>
                    <oktmo>
                        <code>47701000</code>
                        <name>город Мурманск</name>
                    </oktmo>
                </ppo>
                <phone>7-8152-451568</phone>
                <www>http://mschmvd51.ucoz.ru</www>
                <section>188</section>
                <oktmo>
                    <code>47701000</code>
                    <name>город Мурманск</name>
                </oktmo>
                <activity>
                    <okved>
                        <code>85.11.1</code>
                        <name>Деятельность больничных учреждений широкого профиля и специализированных</name>
                    </okved>
                    <name>Деятельность больничных учреждений широкого профиля и специализированных</name>
                </activity>
                <activity>
                    <okved>
                        <code>85.14.1</code>
                        <name>Деятельность среднего медицинского персонала</name>
                    </okved>
                    <name>Деятельность среднего медицинского персонала</name>
                </activity>
                <activity>
                    <okved>
                        <code>85.14.2</code>
                        <name>Деятельность вспомогательного стоматологического персонала</name>
                    </okved>
                    <name>Деятельность вспомогательного стоматологического персонала</name>
                </activity>
                <activity>
                    <okved>
                        <code>85.12</code>
                        <name>Врачебная практика</name>
                    </okved>
                    <name>Врачебная практика</name>
                </activity>
                <activity>
                    <okved>
                        <code>85.14.3</code>
                        <name>Деятельность медицинских лабораторий</name>
                    </okved>
                    <name>Деятельность медицинских лабораторий</name>
                </activity>
                <activity>
                    <okved>
                        <code>24.42.1</code>
                        <name>Производство медикаментов</name>
                    </okved>
                    <name>Производство медикаментов</name>
                </activity>
                <activity>
                    <okved>
                        <code>85.13</code>
                        <name>Стоматологическая практика</name>
                    </okved>
                    <name>Стоматологическая практика</name>
                </activity>
                <activity>
                    <okved>
                        <code>52.31</code>
                        <name>Розничная торговля фармацевтическими товарами</name>
                    </okved>
                    <name>Розничная торговля фармацевтическими товарами</name>
                </activity>
                <activity>
                    <okved>
                        <code>85.14.5</code>
                        <name>Деятельность учреждений санитарно-эпидемиологической службы</name>
                    </okved>
                    <name>Деятельность учреждений санитарно-эпидемиологической службы</name>
                </activity>
                <eMail>gosp51@mail.ru</eMail>
            </additional>
            <other>
                <chief>
                    <lastName>Махмутова</lastName>
                    <firstName>Виктория</firstName>
                    <middleName>Ринатовна</middleName>
                    <position>Начальник</position>
                </chief>
                <founder>
                    <regNum>0173100000062</regNum>
                    <fullName>Министерство внутренних дел Российской Федерации</fullName>
                </founder>
            </other>
            <document>
                <name>Приказ о назначении</name>
                <date>2007-03-07+03:00</date>
                <url>http://bus.gov.ru/public/download/download.html?id=5132085</url>
                <type>S</type>
            </document>
            <document>
                <name>Устав и его изменения</name>
                <date>2005-12-30+03:00</date>
                <url>http://bus.gov.ru/public/download/download.html?id=5132086</url>
                <type>F</type>
            </document>
            <document>
                <name>Отчет о результатах деятельности федерального казенного учреждения МВД России и об использовании закрепленного за ним федерального имущества на 01.01.2012</name>
                <date>2012-03-29+04:00</date>
                <url>http://bus.gov.ru/public/download/download.html?id=5132087</url>
                <type>O</type>
            </document>
            <document>
                <name>Свидетельство о постановке на учет в налоговом органе</name>
                <date>2006-03-23+03:00</date>
                <url>http://bus.gov.ru/public/download/download.html?id=5132088</url>
                <type>E</type>
            </document>
            <document>
                <name>Свидетельство о государственной регистрации юридического лица и его изменения</name>
                <date>2006-03-23+03:00</date>
                <url>http://bus.gov.ru/public/download/download.html?id=5132089</url>
                <type>E</type>
            </document>
        </ns2:position>
    

    </ns2:body>
    </ns2:institutionInfo>        
        