<?xml version="1.0" encoding="UTF-8" standalone="yes"?>
<ns2:institutionInfo xsi:schemaLocation="http://bus.gov.ru/public/schema/TFF-0.1.3.1/External.xsd" xmlns="http://bus.gov.ru/types/1" xmlns:ns2="http://bus.gov.ru/external/1" xmlns:xsi="http://www.w3.org/2001/XMLSchema-instance" xmlns:ns3="http://bus.gov.ru/fk/1">
    <ns2:body>                        
	<ns2:position xmlns:ns2="http://bus.gov.ru/external/1" xmlns="http://bus.gov.ru/types/1" xmlns:xsi="http://www.w3.org/2001/XMLSchema-instance" xmlns:ns3="http://bus.gov.ru/fk/1">
            <positionId>2513e443-d85d-4380-88f1-f3bfc54a3bbd</positionId>
            <changeDate>2012-11-16T06:46:51.805+04:00</changeDate>
            <placer>
                <regNum>0895100000291</regNum>
                <fullName>федеральное государственное казенное учреждение "Управление вневедомственной охраны Главного управления Министерства внутренних дел Российской Федерации по Новосибирской области"</fullName>
                <inn>5406718793</inn>
                <kpp>540601001</kpp>
            </placer>
            <initiator>
                <regNum>0895100000291</regNum>
                <fullName>федеральное государственное казенное учреждение "Управление вневедомственной охраны Главного управления Министерства внутренних дел Российской Федерации по Новосибирской области"</fullName>
                <inn>5406718793</inn>
                <kpp>540601001</kpp>
            </initiator>
            <versionNumber>4</versionNumber>
            <main>
                <shortName>ФГКУ УВО ГУ МВД России по Новосибирской области</shortName>
                <ogrn>1125476117469</ogrn>
                <rbs>
                    <regNum>0151100000132</regNum>
                    <fullName>Главное управление Министерства внутренних дел Российской Федерации по Новосибирской области</fullName>
                </rbs>
                <grbs>
                    <regNum>0173100000062</regNum>
                    <fullName>Министерство внутренних дел Российской Федерации</fullName>
                </grbs>
                <orgType>08</orgType>
                <classifier>
                    <okfs>
                        <code>12</code>
                        <name>Федеральная собственность</name>
                    </okfs>
                    <okopf>
                        <code>74</code>
                        <name>Казенные учреждения</name>
                    </okopf>
                    <okogu>
                        <code>1310500</code>
                        <name>Министерство внутренних дел Российской Федерации</name>
                    </okogu>
                    <okpo>
                        <code>08684883</code>
                    </okpo>
                    <okato>
                        <code>50401386000</code>
                        <name>Центральный</name>
                    </okato>
                    <okved>
                        <code>75.24.1</code>
                        <name>Деятельность органов внутренних дел</name>
                        <type>C</type>
                    </okved>
                </classifier>
                <address>
                    <zip>630099</zip>
                    <subject>
                        <code>54000000000</code>
                        <name>Новосибирская обл</name>
                    </subject>
                    <city>
                        <code>54000001000</code>
                        <name>Новосибирск г</name>
                    </city>
                    <street>
                        <code>540000010000917</code>
                        <name>Октябрьская ул</name>
                    </street>
                    <building>78</building>
                </address>
            </main>
            <additional>
                <institutionType>
                    <code>9900000</code>
                    <name>Прочие</name>
                </institutionType>
                <ppo>
                    <code>00000000000</code>
                    <name>Российская Федерация</name>
                    <okato>
                        <code>00000000000</code>
                        <name>Объекты административно-территориального деления, кроме сельских населенных пунктов</name>
                    </okato>
                    <oktmo>
                        <code>50701000</code>
                        <name>Город Новосибирск</name>
                    </oktmo>
                </ppo>
                <phone>7-383-2327456</phone>
                <www>http://uvo-novosib.ru/</www>
                <section>188</section>
                <oktmo>
                    <code>50701000</code>
                    <name>Город Новосибирск</name>
                </oktmo>
                <activity>
                    <okved>
                        <code>75.24.1</code>
                        <name>Деятельность органов внутренних дел</name>
                        <type>C</type>
                    </okved>
                    <name>75.24.1</name>
                </activity>
                <eMail>uvo@ngs.ru</eMail>
            </additional>
            <other>
                <chief>
                    <lastName>Москаев</lastName>
                    <firstName>Игорь</firstName>
                    <middleName>Иванович</middleName>
                    <position>Начальник</position>
                </chief>
                <founder>
                    <regNum>0173100000062</regNum>
                    <fullName>Министерство внутренних дел Российской Федерации</fullName>
                    <authorities>
                        <formative>true</formative>
                        <stateTask>false</stateTask>
                    </authorities>
                </founder>
                <founder>
                    <regNum>0173100000062</regNum>
                    <fullName>Министерство внутренних дел Российской Федерации</fullName>
                    <authorities>
                        <formative>false</formative>
                        <stateTask>true</stateTask>
                    </authorities>
                </founder>
            </other>
            <document>
                <name>Приказ о назначении руководителя.</name>
                <date>2012-08-01+04:00</date>
                <url>http://bus.gov.ru/public/download/download.html?id=6339816</url>
                <type>S</type>
            </document>
            <document>
                <name>Положения о филиалах 2012(с изменениями)</name>
                <date>2012-08-01+04:00</date>
                <url>http://bus.gov.ru/public/download/download.html?id=6339817</url>
                <type>L</type>
            </document>
            <document>
                <name>Приказ об утверждении положений о филиалах</name>
                <date>2012-08-02+04:00</date>
                <url>http://bus.gov.ru/public/download/download.html?id=6339818</url>
                <type>L</type>
            </document>
            <document>
                <name>УСТАВ</name>
                <date>2012-05-05+04:00</date>
                <url>http://bus.gov.ru/public/download/download.html?id=6339819</url>
                <type>C</type>
            </document>
            <document>
                <name>Распоряжение правительства</name>
                <date>2011-12-30+04:00</date>
                <url>http://bus.gov.ru/public/download/download.html?id=6339820</url>
                <type>C</type>
            </document>
            <document>
                <name>Свидетельство.</name>
                <date>2012-08-01+04:00</date>
                <url>http://bus.gov.ru/public/download/download.html?id=6339821</url>
                <type>F</type>
            </document>
            <document>
                <name>УСТАВ</name>
                <date>2012-05-05+04:00</date>
                <url>http://bus.gov.ru/public/download/download.html?id=6339822</url>
                <type>F</type>
            </document>
            <document>
                <name>Выписка из ЕГРЮЛ</name>
                <date>2012-08-01+04:00</date>
                <url>http://bus.gov.ru/public/download/download.html?id=6339823</url>
                <type>O</type>
            </document>
            <document>
                <name>Уведомление из пенсионного фонда</name>
                <date>2012-08-15+04:00</date>
                <url>http://bus.gov.ru/public/download/download.html?id=6339827</url>
                <type>O</type>
            </document>
            <document>
                <name>Приложение к уведомлению</name>
                <date>2012-09-10+04:00</date>
                <url>http://bus.gov.ru/public/download/download.html?id=6339826</url>
                <type>O</type>
            </document>
            <document>
                <name>Уведомление из госстатистики.</name>
                <date>2012-09-10+04:00</date>
                <url>http://bus.gov.ru/public/download/download.html?id=6339824</url>
                <type>O</type>
            </document>
            <document>
                <name>Извещение из ФСС</name>
                <date>2012-08-15+04:00</date>
                <url>http://bus.gov.ru/public/download/download.html?id=6339825</url>
                <type>O</type>
            </document>
            <document>
                <name>Коды окпо филиалов</name>
                <date>2012-11-13+04:00</date>
                <url>http://bus.gov.ru/public/download/download.html?id=6502605</url>
                <type>O</type>
            </document>
            <document>
                <name>Свидетельство о постановке нга учет  в налоговом органе.</name>
                <date>2012-08-01+04:00</date>
                <url>http://bus.gov.ru/public/download/download.html?id=6339829</url>
                <type>E</type>
            </document>
            <document>
                <name>Свидетельство о государственной регистрации</name>
                <date>2012-08-01+04:00</date>
                <url>http://bus.gov.ru/public/download/download.html?id=6339828</url>
                <type>E</type>
            </document>
        </ns2:position>
    
<ns2:position xmlns:ns2="http://bus.gov.ru/external/1" xmlns="http://bus.gov.ru/types/1" xmlns:xsi="http://www.w3.org/2001/XMLSchema-instance" xmlns:ns3="http://bus.gov.ru/fk/1">
            <positionId>a9716bc3-3853-4afa-bcdc-46339b286ea1</positionId>
            <changeDate>2012-04-27T11:09:57.611+04:00</changeDate>
            <placer>
                <regNum>0851100000007</regNum>
                <fullName>федеральное казенное учреждение "Западно-Сибирская база хранения ресурсов Министерства внутренних дел Российской Федерации"</fullName>
                <inn>5402118509</inn>
                <kpp>540201001</kpp>
            </placer>
            <initiator>
                <regNum>0851100000007</regNum>
                <fullName>федеральное казенное учреждение "Западно-Сибирская база хранения ресурсов Министерства внутренних дел Российской Федерации"</fullName>
                <inn>5402118509</inn>
                <kpp>540201001</kpp>
            </initiator>
            <versionNumber>0</versionNumber>
            <main>
                <shortName>ФКУ "ЗСБХР МВД России"</shortName>
                <ogrn>1025401021953</ogrn>
                <rbs>
                    <regNum>0851100000004</regNum>
                    <fullName>федеральное казенное учреждение "Сибирское окружное управление материально-технического снабжения Министерства внутренних дел Российской Федерации"</fullName>
                </rbs>
                <grbs>
                    <regNum>0173100000054</regNum>
                    <fullName>Министерство внутренних дел Российской Федерации</fullName>
                </grbs>
                <orgType>08</orgType>
                <classifier>
                    <okfs>
                        <code>12</code>
                        <name>Федеральная собственность</name>
                    </okfs>
                    <okopf>
                        <code>72</code>
                        <name>Бюджетные учреждения</name>
                    </okopf>
                    <okogu>
                        <code>1310500</code>
                        <name>Министерство внутренних дел Российской Федерации</name>
                    </okogu>
                    <okpo>
                        <code>08569811</code>
                    </okpo>
                    <okato>
                        <code>50401000000</code>
                        <name>Новосибирск</name>
                    </okato>
                    <okved>
                        <code>74.20.42</code>
                        <name>Деятельность в области метрологии</name>
                        <type>O</type>
                    </okved>
                    <okved>
                        <code>75.14</code>
                        <name>Вспомогательная деятельность в области государственного управления</name>
                        <type>O</type>
                    </okved>
                    <okved>
                        <code>63.12</code>
                        <name>Хранение и складирование</name>
                        <type>O</type>
                    </okved>
                </classifier>
                <address>
                    <zip>630049</zip>
                    <subject>
                        <code>54000000000</code>
                        <name>Новосибирская область</name>
                    </subject>
                    <city>
                        <code>54000001000</code>
                        <name>Новосибирск</name>
                    </city>
                    <street>
                        <name>Красный проспект</name>
                    </street>
                    <building>218а</building>
                </address>
            </main>
            <additional>
                <institutionType>
                    <code>0900000</code>
                    <name>Национальная оборона</name>
                </institutionType>
                <ppo>
                    <code>00000000000</code>
                    <name>Российская Федерация</name>
                    <okato>
                        <code>00000000000</code>
                        <name>Объекты административно-территориального деления, кроме сельских населенных пунктов</name>
                    </okato>
                    <oktmo>
                        <code>50701000</code>
                        <name>- Город Новосибирск</name>
                    </oktmo>
                </ppo>
                <phone>7-383-2285739</phone>
                <section>188</section>
                <oktmo>
                    <code>50701000</code>
                    <name>- Город Новосибирск</name>
                </oktmo>
                <activity>
                    <okved>
                        <code>74.20.42</code>
                        <name>Деятельность в области метрологии</name>
                    </okved>
                    <name>Деятельность в области метрологии</name>
                </activity>
                <activity>
                    <okved>
                        <code>75.14</code>
                        <name>Вспомогательная деятельность в области государственного управления</name>
                    </okved>
                    <name>Вспомогательная деятельность в области государственного управления
</name>
                </activity>
                <activity>
                    <okved>
                        <code>63.12</code>
                        <name>Хранение и складирование</name>
                    </okved>
                    <name>Хранение и складирование</name>
                </activity>
                <eMail>voenbaza@yandex.ru</eMail>
            </additional>
            <other>
                <chief>
                    <lastName>Дударев</lastName>
                    <firstName>Михаил</firstName>
                    <middleName>Владимирович</middleName>
                    <position>начальник</position>
                </chief>
                <founder>
                    <regNum>0173100000062</regNum>
                    <fullName>Министерство внутренних дел Российской Федерации</fullName>
                </founder>
            </other>
            <document>
                <name>Устав</name>
                <date>2010-03-30+04:00</date>
                <url>http://bus.gov.ru/public/download/download.html?id=2918663</url>
                <type>F</type>
            </document>
            <document>
                <name>ИзмененияУстав</name>
                <date>2011-05-30+04:00</date>
                <url>http://bus.gov.ru/public/download/download.html?id=2918693</url>
                <type>F</type>
            </document>
            <document>
                <name>ОГРН</name>
                <date>1994-02-08+03:00</date>
                <url>http://bus.gov.ru/public/download/download.html?id=2918719</url>
                <type>F</type>
            </document>
            <document>
                <name>Приказ</name>
                <date>2006-11-27+03:00</date>
                <url>http://bus.gov.ru/public/download/download.html?id=2918761</url>
                <type>S</type>
            </document>
            <document>
                <name>филиал</name>
                <date>2012-01-31+04:00</date>
                <url>http://bus.gov.ru/public/download/download.html?id=2918794</url>
                <type>L</type>
            </document>
            <document>
                <name>Отчет на сайт1</name>
                <date>2012-02-29+04:00</date>
                <url>http://bus.gov.ru/public/download/download.html?id=2918837</url>
                <type>O</type>
            </document>
            <document>
                <name>ЕГРЮЛ</name>
                <date>2011-08-23+04:00</date>
                <url>http://bus.gov.ru/public/download/download.html?id=2918748</url>
                <type>E</type>
            </document>
        </ns2:position>
    
<ns2:position xmlns:ns2="http://bus.gov.ru/external/1" xmlns="http://bus.gov.ru/types/1" xmlns:xsi="http://www.w3.org/2001/XMLSchema-instance" xmlns:ns3="http://bus.gov.ru/fk/1">
            <positionId>a9716bc3-3853-4afa-bcdc-46339b286ea1</positionId>
            <changeDate>2012-04-27T11:09:57.611+04:00</changeDate>
            <placer>
                <regNum>0851100000007</regNum>
                <fullName>федеральное казенное учреждение "Западно-Сибирская база хранения ресурсов Министерства внутренних дел Российской Федерации"</fullName>
                <inn>5402118509</inn>
                <kpp>540201001</kpp>
            </placer>
            <initiator>
                <regNum>0851100000007</regNum>
                <fullName>федеральное казенное учреждение "Западно-Сибирская база хранения ресурсов Министерства внутренних дел Российской Федерации"</fullName>
                <inn>5402118509</inn>
                <kpp>540201001</kpp>
            </initiator>
            <versionNumber>0</versionNumber>
            <main>
                <shortName>ФКУ "ЗСБХР МВД России"</shortName>
                <ogrn>1025401021953</ogrn>
                <rbs>
                    <regNum>0851100000004</regNum>
                    <fullName>федеральное казенное учреждение "Сибирское окружное управление материально-технического снабжения Министерства внутренних дел Российской Федерации"</fullName>
                </rbs>
                <grbs>
                    <regNum>0173100000054</regNum>
                    <fullName>Министерство внутренних дел Российской Федерации</fullName>
                </grbs>
                <orgType>08</orgType>
                <classifier>
                    <okfs>
                        <code>12</code>
                        <name>Федеральная собственность</name>
                    </okfs>
                    <okopf>
                        <code>72</code>
                        <name>Бюджетные учреждения</name>
                    </okopf>
                    <okogu>
                        <code>1310500</code>
                        <name>Министерство внутренних дел Российской Федерации</name>
                    </okogu>
                    <okpo>
                        <code>08569811</code>
                    </okpo>
                    <okato>
                        <code>50401000000</code>
                        <name>Новосибирск</name>
                    </okato>
                    <okved>
                        <code>74.20.42</code>
                        <name>Деятельность в области метрологии</name>
                        <type>O</type>
                    </okved>
                    <okved>
                        <code>75.14</code>
                        <name>Вспомогательная деятельность в области государственного управления</name>
                        <type>O</type>
                    </okved>
                    <okved>
                        <code>63.12</code>
                        <name>Хранение и складирование</name>
                        <type>O</type>
                    </okved>
                </classifier>
                <address>
                    <zip>630049</zip>
                    <subject>
                        <code>54000000000</code>
                        <name>Новосибирская область</name>
                    </subject>
                    <city>
                        <code>54000001000</code>
                        <name>Новосибирск</name>
                    </city>
                    <street>
                        <name>Красный проспект</name>
                    </street>
                    <building>218а</building>
                </address>
            </main>
            <additional>
                <institutionType>
                    <code>0900000</code>
                    <name>Национальная оборона</name>
                </institutionType>
                <ppo>
                    <code>00000000000</code>
                    <name>Российская Федерация</name>
                    <okato>
                        <code>00000000000</code>
                        <name>Объекты административно-территориального деления, кроме сельских населенных пунктов</name>
                    </okato>
                    <oktmo>
                        <code>50701000</code>
                        <name>- Город Новосибирск</name>
                    </oktmo>
                </ppo>
                <phone>7-383-2285739</phone>
                <section>188</section>
                <oktmo>
                    <code>50701000</code>
                    <name>- Город Новосибирск</name>
                </oktmo>
                <activity>
                    <okved>
                        <code>74.20.42</code>
                        <name>Деятельность в области метрологии</name>
                    </okved>
                    <name>Деятельность в области метрологии</name>
                </activity>
                <activity>
                    <okved>
                        <code>75.14</code>
                        <name>Вспомогательная деятельность в области государственного управления</name>
                    </okved>
                    <name>Вспомогательная деятельность в области государственного управления
</name>
                </activity>
                <activity>
                    <okved>
                        <code>63.12</code>
                        <name>Хранение и складирование</name>
                    </okved>
                    <name>Хранение и складирование</name>
                </activity>
                <eMail>voenbaza@yandex.ru</eMail>
            </additional>
            <other>
                <chief>
                    <lastName>Дударев</lastName>
                    <firstName>Михаил</firstName>
                    <middleName>Владимирович</middleName>
                    <position>начальник</position>
                </chief>
                <founder>
                    <regNum>0173100000062</regNum>
                    <fullName>Министерство внутренних дел Российской Федерации</fullName>
                </founder>
            </other>
            <document>
                <name>Устав</name>
                <date>2010-03-30+04:00</date>
                <url>http://bus.gov.ru/public/download/download.html?id=2918663</url>
                <type>F</type>
            </document>
            <document>
                <name>ИзмененияУстав</name>
                <date>2011-05-30+04:00</date>
                <url>http://bus.gov.ru/public/download/download.html?id=2918693</url>
                <type>F</type>
            </document>
            <document>
                <name>ОГРН</name>
                <date>1994-02-08+03:00</date>
                <url>http://bus.gov.ru/public/download/download.html?id=2918719</url>
                <type>F</type>
            </document>
            <document>
                <name>Приказ</name>
                <date>2006-11-27+03:00</date>
                <url>http://bus.gov.ru/public/download/download.html?id=2918761</url>
                <type>S</type>
            </document>
            <document>
                <name>филиал</name>
                <date>2012-01-31+04:00</date>
                <url>http://bus.gov.ru/public/download/download.html?id=2918794</url>
                <type>L</type>
            </document>
            <document>
                <name>Отчет на сайт1</name>
                <date>2012-02-29+04:00</date>
                <url>http://bus.gov.ru/public/download/download.html?id=2918837</url>
                <type>O</type>
            </document>
            <document>
                <name>ЕГРЮЛ</name>
                <date>2011-08-23+04:00</date>
                <url>http://bus.gov.ru/public/download/download.html?id=2918748</url>
                <type>E</type>
            </document>
        </ns2:position>
    
<ns2:position xmlns:ns2="http://bus.gov.ru/external/1" xmlns="http://bus.gov.ru/types/1" xmlns:xsi="http://www.w3.org/2001/XMLSchema-instance" xmlns:ns3="http://bus.gov.ru/fk/1">
            <positionId>3d321a71-e3fc-4694-b930-5b08a7765a01</positionId>
            <changeDate>2012-04-24T08:35:55.673+04:00</changeDate>
            <placer>
                <regNum>0851100000004</regNum>
                <fullName>федеральное казенное учреждение "Сибирское окружное управление материально-технического снабжения Министерства внутренних дел Российской Федерации"</fullName>
                <inn>5406012197</inn>
                <kpp>540601001</kpp>
            </placer>
            <initiator>
                <regNum>0851100000004</regNum>
                <fullName>федеральное казенное учреждение "Сибирское окружное управление материально-технического снабжения Министерства внутренних дел Российской Федерации"</fullName>
                <inn>5406012197</inn>
                <kpp>540601001</kpp>
            </initiator>
            <versionNumber>2</versionNumber>
            <main>
                <shortName>ФКУ "СОУМТС МВД России"</shortName>
                <ogrn>1025402467177</ogrn>
                <rbs>
                    <regNum>0173100000054</regNum>
                    <fullName>Министерство внутренних дел Российской Федерации</fullName>
                </rbs>
                <grbs>
                    <regNum>0173100000054</regNum>
                    <fullName>Министерство внутренних дел Российской Федерации</fullName>
                </grbs>
                <orgType>08</orgType>
                <classifier>
                    <okfs>
                        <code>12</code>
                        <name>Федеральная собственность</name>
                    </okfs>
                    <okopf>
                        <code>72</code>
                        <name>Бюджетные учреждения</name>
                    </okopf>
                    <okogu>
                        <code>1310500</code>
                        <name>Министерство внутренних дел Российской Федерации</name>
                    </okogu>
                    <okpo>
                        <code>08569805</code>
                    </okpo>
                    <okato>
                        <code>50401000000</code>
                        <name>Новосибирск</name>
                    </okato>
                    <okved>
                        <code>75.24.1</code>
                        <name>Деятельность органов внутренних дел</name>
                        <type>C</type>
                    </okved>
                </classifier>
                <address>
                    <zip>630099</zip>
                    <subject>
                        <code>54000000000</code>
                        <name>Новосибирская обл</name>
                    </subject>
                    <city>
                        <code>54000001000</code>
                        <name>Новосибирск г</name>
                    </city>
                    <street>
                        <name>Трудовая ул</name>
                    </street>
                    <building>11</building>
                </address>
            </main>
            <additional>
                <institutionType>
                    <code>9900000</code>
                    <name>Прочие</name>
                </institutionType>
                <ppo>
                    <code>00000000000</code>
                    <name>Российская Федерация</name>
                    <okato>
                        <code>00000000000</code>
                        <name>Объекты административно-территориального деления, кроме сельских населенных пунктов</name>
                    </okato>
                </ppo>
                <phone>7-383-2322279</phone>
                <www>http://sumts.ru/</www>
                <section>188</section>
                <oktmo>
                    <code>50701000</code>
                    <name>- Город Новосибирск</name>
                </oktmo>
                <activity>
                    <okved>
                        <code>75.24.1</code>
                        <name>Деятельность органов внутренних дел</name>
                    </okved>
                    <name>Деятельность органов внутренних дел</name>
                </activity>
                <eMail>zcoumtvc@mail.ru</eMail>
            </additional>
            <other>
                <chief>
                    <lastName>Мамин</lastName>
                    <firstName>Сергей</firstName>
                    <middleName>Николаевич</middleName>
                    <position>начальник учреждения</position>
                </chief>
                <founder>
                    <regNum>0173100000062</regNum>
                    <fullName>Министерство внутренних дел Российской Федерации</fullName>
                </founder>
            </other>
            <document>
                <name>Свидетельство о внесении записи в Единый государственный реестр юридических лиц. </name>
                <date>2011-08-10+04:00</date>
                <url>http://bus.gov.ru/public/download/download.html?id=2713080</url>
                <type>E</type>
            </document>
            <document>
                <name>Приказ об утверждении устава от 03 марта 2010 года № 148.</name>
                <date>2010-03-03+03:00</date>
                <url>http://bus.gov.ru/public/download/download.html?id=2713081</url>
                <type>F</type>
            </document>
            <document>
                <name>Свидетельство о постановке на учет российской организации в налоговом органе по месту нахождения на территории Российской Федерации.</name>
                <date>1999-10-20+04:00</date>
                <url>http://bus.gov.ru/public/download/download.html?id=2713082</url>
                <type>E</type>
            </document>
            <document>
                <name>Приказ о внесении изменений в устав от 30.05.2011 года № 416.</name>
                <date>2011-05-30+04:00</date>
                <url>http://bus.gov.ru/public/download/download.html?id=2713083</url>
                <type>F</type>
            </document>
            <document>
                <name>Приказ о назначении руководителя.</name>
                <date>2006-03-30+04:00</date>
                <url>http://bus.gov.ru/public/download/download.html?id=2713084</url>
                <type>S</type>
            </document>
            <document>
                <name>Отчет на сайтУправление</name>
                <date>2012-02-24+04:00</date>
                <url>http://bus.gov.ru/public/download/download.html?id=2713085</url>
                <type>O</type>
            </document>
        </ns2:position>
    
<ns2:position xmlns:ns2="http://bus.gov.ru/external/1" xmlns="http://bus.gov.ru/types/1" xmlns:xsi="http://www.w3.org/2001/XMLSchema-instance" xmlns:ns3="http://bus.gov.ru/fk/1">
            <positionId>10edda76-ad80-439a-908f-e6d2cdee5da9</positionId>
            <changeDate>2012-07-05T15:36:05.864+04:00</changeDate>
            <placer>
                <regNum>0851100000034</regNum>
                <fullName>федеральное казенное учреждение здравоохранения "Медико-санитарная часть Министерства внутренних дел Российской Федерации по Новосибирской области"</fullName>
                <inn>5406345862</inn>
                <kpp>540601001</kpp>
            </placer>
            <initiator>
                <regNum>0851100000034</regNum>
                <fullName>федеральное казенное учреждение здравоохранения "Медико-санитарная часть Министерства внутренних дел Российской Федерации по Новосибирской области"</fullName>
                <inn>5406345862</inn>
                <kpp>540601001</kpp>
            </initiator>
            <versionNumber>0</versionNumber>
            <main>
                <shortName>ФКУЗ "МСЧ МВД России по Новосибирской области"</shortName>
                <ogrn>1065406096227</ogrn>
                <rbs>
                    <regNum>0151100000132</regNum>
                    <fullName>Главное управление Министерства внутренних дел Российской Федерации по Новосибирской области</fullName>
                </rbs>
                <grbs>
                    <regNum>0173100000054</regNum>
                    <fullName>Министерство внутренних дел Российской Федерации</fullName>
                </grbs>
                <orgType>08</orgType>
                <classifier>
                    <okfs>
                        <code>12</code>
                        <name>Федеральная собственность</name>
                    </okfs>
                    <okopf>
                        <code>72</code>
                        <name>Бюджетные учреждения</name>
                    </okopf>
                    <okogu>
                        <code>1310500</code>
                        <name>Министерство внутренних дел Российской Федерации</name>
                    </okogu>
                    <okpo>
                        <code>08813180</code>
                    </okpo>
                    <okato>
                        <code>50401000000</code>
                        <name>Новосибирск</name>
                    </okato>
                    <okved>
                        <code>85.14.5</code>
                        <name>Деятельность учреждений санитарно-эпидемиологической службы</name>
                        <type>O</type>
                    </okved>
                    <okved>
                        <code>85.13</code>
                        <name>Стоматологическая практика</name>
                        <type>O</type>
                    </okved>
                    <okved>
                        <code>85.11.1</code>
                        <name>Деятельность больничных учреждений широкого профиля и специализированных</name>
                        <type>C</type>
                    </okved>
                    <okved>
                        <code>85.12</code>
                        <name>Врачебная практика</name>
                        <type>O</type>
                    </okved>
                    <okved>
                        <code>85.14.3</code>
                        <name>Деятельность медицинских лабораторий</name>
                        <type>O</type>
                    </okved>
                    <okved>
                        <code>85.14.2</code>
                        <name>Деятельность вспомогательного стоматологического персонала</name>
                        <type>O</type>
                    </okved>
                    <okved>
                        <code>85.14.1</code>
                        <name>Деятельность среднего медицинского персонала</name>
                        <type>O</type>
                    </okved>
                </classifier>
                <address>
                    <zip>630099</zip>
                    <subject>
                        <code>54000000000</code>
                        <name>Новосибирская обл</name>
                    </subject>
                    <city>
                        <code>54000001000</code>
                        <name>Новосибирск г</name>
                    </city>
                    <street>
                        <code>540000010000606</code>
                        <name>Коммунистическая ул</name>
                    </street>
                    <building>75</building>
                </address>
            </main>
            <additional>
                <institutionType>
                    <code>0500000</code>
                    <name>Здравоохранение</name>
                </institutionType>
                <ppo>
                    <code>00000000000</code>
                    <name>Российская Федерация</name>
                    <okato>
                        <code>00000000000</code>
                        <name>Объекты административно-территориального деления, кроме сельских населенных пунктов</name>
                    </okato>
                    <oktmo>
                        <code>50701000</code>
                        <name>- Город Новосибирск</name>
                    </oktmo>
                </ppo>
                <phone>7-383-2327274</phone>
                <www>http://www.msch54.org</www>
                <section>188</section>
                <oktmo>
                    <code>50701000</code>
                    <name>- Город Новосибирск</name>
                </oktmo>
                <activity>
                    <okved>
                        <code>85.14.5</code>
                        <name>Деятельность учреждений санитарно-эпидемиологической службы</name>
                    </okved>
                    <name>Центр государственного санитарно-эпидемиологического надзора</name>
                </activity>
                <activity>
                    <okved>
                        <code>85.13</code>
                        <name>Стоматологическая практика</name>
                    </okved>
                    <name>Терапевтическая стоматология</name>
                </activity>
                <activity>
                    <okved>
                        <code>85.11.1</code>
                        <name>Деятельность больничных учреждений широкого профиля и специализированных</name>
                    </okved>
                    <name>Деятельность больничных учреждений широкого профиля и специализированных</name>
                </activity>
                <activity>
                    <okved>
                        <code>85.12</code>
                        <name>Врачебная практика</name>
                    </okved>
                    <name>Врачебная практика</name>
                </activity>
                <activity>
                    <okved>
                        <code>85.14.3</code>
                        <name>Деятельность медицинских лабораторий</name>
                    </okved>
                    <name>Лабораторная диагностика</name>
                </activity>
                <activity>
                    <okved>
                        <code>85.14.2</code>
                        <name>Деятельность вспомогательного стоматологического персонала</name>
                    </okved>
                    <name>Ортопедическая стоматология</name>
                </activity>
                <activity>
                    <okved>
                        <code>85.14.1</code>
                        <name>Деятельность среднего медицинского персонала</name>
                    </okved>
                    <name>Сестринское дело</name>
                </activity>
                <eMail>msch54mvd@ngs.ru</eMail>
            </additional>
            <other>
                <chief>
                    <lastName>Шакалите</lastName>
                    <firstName>Юлия</firstName>
                    <middleName>Данелюсовна</middleName>
                    <position>начальник учреждения</position>
                </chief>
                <founder>
                    <regNum>0173100000062</regNum>
                    <fullName>Министерство внутренних дел Российской Федерации</fullName>
                </founder>
            </other>
            <document>
                <name>выписка из приказа </name>
                <date>2012-06-01+04:00</date>
                <url>http://bus.gov.ru/public/download/download.html?id=4461031</url>
                <type>S</type>
            </document>
            <document>
                <name>приказ 550</name>
                <date>2011-05-31+04:00</date>
                <url>http://bus.gov.ru/public/download/download.html?id=4456235</url>
                <type>F</type>
            </document>
            <document>
                <name>приказ 1051 </name>
                <date>2007-11-16+03:00</date>
                <url>http://bus.gov.ru/public/download/download.html?id=4456383</url>
                <type>F</type>
            </document>
            <document>
                <name>приказ 1109 </name>
                <date>2005-12-30+03:00</date>
                <url>http://bus.gov.ru/public/download/download.html?id=4456750</url>
                <type>F</type>
            </document>
            <document>
                <name>свидетельство </name>
                <date>2006-03-16+03:00</date>
                <url>http://bus.gov.ru/public/download/download.html?id=4456830</url>
                <type>E</type>
            </document>
            <document>
                <name>свидетельство ЕГРЮЛ</name>
                <date>2011-08-03+04:00</date>
                <url>http://bus.gov.ru/public/download/download.html?id=4456853</url>
                <type>E</type>
            </document>
        </ns2:position>
    
<ns2:position xmlns:ns2="http://bus.gov.ru/external/1" xmlns="http://bus.gov.ru/types/1" xmlns:xsi="http://www.w3.org/2001/XMLSchema-instance" xmlns:ns3="http://bus.gov.ru/fk/1">
            <positionId>3d321a71-e3fc-4694-b930-5b08a7765a01</positionId>
            <changeDate>2012-04-24T08:35:55.673+04:00</changeDate>
            <placer>
                <regNum>0851100000004</regNum>
                <fullName>федеральное казенное учреждение "Сибирское окружное управление материально-технического снабжения Министерства внутренних дел Российской Федерации"</fullName>
                <inn>5406012197</inn>
                <kpp>540601001</kpp>
            </placer>
            <initiator>
                <regNum>0851100000004</regNum>
                <fullName>федеральное казенное учреждение "Сибирское окружное управление материально-технического снабжения Министерства внутренних дел Российской Федерации"</fullName>
                <inn>5406012197</inn>
                <kpp>540601001</kpp>
            </initiator>
            <versionNumber>2</versionNumber>
            <main>
                <shortName>ФКУ "СОУМТС МВД России"</shortName>
                <ogrn>1025402467177</ogrn>
                <rbs>
                    <regNum>0173100000054</regNum>
                    <fullName>Министерство внутренних дел Российской Федерации</fullName>
                </rbs>
                <grbs>
                    <regNum>0173100000054</regNum>
                    <fullName>Министерство внутренних дел Российской Федерации</fullName>
                </grbs>
                <orgType>08</orgType>
                <classifier>
                    <okfs>
                        <code>12</code>
                        <name>Федеральная собственность</name>
                    </okfs>
                    <okopf>
                        <code>72</code>
                        <name>Бюджетные учреждения</name>
                    </okopf>
                    <okogu>
                        <code>1310500</code>
                        <name>Министерство внутренних дел Российской Федерации</name>
                    </okogu>
                    <okpo>
                        <code>08569805</code>
                    </okpo>
                    <okato>
                        <code>50401000000</code>
                        <name>Новосибирск</name>
                    </okato>
                    <okved>
                        <code>75.24.1</code>
                        <name>Деятельность органов внутренних дел</name>
                        <type>C</type>
                    </okved>
                </classifier>
                <address>
                    <zip>630099</zip>
                    <subject>
                        <code>54000000000</code>
                        <name>Новосибирская обл</name>
                    </subject>
                    <city>
                        <code>54000001000</code>
                        <name>Новосибирск г</name>
                    </city>
                    <street>
                        <name>Трудовая ул</name>
                    </street>
                    <building>11</building>
                </address>
            </main>
            <additional>
                <institutionType>
                    <code>9900000</code>
                    <name>Прочие</name>
                </institutionType>
                <ppo>
                    <code>00000000000</code>
                    <name>Российская Федерация</name>
                    <okato>
                        <code>00000000000</code>
                        <name>Объекты административно-территориального деления, кроме сельских населенных пунктов</name>
                    </okato>
                </ppo>
                <phone>7-383-2322279</phone>
                <www>http://sumts.ru/</www>
                <section>188</section>
                <oktmo>
                    <code>50701000</code>
                    <name>- Город Новосибирск</name>
                </oktmo>
                <activity>
                    <okved>
                        <code>75.24.1</code>
                        <name>Деятельность органов внутренних дел</name>
                    </okved>
                    <name>Деятельность органов внутренних дел</name>
                </activity>
                <eMail>zcoumtvc@mail.ru</eMail>
            </additional>
            <other>
                <chief>
                    <lastName>Мамин</lastName>
                    <firstName>Сергей</firstName>
                    <middleName>Николаевич</middleName>
                    <position>начальник учреждения</position>
                </chief>
                <founder>
                    <regNum>0173100000062</regNum>
                    <fullName>Министерство внутренних дел Российской Федерации</fullName>
                </founder>
            </other>
            <document>
                <name>Свидетельство о внесении записи в Единый государственный реестр юридических лиц. </name>
                <date>2011-08-10+04:00</date>
                <url>http://bus.gov.ru/public/download/download.html?id=2713080</url>
                <type>E</type>
            </document>
            <document>
                <name>Приказ об утверждении устава от 03 марта 2010 года № 148.</name>
                <date>2010-03-03+03:00</date>
                <url>http://bus.gov.ru/public/download/download.html?id=2713081</url>
                <type>F</type>
            </document>
            <document>
                <name>Свидетельство о постановке на учет российской организации в налоговом органе по месту нахождения на территории Российской Федерации.</name>
                <date>1999-10-20+04:00</date>
                <url>http://bus.gov.ru/public/download/download.html?id=2713082</url>
                <type>E</type>
            </document>
            <document>
                <name>Приказ о внесении изменений в устав от 30.05.2011 года № 416.</name>
                <date>2011-05-30+04:00</date>
                <url>http://bus.gov.ru/public/download/download.html?id=2713083</url>
                <type>F</type>
            </document>
            <document>
                <name>Приказ о назначении руководителя.</name>
                <date>2006-03-30+04:00</date>
                <url>http://bus.gov.ru/public/download/download.html?id=2713084</url>
                <type>S</type>
            </document>
            <document>
                <name>Отчет на сайтУправление</name>
                <date>2012-02-24+04:00</date>
                <url>http://bus.gov.ru/public/download/download.html?id=2713085</url>
                <type>O</type>
            </document>
        </ns2:position>
    
<ns2:position xmlns:ns2="http://bus.gov.ru/external/1" xmlns="http://bus.gov.ru/types/1" xmlns:xsi="http://www.w3.org/2001/XMLSchema-instance" xmlns:ns3="http://bus.gov.ru/fk/1">
            <positionId>10edda76-ad80-439a-908f-e6d2cdee5da9</positionId>
            <changeDate>2012-07-05T15:36:05.864+04:00</changeDate>
            <placer>
                <regNum>0851100000034</regNum>
                <fullName>федеральное казенное учреждение здравоохранения "Медико-санитарная часть Министерства внутренних дел Российской Федерации по Новосибирской области"</fullName>
                <inn>5406345862</inn>
                <kpp>540601001</kpp>
            </placer>
            <initiator>
                <regNum>0851100000034</regNum>
                <fullName>федеральное казенное учреждение здравоохранения "Медико-санитарная часть Министерства внутренних дел Российской Федерации по Новосибирской области"</fullName>
                <inn>5406345862</inn>
                <kpp>540601001</kpp>
            </initiator>
            <versionNumber>0</versionNumber>
            <main>
                <shortName>ФКУЗ "МСЧ МВД России по Новосибирской области"</shortName>
                <ogrn>1065406096227</ogrn>
                <rbs>
                    <regNum>0151100000132</regNum>
                    <fullName>Главное управление Министерства внутренних дел Российской Федерации по Новосибирской области</fullName>
                </rbs>
                <grbs>
                    <regNum>0173100000054</regNum>
                    <fullName>Министерство внутренних дел Российской Федерации</fullName>
                </grbs>
                <orgType>08</orgType>
                <classifier>
                    <okfs>
                        <code>12</code>
                        <name>Федеральная собственность</name>
                    </okfs>
                    <okopf>
                        <code>72</code>
                        <name>Бюджетные учреждения</name>
                    </okopf>
                    <okogu>
                        <code>1310500</code>
                        <name>Министерство внутренних дел Российской Федерации</name>
                    </okogu>
                    <okpo>
                        <code>08813180</code>
                    </okpo>
                    <okato>
                        <code>50401000000</code>
                        <name>Новосибирск</name>
                    </okato>
                    <okved>
                        <code>85.14.5</code>
                        <name>Деятельность учреждений санитарно-эпидемиологической службы</name>
                        <type>O</type>
                    </okved>
                    <okved>
                        <code>85.13</code>
                        <name>Стоматологическая практика</name>
                        <type>O</type>
                    </okved>
                    <okved>
                        <code>85.11.1</code>
                        <name>Деятельность больничных учреждений широкого профиля и специализированных</name>
                        <type>C</type>
                    </okved>
                    <okved>
                        <code>85.12</code>
                        <name>Врачебная практика</name>
                        <type>O</type>
                    </okved>
                    <okved>
                        <code>85.14.3</code>
                        <name>Деятельность медицинских лабораторий</name>
                        <type>O</type>
                    </okved>
                    <okved>
                        <code>85.14.2</code>
                        <name>Деятельность вспомогательного стоматологического персонала</name>
                        <type>O</type>
                    </okved>
                    <okved>
                        <code>85.14.1</code>
                        <name>Деятельность среднего медицинского персонала</name>
                        <type>O</type>
                    </okved>
                </classifier>
                <address>
                    <zip>630099</zip>
                    <subject>
                        <code>54000000000</code>
                        <name>Новосибирская обл</name>
                    </subject>
                    <city>
                        <code>54000001000</code>
                        <name>Новосибирск г</name>
                    </city>
                    <street>
                        <code>540000010000606</code>
                        <name>Коммунистическая ул</name>
                    </street>
                    <building>75</building>
                </address>
            </main>
            <additional>
                <institutionType>
                    <code>0500000</code>
                    <name>Здравоохранение</name>
                </institutionType>
                <ppo>
                    <code>00000000000</code>
                    <name>Российская Федерация</name>
                    <okato>
                        <code>00000000000</code>
                        <name>Объекты административно-территориального деления, кроме сельских населенных пунктов</name>
                    </okato>
                    <oktmo>
                        <code>50701000</code>
                        <name>- Город Новосибирск</name>
                    </oktmo>
                </ppo>
                <phone>7-383-2327274</phone>
                <www>http://www.msch54.org</www>
                <section>188</section>
                <oktmo>
                    <code>50701000</code>
                    <name>- Город Новосибирск</name>
                </oktmo>
                <activity>
                    <okved>
                        <code>85.14.5</code>
                        <name>Деятельность учреждений санитарно-эпидемиологической службы</name>
                    </okved>
                    <name>Центр государственного санитарно-эпидемиологического надзора</name>
                </activity>
                <activity>
                    <okved>
                        <code>85.13</code>
                        <name>Стоматологическая практика</name>
                    </okved>
                    <name>Терапевтическая стоматология</name>
                </activity>
                <activity>
                    <okved>
                        <code>85.11.1</code>
                        <name>Деятельность больничных учреждений широкого профиля и специализированных</name>
                    </okved>
                    <name>Деятельность больничных учреждений широкого профиля и специализированных</name>
                </activity>
                <activity>
                    <okved>
                        <code>85.12</code>
                        <name>Врачебная практика</name>
                    </okved>
                    <name>Врачебная практика</name>
                </activity>
                <activity>
                    <okved>
                        <code>85.14.3</code>
                        <name>Деятельность медицинских лабораторий</name>
                    </okved>
                    <name>Лабораторная диагностика</name>
                </activity>
                <activity>
                    <okved>
                        <code>85.14.2</code>
                        <name>Деятельность вспомогательного стоматологического персонала</name>
                    </okved>
                    <name>Ортопедическая стоматология</name>
                </activity>
                <activity>
                    <okved>
                        <code>85.14.1</code>
                        <name>Деятельность среднего медицинского персонала</name>
                    </okved>
                    <name>Сестринское дело</name>
                </activity>
                <eMail>msch54mvd@ngs.ru</eMail>
            </additional>
            <other>
                <chief>
                    <lastName>Шакалите</lastName>
                    <firstName>Юлия</firstName>
                    <middleName>Данелюсовна</middleName>
                    <position>начальник учреждения</position>
                </chief>
                <founder>
                    <regNum>0173100000062</regNum>
                    <fullName>Министерство внутренних дел Российской Федерации</fullName>
                </founder>
            </other>
            <document>
                <name>выписка из приказа </name>
                <date>2012-06-01+04:00</date>
                <url>http://bus.gov.ru/public/download/download.html?id=4461031</url>
                <type>S</type>
            </document>
            <document>
                <name>приказ 550</name>
                <date>2011-05-31+04:00</date>
                <url>http://bus.gov.ru/public/download/download.html?id=4456235</url>
                <type>F</type>
            </document>
            <document>
                <name>приказ 1051 </name>
                <date>2007-11-16+03:00</date>
                <url>http://bus.gov.ru/public/download/download.html?id=4456383</url>
                <type>F</type>
            </document>
            <document>
                <name>приказ 1109 </name>
                <date>2005-12-30+03:00</date>
                <url>http://bus.gov.ru/public/download/download.html?id=4456750</url>
                <type>F</type>
            </document>
            <document>
                <name>свидетельство </name>
                <date>2006-03-16+03:00</date>
                <url>http://bus.gov.ru/public/download/download.html?id=4456830</url>
                <type>E</type>
            </document>
            <document>
                <name>свидетельство ЕГРЮЛ</name>
                <date>2011-08-03+04:00</date>
                <url>http://bus.gov.ru/public/download/download.html?id=4456853</url>
                <type>E</type>
            </document>
        </ns2:position>
    
<ns2:position xmlns:ns2="http://bus.gov.ru/external/1" xmlns="http://bus.gov.ru/types/1" xmlns:xsi="http://www.w3.org/2001/XMLSchema-instance" xmlns:ns3="http://bus.gov.ru/fk/1">
            <positionId>fd6511cb-6aa8-4e76-aea0-e967f8bca737</positionId>
            <changeDate>2012-11-07T12:20:23.438+04:00</changeDate>
            <placer>
                <regNum>0895100000291</regNum>
                <fullName>федеральное государственное казенное учреждение "Управление вневедомственной охраны Главного управления Министерства внутренних дел Российской Федерации по Новосибирской области"</fullName>
                <inn>5406718793</inn>
                <kpp>540601001</kpp>
            </placer>
            <initiator>
                <regNum>0895100000291</regNum>
                <fullName>федеральное государственное казенное учреждение "Управление вневедомственной охраны Главного управления Министерства внутренних дел Российской Федерации по Новосибирской области"</fullName>
                <inn>5406718793</inn>
                <kpp>540601001</kpp>
            </initiator>
            <versionNumber>3</versionNumber>
            <main>
                <shortName>ФГКУ УВО ГУ МВД России по Новосибирской области</shortName>
                <ogrn>1125476117469</ogrn>
                <rbs>
                    <regNum>0151100000132</regNum>
                    <fullName>Главное управление Министерства внутренних дел Российской Федерации по Новосибирской области</fullName>
                </rbs>
                <grbs>
                    <regNum>0173100000062</regNum>
                    <fullName>Министерство внутренних дел Российской Федерации</fullName>
                </grbs>
                <orgType>08</orgType>
                <classifier>
                    <okfs>
                        <code>12</code>
                        <name>Федеральная собственность</name>
                    </okfs>
                    <okopf>
                        <code>74</code>
                        <name>Казенные учреждения</name>
                    </okopf>
                    <okogu>
                        <code>1310500</code>
                        <name>Министерство внутренних дел Российской Федерации</name>
                    </okogu>
                    <okpo>
                        <code>08684883</code>
                    </okpo>
                    <okato>
                        <code>50401386000</code>
                        <name>Центральный</name>
                    </okato>
                    <okved>
                        <code>75.24.1</code>
                        <name>Деятельность органов внутренних дел</name>
                        <type>C</type>
                    </okved>
                </classifier>
                <address>
                    <zip>630099</zip>
                    <subject>
                        <code>54000000000</code>
                        <name>Новосибирская обл</name>
                    </subject>
                    <city>
                        <code>54000001000</code>
                        <name>Новосибирск г</name>
                    </city>
                    <street>
                        <code>540000010000917</code>
                        <name>Октябрьская ул</name>
                    </street>
                    <building>78</building>
                </address>
            </main>
            <additional>
                <institutionType>
                    <code>9900000</code>
                    <name>Прочие</name>
                </institutionType>
                <ppo>
                    <code>00000000000</code>
                    <name>Российская Федерация</name>
                    <okato>
                        <code>00000000000</code>
                        <name>Объекты административно-территориального деления, кроме сельских населенных пунктов</name>
                    </okato>
                    <oktmo>
                        <code>50701000</code>
                        <name>Город Новосибирск</name>
                    </oktmo>
                </ppo>
                <phone>7-383-2327456</phone>
                <www>http://uvo-novosib.ru/</www>
                <section>188</section>
                <oktmo>
                    <code>50701000</code>
                    <name>Город Новосибирск</name>
                </oktmo>
                <activity>
                    <okved>
                        <code>75.24.1</code>
                        <name>Деятельность органов внутренних дел</name>
                        <type>C</type>
                    </okved>
                    <name>75.24.1</name>
                </activity>
                <eMail>uvo@ngs.ru</eMail>
            </additional>
            <other>
                <chief>
                    <lastName>Москаев</lastName>
                    <firstName>Игорь</firstName>
                    <middleName>Иванович</middleName>
                    <position>Начальник</position>
                </chief>
                <founder>
                    <regNum>0173100000062</regNum>
                    <fullName>Министерство внутренних дел Российской Федерации</fullName>
                    <authorities>
                        <formative>true</formative>
                        <stateTask>false</stateTask>
                    </authorities>
                </founder>
                <founder>
                    <regNum>0173100000062</regNum>
                    <fullName>Министерство внутренних дел Российской Федерации</fullName>
                    <authorities>
                        <formative>false</formative>
                        <stateTask>true</stateTask>
                    </authorities>
                </founder>
            </other>
            <document>
                <name>Приказ о назначении руководителя.</name>
                <date>2012-08-01+04:00</date>
                <url>http://bus.gov.ru/public/download/download.html?id=6308474</url>
                <type>S</type>
            </document>
            <document>
                <name>Положения о филиалах 2012(с изменениями)</name>
                <date>2012-08-01+04:00</date>
                <url>http://bus.gov.ru/public/download/download.html?id=6308475</url>
                <type>L</type>
            </document>
            <document>
                <name>Приказ об утверждении положений о филиалах</name>
                <date>2012-08-02+04:00</date>
                <url>http://bus.gov.ru/public/download/download.html?id=6308716</url>
                <type>L</type>
            </document>
            <document>
                <name>УСТАВ</name>
                <date>2012-05-05+04:00</date>
                <url>http://bus.gov.ru/public/download/download.html?id=6308476</url>
                <type>C</type>
            </document>
            <document>
                <name>Распоряжение правительства</name>
                <date>2011-12-30+04:00</date>
                <url>http://bus.gov.ru/public/download/download.html?id=6308668</url>
                <type>C</type>
            </document>
            <document>
                <name>Свидетельство.</name>
                <date>2012-08-01+04:00</date>
                <url>http://bus.gov.ru/public/download/download.html?id=6308477</url>
                <type>F</type>
            </document>
            <document>
                <name>УСТАВ</name>
                <date>2012-05-05+04:00</date>
                <url>http://bus.gov.ru/public/download/download.html?id=6308478</url>
                <type>F</type>
            </document>
            <document>
                <name>Выписка из ЕГРЮЛ</name>
                <date>2012-08-01+04:00</date>
                <url>http://bus.gov.ru/public/download/download.html?id=6308483</url>
                <type>O</type>
            </document>
            <document>
                <name>Уведомление из госстатистики.</name>
                <date>2012-09-10+04:00</date>
                <url>http://bus.gov.ru/public/download/download.html?id=6308482</url>
                <type>O</type>
            </document>
            <document>
                <name>Извещение из ФСС</name>
                <date>2012-08-15+04:00</date>
                <url>http://bus.gov.ru/public/download/download.html?id=6308481</url>
                <type>O</type>
            </document>
            <document>
                <name>Приложение к уведомлению</name>
                <date>2012-09-10+04:00</date>
                <url>http://bus.gov.ru/public/download/download.html?id=6308479</url>
                <type>O</type>
            </document>
            <document>
                <name>Уведомление из пенсионного фонда</name>
                <date>2012-08-15+04:00</date>
                <url>http://bus.gov.ru/public/download/download.html?id=6308480</url>
                <type>O</type>
            </document>
            <document>
                <name>Свидетельство о государственной регистрации</name>
                <date>2012-08-01+04:00</date>
                <url>http://bus.gov.ru/public/download/download.html?id=6308484</url>
                <type>E</type>
            </document>
            <document>
                <name>Свидетельство о постановке нга учет  в налоговом органе.</name>
                <date>2012-08-01+04:00</date>
                <url>http://bus.gov.ru/public/download/download.html?id=6308485</url>
                <type>E</type>
            </document>
        </ns2:position>
    

    </ns2:body>
    </ns2:institutionInfo>        
        