<?xml version="1.0" encoding="UTF-8" standalone="yes"?>
<ns2:institutionInfo xsi:schemaLocation="http://bus.gov.ru/public/schema/TFF-0.1.3.1/External.xsd" xmlns="http://bus.gov.ru/types/1" xmlns:ns2="http://bus.gov.ru/external/1" xmlns:xsi="http://www.w3.org/2001/XMLSchema-instance" xmlns:ns3="http://bus.gov.ru/fk/1">
    <ns2:body>                        
	<ns2:position xmlns:ns2="http://bus.gov.ru/external/1" xmlns="http://bus.gov.ru/types/1" xmlns:xsi="http://www.w3.org/2001/XMLSchema-instance" xmlns:ns3="http://bus.gov.ru/fk/1">
            <positionId>9f16bdcd-b179-4a56-8baa-819024080852</positionId>
            <changeDate>2012-05-18T09:23:28.371+04:00</changeDate>
            <placer>
                <regNum>0853100000022</regNum>
                <fullName>федеральное казенное учреждение здравоохранения "Медико-санитарная часть Министерства внутренних дел Российской Федерации по Оренбургской области"</fullName>
                <inn>5610092474</inn>
                <kpp>561001001</kpp>
            </placer>
            <initiator>
                <regNum>0853100000022</regNum>
                <fullName>федеральное казенное учреждение здравоохранения "Медико-санитарная часть Министерства внутренних дел Российской Федерации по Оренбургской области"</fullName>
                <inn>5610092474</inn>
                <kpp>561001001</kpp>
            </initiator>
            <versionNumber>0</versionNumber>
            <main>
                <shortName>ФКУЗ "МСЧ МВД России по Оренбургской области"</shortName>
                <ogrn>1065610007165</ogrn>
                <rbs>
                    <regNum>0153100000001</regNum>
                    <fullName>Управление Министерства внутренних дел Российской Федерации по Оренбургской области</fullName>
                </rbs>
                <grbs>
                    <regNum>0173100000054</regNum>
                    <fullName>Министерство внутренних дел Российской Федерации</fullName>
                </grbs>
                <orgType>08</orgType>
                <classifier>
                    <okfs>
                        <code>12</code>
                        <name>Федеральная собственность</name>
                    </okfs>
                    <okopf>
                        <code>72</code>
                        <name>Бюджетные учреждения</name>
                    </okopf>
                    <okogu>
                        <code>1310500</code>
                        <name>Министерство внутренних дел Российской Федерации</name>
                    </okogu>
                    <okpo>
                        <code>08811287</code>
                    </okpo>
                    <okato>
                        <code>53401000000</code>
                        <name>Оренбург</name>
                    </okato>
                    <okved>
                        <code>85.12</code>
                        <name>Врачебная практика</name>
                        <type>O</type>
                    </okved>
                    <okved>
                        <code>85.14</code>
                        <name>Прочая деятельность по охране здоровья</name>
                        <type>O</type>
                    </okved>
                    <okved>
                        <code>85.13</code>
                        <name>Стоматологическая практика</name>
                        <type>O</type>
                    </okved>
                    <okved>
                        <code>85.11.1</code>
                        <name>Деятельность больничных учреждений широкого профиля и специализированных</name>
                        <type>C</type>
                    </okved>
                </classifier>
                <address>
                    <zip>460000</zip>
                    <subject>
                        <code>56000000000</code>
                        <name>Оренбургская обл</name>
                    </subject>
                    <city>
                        <code>56000001000</code>
                        <name>Оренбург г</name>
                    </city>
                    <street>
                        <code>560000010000289</code>
                        <name>Чичерина ул</name>
                    </street>
                    <building>38</building>
                </address>
            </main>
            <additional>
                <institutionType>
                    <code>0509000</code>
                    <name>Медико-санитарная часть, в том числе центральная</name>
                </institutionType>
                <ppo>
                    <code>00000000000</code>
                    <name>Российская Федерация</name>
                    <okato>
                        <code>00000000000</code>
                        <name>Объекты административно-территориального деления, кроме сельских населенных пунктов</name>
                    </okato>
                    <oktmo>
                        <code>53701000</code>
                        <name>- Город Оренбург</name>
                    </oktmo>
                </ppo>
                <phone>7-3532-790741</phone>
                <www>http://www.medmvd56.ucoz.u</www>
                <section>188</section>
                <oktmo>
                    <code>53701000</code>
                    <name>- Город Оренбург</name>
                </oktmo>
                <activity>
                    <okved>
                        <code>85.13</code>
                        <name>Стоматологическая практика</name>
                    </okved>
                    <name>Стоматологическая практика</name>
                </activity>
                <activity>
                    <okved>
                        <code>85.11.1</code>
                        <name>Деятельность больничных учреждений широкого профиля и специализированных</name>
                    </okved>
                    <name>Деятельность больничных учреждений широкого профиля и специализированных</name>
                </activity>
                <activity>
                    <okved>
                        <code>85.12</code>
                        <name>Врачебная практика</name>
                    </okved>
                    <name>Врачебная прктика</name>
                </activity>
                <activity>
                    <okved>
                        <code>85.14</code>
                        <name>Прочая деятельность по охране здоровья</name>
                    </okved>
                    <name>Прочая деятельность по охране здоровья</name>
                </activity>
            </additional>
            <other>
                <chief>
                    <lastName>Чурносов</lastName>
                    <firstName>Александр</firstName>
                    <middleName>Николаевич</middleName>
                    <position>начальник</position>
                </chief>
                <founder>
                    <regNum>0173100000062</regNum>
                    <fullName>Министерство внутренних дел Российской Федерации</fullName>
                </founder>
            </other>
            <document>
                <name>Приказ</name>
                <date>2006-02-21+03:00</date>
                <url>http://bus.gov.ru/public/download/download.html?id=3426236</url>
                <type>S</type>
            </document>
            <document>
                <name>Учередит.док-ты</name>
                <date>2005-12-30+03:00</date>
                <url>http://bus.gov.ru/public/download/download.html?id=3426475</url>
                <type>F</type>
            </document>
            <document>
                <name>Свидетельство</name>
                <date>2011-07-06+04:00</date>
                <url>http://bus.gov.ru/public/download/download.html?id=3423315</url>
                <type>E</type>
            </document>
        </ns2:position>
    
<ns2:position xmlns:ns2="http://bus.gov.ru/external/1" xmlns="http://bus.gov.ru/types/1" xmlns:xsi="http://www.w3.org/2001/XMLSchema-instance" xmlns:ns3="http://bus.gov.ru/fk/1">
            <positionId>9f16bdcd-b179-4a56-8baa-819024080852</positionId>
            <changeDate>2012-05-18T09:23:28.371+04:00</changeDate>
            <placer>
                <regNum>0853100000022</regNum>
                <fullName>федеральное казенное учреждение здравоохранения "Медико-санитарная часть Министерства внутренних дел Российской Федерации по Оренбургской области"</fullName>
                <inn>5610092474</inn>
                <kpp>561001001</kpp>
            </placer>
            <initiator>
                <regNum>0853100000022</regNum>
                <fullName>федеральное казенное учреждение здравоохранения "Медико-санитарная часть Министерства внутренних дел Российской Федерации по Оренбургской области"</fullName>
                <inn>5610092474</inn>
                <kpp>561001001</kpp>
            </initiator>
            <versionNumber>0</versionNumber>
            <main>
                <shortName>ФКУЗ "МСЧ МВД России по Оренбургской области"</shortName>
                <ogrn>1065610007165</ogrn>
                <rbs>
                    <regNum>0153100000001</regNum>
                    <fullName>Управление Министерства внутренних дел Российской Федерации по Оренбургской области</fullName>
                </rbs>
                <grbs>
                    <regNum>0173100000054</regNum>
                    <fullName>Министерство внутренних дел Российской Федерации</fullName>
                </grbs>
                <orgType>08</orgType>
                <classifier>
                    <okfs>
                        <code>12</code>
                        <name>Федеральная собственность</name>
                    </okfs>
                    <okopf>
                        <code>72</code>
                        <name>Бюджетные учреждения</name>
                    </okopf>
                    <okogu>
                        <code>1310500</code>
                        <name>Министерство внутренних дел Российской Федерации</name>
                    </okogu>
                    <okpo>
                        <code>08811287</code>
                    </okpo>
                    <okato>
                        <code>53401000000</code>
                        <name>Оренбург</name>
                    </okato>
                    <okved>
                        <code>85.12</code>
                        <name>Врачебная практика</name>
                        <type>O</type>
                    </okved>
                    <okved>
                        <code>85.14</code>
                        <name>Прочая деятельность по охране здоровья</name>
                        <type>O</type>
                    </okved>
                    <okved>
                        <code>85.13</code>
                        <name>Стоматологическая практика</name>
                        <type>O</type>
                    </okved>
                    <okved>
                        <code>85.11.1</code>
                        <name>Деятельность больничных учреждений широкого профиля и специализированных</name>
                        <type>C</type>
                    </okved>
                </classifier>
                <address>
                    <zip>460000</zip>
                    <subject>
                        <code>56000000000</code>
                        <name>Оренбургская обл</name>
                    </subject>
                    <city>
                        <code>56000001000</code>
                        <name>Оренбург г</name>
                    </city>
                    <street>
                        <code>560000010000289</code>
                        <name>Чичерина ул</name>
                    </street>
                    <building>38</building>
                </address>
            </main>
            <additional>
                <institutionType>
                    <code>0509000</code>
                    <name>Медико-санитарная часть, в том числе центральная</name>
                </institutionType>
                <ppo>
                    <code>00000000000</code>
                    <name>Российская Федерация</name>
                    <okato>
                        <code>00000000000</code>
                        <name>Объекты административно-территориального деления, кроме сельских населенных пунктов</name>
                    </okato>
                    <oktmo>
                        <code>53701000</code>
                        <name>- Город Оренбург</name>
                    </oktmo>
                </ppo>
                <phone>7-3532-790741</phone>
                <www>http://www.medmvd56.ucoz.u</www>
                <section>188</section>
                <oktmo>
                    <code>53701000</code>
                    <name>- Город Оренбург</name>
                </oktmo>
                <activity>
                    <okved>
                        <code>85.13</code>
                        <name>Стоматологическая практика</name>
                    </okved>
                    <name>Стоматологическая практика</name>
                </activity>
                <activity>
                    <okved>
                        <code>85.11.1</code>
                        <name>Деятельность больничных учреждений широкого профиля и специализированных</name>
                    </okved>
                    <name>Деятельность больничных учреждений широкого профиля и специализированных</name>
                </activity>
                <activity>
                    <okved>
                        <code>85.12</code>
                        <name>Врачебная практика</name>
                    </okved>
                    <name>Врачебная прктика</name>
                </activity>
                <activity>
                    <okved>
                        <code>85.14</code>
                        <name>Прочая деятельность по охране здоровья</name>
                    </okved>
                    <name>Прочая деятельность по охране здоровья</name>
                </activity>
            </additional>
            <other>
                <chief>
                    <lastName>Чурносов</lastName>
                    <firstName>Александр</firstName>
                    <middleName>Николаевич</middleName>
                    <position>начальник</position>
                </chief>
                <founder>
                    <regNum>0173100000062</regNum>
                    <fullName>Министерство внутренних дел Российской Федерации</fullName>
                </founder>
            </other>
            <document>
                <name>Приказ</name>
                <date>2006-02-21+03:00</date>
                <url>http://bus.gov.ru/public/download/download.html?id=3426236</url>
                <type>S</type>
            </document>
            <document>
                <name>Учередит.док-ты</name>
                <date>2005-12-30+03:00</date>
                <url>http://bus.gov.ru/public/download/download.html?id=3426475</url>
                <type>F</type>
            </document>
            <document>
                <name>Свидетельство</name>
                <date>2011-07-06+04:00</date>
                <url>http://bus.gov.ru/public/download/download.html?id=3423315</url>
                <type>E</type>
            </document>
        </ns2:position>
    
<ns2:position xmlns:ns2="http://bus.gov.ru/external/1" xmlns="http://bus.gov.ru/types/1" xmlns:xsi="http://www.w3.org/2001/XMLSchema-instance" xmlns:ns3="http://bus.gov.ru/fk/1">
            <positionId>c3b22798-f03d-4c53-8b9d-41df4508fdb6</positionId>
            <changeDate>2012-11-02T10:50:53.347+04:00</changeDate>
            <placer>
                <regNum>0353100000177</regNum>
                <fullName>федеральное государственное казенное учреждение "Управление вневедомственной охраны Управления Министерства внутренних дел Российской Федерации по Оренбургской области"</fullName>
                <inn>5610147959</inn>
                <kpp>561001001</kpp>
            </placer>
            <initiator>
                <regNum>0353100000177</regNum>
                <fullName>федеральное государственное казенное учреждение "Управление вневедомственной охраны Управления Министерства внутренних дел Российской Федерации по Оренбургской области"</fullName>
                <inn>5610147959</inn>
                <kpp>561001001</kpp>
            </initiator>
            <versionNumber>0</versionNumber>
            <main>
                <shortName>ФГКУ УВО УМВД России по Оренбургской области</shortName>
                <ogrn>1125658025790</ogrn>
                <rbs>
                    <regNum>0153100000001</regNum>
                    <fullName>Управление Министерства внутренних дел Российской Федерации по Оренбургской области</fullName>
                </rbs>
                <grbs>
                    <regNum>0173100000062</regNum>
                    <fullName>Министерство внутренних дел Российской Федерации</fullName>
                </grbs>
                <orgType>08</orgType>
                <classifier>
                    <okfs>
                        <code>12</code>
                        <name>Федеральная собственность</name>
                    </okfs>
                    <okopf>
                        <code>74</code>
                        <name>Казенные учреждения</name>
                    </okopf>
                    <okogu>
                        <code>1310500</code>
                        <name>Министерство внутренних дел Российской Федерации</name>
                    </okogu>
                    <okpo>
                        <code>08684535</code>
                    </okpo>
                    <okato>
                        <code>53401364000</code>
                        <name>Ленинский</name>
                    </okato>
                    <okved>
                        <code>75.24.1</code>
                        <name>Деятельность органов внутренних дел</name>
                        <type>C</type>
                    </okved>
                </classifier>
                <address>
                    <zip>460000</zip>
                    <subject>
                        <code>56000000000</code>
                        <name>Оренбургская обл</name>
                    </subject>
                    <city>
                        <code>56000001000</code>
                        <name>Оренбург г</name>
                    </city>
                    <street>
                        <code>560000010000389</code>
                        <name>Кобозева ул</name>
                    </street>
                    <building>дом 58</building>
                </address>
            </main>
            <additional>
                <institutionType>
                    <code>9900000</code>
                    <name>Прочие</name>
                </institutionType>
                <ppo>
                    <code>00000000000</code>
                    <name>Российская Федерация</name>
                    <okato>
                        <code>00000000000</code>
                        <name>Объекты административно-территориального деления, кроме сельских населенных пунктов</name>
                    </okato>
                </ppo>
                <phone>8-3532-998297</phone>
                <section>188</section>
                <oktmo>
                    <code>53701000</code>
                    <name>Город Оренбург</name>
                </oktmo>
                <activity>
                    <okved>
                        <code>75.24.1</code>
                        <name>Деятельность органов внутренних дел</name>
                        <type>C</type>
                    </okved>
                    <name>деятельность органов внутренних дел</name>
                </activity>
                <eMail>feouvo@inbox.ru</eMail>
            </additional>
            <other>
                <chief>
                    <lastName>Сударчиков</lastName>
                    <firstName>Владислав</firstName>
                    <middleName>Юрьевич</middleName>
                    <position>начальник</position>
                </chief>
                <founder>
                    <regNum>0173100000062</regNum>
                    <fullName>Министерство внутренних дел Российской Федерации</fullName>
                </founder>
            </other>
            <document>
                <name>выписка</name>
                <date>2012-08-07+04:00</date>
                <url>http://bus.gov.ru/public/download/download.html?id=5896385</url>
                <type>S</type>
            </document>
            <document>
                <name>Приказ</name>
                <date>2012-05-05+04:00</date>
                <url>http://bus.gov.ru/public/download/download.html?id=5896298</url>
                <type>C</type>
            </document>
            <document>
                <name>Устав-приказ</name>
                <date>2012-05-05+04:00</date>
                <url>http://bus.gov.ru/public/download/download.html?id=5896073</url>
                <type>F</type>
            </document>
            <document>
                <name>свидетельство 001</name>
                <date>2012-08-02+04:00</date>
                <url>http://bus.gov.ru/public/download/download.html?id=5896193</url>
                <type>E</type>
            </document>
        </ns2:position>
    
<ns2:position xmlns:ns2="http://bus.gov.ru/external/1" xmlns="http://bus.gov.ru/types/1" xmlns:xsi="http://www.w3.org/2001/XMLSchema-instance" xmlns:ns3="http://bus.gov.ru/fk/1">
            <positionId>62a6091a-fd21-42dd-8a47-2a6c1f500bc3</positionId>
            <changeDate>2012-10-22T08:54:09.668+04:00</changeDate>
            <placer>
                <regNum>0895100000556</regNum>
                <fullName>Отдел вневедомственной охраны по городу Оренбургу - филиал федерального государственного казенного учреждения "Управление вневедомственной охраны Управления Министерства внутренних дел Российской Федерации по Оренбургской области"</fullName>
                <inn>5610147959</inn>
                <kpp>561043001</kpp>
            </placer>
            <initiator>
                <regNum>0895100000556</regNum>
                <fullName>Отдел вневедомственной охраны по городу Оренбургу - филиал федерального государственного казенного учреждения "Управление вневедомственной охраны Управления Министерства внутренних дел Российской Федерации по Оренбургской области"</fullName>
                <inn>5610147959</inn>
                <kpp>561043001</kpp>
            </initiator>
            <versionNumber>0</versionNumber>
            <main>
                <shortName>ОВО по городу Оренбургу - ФФГКУ УВО УМВД России по Оренбургской области</shortName>
                <ogrn>1125658025790</ogrn>
                <rbs>
                    <regNum>0353100000177</regNum>
                    <fullName>федеральное государственное казенное учреждение "Управление вневедомственной охраны Управления Министерства внутренних дел Российской Федерации по Оренбургской области"</fullName>
                </rbs>
                <grbs>
                    <regNum>0173100000062</regNum>
                    <fullName>Министерство внутренних дел Российской Федерации</fullName>
                </grbs>
                <orgType>08</orgType>
                <classifier>
                    <okfs>
                        <code>12</code>
                        <name>Федеральная собственность</name>
                    </okfs>
                    <okopf>
                        <code>74</code>
                        <name>Казенные учреждения</name>
                    </okopf>
                    <okogu>
                        <code>1310500</code>
                        <name>Министерство внутренних дел Российской Федерации</name>
                    </okogu>
                    <okpo>
                        <code>08684535</code>
                    </okpo>
                    <okato>
                        <code>53401364000</code>
                        <name>Ленинский</name>
                    </okato>
                    <okved>
                        <code>75.24.1</code>
                        <name>Деятельность органов внутренних дел</name>
                        <type>C</type>
                    </okved>
                </classifier>
                <address>
                    <zip>460040</zip>
                    <subject>
                        <code>56000000000</code>
                        <name>Оренбургская</name>
                    </subject>
                    <city>
                        <code>56000001000</code>
                        <name>Оренбург</name>
                    </city>
                    <street>
                        <name>Гагарина проспект</name>
                    </street>
                    <building>19</building>
                </address>
            </main>
            <additional>
                <institutionType>
                    <code>9900000</code>
                    <name>Прочие</name>
                </institutionType>
                <ppo>
                    <code>00000000000</code>
                    <name>Российская Федерация</name>
                    <okato>
                        <code>00000000000</code>
                        <name>Объекты административно-территориального деления, кроме сельских населенных пунктов</name>
                    </okato>
                    <oktmo>
                        <code>53701000</code>
                        <name>Город Оренбург</name>
                    </oktmo>
                </ppo>
                <phone>7-3532-336206</phone>
                <section>188</section>
                <oktmo>
                    <code>53701000</code>
                    <name>Город Оренбург</name>
                </oktmo>
                <activity>
                    <okved>
                        <code>75.24.1</code>
                        <name>Деятельность органов внутренних дел</name>
                        <type>C</type>
                    </okved>
                    <name>Деятельность органов внутренних дел</name>
                </activity>
                <eMail>orenovo@list.ru</eMail>
            </additional>
            <other>
                <chief>
                    <lastName>Яньшин</lastName>
                    <firstName>Сергей</firstName>
                    <middleName>Михайлович</middleName>
                    <position>Начальник</position>
                </chief>
                <founder>
                    <regNum>0173100000062</regNum>
                    <fullName>Министерство внутренних дел Российской Федерации</fullName>
                </founder>
            </other>
            <document>
                <name>Выписка из приказа о назначении начальника</name>
                <date>2012-03-06+04:00</date>
                <url>http://bus.gov.ru/public/download/download.html?id=5935137</url>
                <type>S</type>
            </document>
            <document>
                <name>Доверенность начальника</name>
                <date>2012-08-08+04:00</date>
                <url>http://bus.gov.ru/public/download/download.html?id=5935214</url>
                <type>S</type>
            </document>
            <document>
                <name>Приказ о реорганизации</name>
                <date>2012-05-22+04:00</date>
                <url>http://bus.gov.ru/public/download/download.html?id=5935091</url>
                <type>C</type>
            </document>
            <document>
                <name>Распоряжение Правительства РФ №2437-р от 30.12.2011</name>
                <date>2011-12-30+04:00</date>
                <url>http://bus.gov.ru/public/download/download.html?id=5935070</url>
                <type>C</type>
            </document>
            <document>
                <name>Положение</name>
                <date>2012-08-07+04:00</date>
                <url>http://bus.gov.ru/public/download/download.html?id=5934932</url>
                <type>F</type>
            </document>
            <document>
                <name>Приказ об утверждении Положения</name>
                <date>2012-08-07+04:00</date>
                <url>http://bus.gov.ru/public/download/download.html?id=5934786</url>
                <type>F</type>
            </document>
            <document>
                <name>Свидетельство о внесении записи в ЕГРЮЛ вышестоящей организации</name>
                <date>2012-08-02+04:00</date>
                <url>http://bus.gov.ru/public/download/download.html?id=5935053</url>
                <type>E</type>
            </document>
            <document>
                <name>Уведомление о постановке на учет</name>
                <date>2012-08-07+04:00</date>
                <url>http://bus.gov.ru/public/download/download.html?id=5934951</url>
                <type>E</type>
            </document>
            <document>
                <name>Свидетельство о государственной регистрации вышестоящей организации</name>
                <date>2012-08-02+04:00</date>
                <url>http://bus.gov.ru/public/download/download.html?id=5935024</url>
                <type>E</type>
            </document>
            <document>
                <name>Свидетельство о постановке на учет вышестоящей организации</name>
                <date>2012-08-02+04:00</date>
                <url>http://bus.gov.ru/public/download/download.html?id=5935036</url>
                <type>E</type>
            </document>
        </ns2:position>
    
<ns2:position xmlns:ns2="http://bus.gov.ru/external/1" xmlns="http://bus.gov.ru/types/1" xmlns:xsi="http://www.w3.org/2001/XMLSchema-instance" xmlns:ns3="http://bus.gov.ru/fk/1">
            <positionId>49603701-3d91-40bc-8cbb-c9737144ee11</positionId>
            <changeDate>2012-10-10T09:45:40.431+04:00</changeDate>
            <placer>
                <regNum>0895100000347</regNum>
                <fullName>федеральное казенное учреждение "Центр хозяйственного и сервисного обеспечения Управления Министерства внутренних дел Российской Федерации по Оренбургской области"</fullName>
                <inn>5612079302</inn>
                <kpp>561201001</kpp>
            </placer>
            <initiator>
                <regNum>0895100000347</regNum>
                <fullName>федеральное казенное учреждение "Центр хозяйственного и сервисного обеспечения Управления Министерства внутренних дел Российской Федерации по Оренбургской области"</fullName>
                <inn>5612079302</inn>
                <kpp>561201001</kpp>
            </initiator>
            <versionNumber>0</versionNumber>
            <main>
                <shortName>ФКУ "ЦХиСО УМВД России по Оренбургской области"</shortName>
                <ogrn>1125658026086</ogrn>
                <rbs>
                    <regNum>0153100000001</regNum>
                    <fullName>Управление Министерства внутренних дел Российской Федерации по Оренбургской области</fullName>
                </rbs>
                <grbs>
                    <regNum>0173100000062</regNum>
                    <fullName>Министерство внутренних дел Российской Федерации</fullName>
                </grbs>
                <orgType>08</orgType>
                <classifier>
                    <okfs>
                        <code>12</code>
                        <name>Федеральная собственность</name>
                    </okfs>
                    <okopf>
                        <code>74</code>
                        <name>Казенные учреждения</name>
                    </okopf>
                    <okogu>
                        <code>1310500</code>
                        <name>Министерство внутренних дел Российской Федерации</name>
                    </okogu>
                    <okpo>
                        <code>08684771</code>
                    </okpo>
                    <okato>
                        <code>53401373000</code>
                        <name>Центральный</name>
                    </okato>
                    <okved>
                        <code>22.2</code>
                        <name>Полиграфическая деятельность и предоставление услуг в этой области</name>
                        <type>O</type>
                    </okved>
                    <okved>
                        <code>60.23</code>
                        <name>Деятельность прочего сухопутного пассажирского транспорта</name>
                        <type>O</type>
                    </okved>
                    <okved>
                        <code>72.50</code>
                        <name>Техническое обслуживание и ремонт офисных машин и вычислительной техники</name>
                        <type>O</type>
                    </okved>
                    <okved>
                        <code>63.12</code>
                        <name>Хранение и складирование</name>
                        <type>O</type>
                    </okved>
                    <okved>
                        <code>55.23</code>
                        <name>Деятельность прочих мест для проживания</name>
                        <type>O</type>
                    </okved>
                    <okved>
                        <code>55.5</code>
                        <name>Деятельность столовых при предприятиях и учреждениях и поставка продукции общественного питания</name>
                        <type>O</type>
                    </okved>
                    <okved>
                        <code>29.60</code>
                        <name>Производство оружия и боеприпасов</name>
                        <type>O</type>
                    </okved>
                    <okved>
                        <code>50.20</code>
                        <name>Техническое обслуживание и ремонт автотранспортных средств</name>
                        <type>O</type>
                    </okved>
                    <okved>
                        <code>75.24.1</code>
                        <name>Деятельность органов внутренних дел</name>
                        <type>C</type>
                    </okved>
                    <okved>
                        <code>93.02</code>
                        <name>Предоставление услуг парикмахерскими и салонами красоты</name>
                        <type>O</type>
                    </okved>
                    <okved>
                        <code>60.24</code>
                        <name>Деятельность автомобильного грузового транспорта</name>
                        <type>O</type>
                    </okved>
                </classifier>
                <address>
                    <zip>460000</zip>
                    <subject>
                        <code>56000000000</code>
                        <name>Оренбургская обл</name>
                    </subject>
                    <city>
                        <code>56000001000</code>
                        <name>Оренбург г</name>
                    </city>
                    <street>
                        <code>560000010000087</code>
                        <name>Косогорный пер</name>
                    </street>
                    <building>дом 3</building>
                </address>
            </main>
            <additional>
                <institutionType>
                    <code>9900000</code>
                    <name>Прочие</name>
                </institutionType>
                <ppo>
                    <code>00000000000</code>
                    <name>Российская Федерация</name>
                    <okato>
                        <code>00000000000</code>
                        <name>Объекты административно-территориального деления, кроме сельских населенных пунктов</name>
                    </okato>
                    <oktmo>
                        <code>53701000</code>
                        <name>Город Оренбург</name>
                    </oktmo>
                </ppo>
                <phone>7-3532-790709</phone>
                <section>188</section>
                <oktmo>
                    <code>53701000</code>
                    <name>Город Оренбург</name>
                </oktmo>
                <activity>
                    <okved>
                        <code>22.2</code>
                        <name>Полиграфическая деятельность и предоставление услуг в этой области</name>
                    </okved>
                    <name>Полиграфическая деятельность и предоставление услуг в этой области</name>
                </activity>
                <activity>
                    <okved>
                        <code>60.23</code>
                        <name>Деятельность прочего сухопутного пассажирского транспорта</name>
                    </okved>
                    <name>Деятельность прочего сухопутного пассажирского транспорта</name>
                </activity>
                <activity>
                    <okved>
                        <code>72.50</code>
                        <name>Техническое обслуживание и ремонт офисных машин и вычислительной техники</name>
                    </okved>
                    <name>Техническое обслуживание и ремонт офисных машин и вычислительной техники</name>
                </activity>
                <activity>
                    <okved>
                        <code>63.12</code>
                        <name>Хранение и складирование</name>
                    </okved>
                    <name>Хранение и складирование</name>
                </activity>
                <activity>
                    <okved>
                        <code>55.23</code>
                        <name>Деятельность прочих мест для проживания</name>
                    </okved>
                    <name>Деятельность прочих мест для проживания</name>
                </activity>
                <activity>
                    <okved>
                        <code>55.5</code>
                        <name>Деятельность столовых при предприятиях и учреждениях и поставка продукции общественного питания</name>
                    </okved>
                    <name>Деятельность столовых при предприятиях и учреждениях и поставка продукции общественного питания</name>
                </activity>
                <activity>
                    <okved>
                        <code>29.60</code>
                        <name>Производство оружия и боеприпасов</name>
                    </okved>
                    <name>Производство оружия и боеприпасов</name>
                </activity>
                <activity>
                    <okved>
                        <code>50.20</code>
                        <name>Техническое обслуживание и ремонт автотранспортных средств</name>
                    </okved>
                    <name>Техническое обслуживание и ремонт автотранспортных средств</name>
                </activity>
                <activity>
                    <okved>
                        <code>75.24.1</code>
                        <name>Деятельность органов внутренних дел</name>
                    </okved>
                    <name>Деятельность органов внутренних дел</name>
                </activity>
                <activity>
                    <okved>
                        <code>93.02</code>
                        <name>Предоставление услуг парикмахерскими и салонами красоты</name>
                    </okved>
                    <name>Предоставление услуг парикмахерскими и салонами красоты</name>
                </activity>
                <activity>
                    <okved>
                        <code>60.24</code>
                        <name>Деятельность автомобильного грузового транспорта</name>
                    </okved>
                    <name>Деятельность автомобильного грузового транспорта</name>
                </activity>
                <eMail>fkuumvd56@mail.ru</eMail>
            </additional>
            <other>
                <chief>
                    <lastName>Навалов</lastName>
                    <firstName>Алексей</firstName>
                    <middleName>Анатольевич</middleName>
                    <position>Начальник</position>
                </chief>
                <founder>
                    <regNum>0173100000062</regNum>
                    <fullName>Министерство внутренних дел Российской Федерации</fullName>
                </founder>
            </other>
            <document>
                <name>приказ</name>
                <date>2012-07-27+04:00</date>
                <url>http://bus.gov.ru/public/download/download.html?id=5662336</url>
                <type>S</type>
            </document>
            <document>
                <name>распоряжение от 14.02.2012 № 199-р</name>
                <date>2012-02-14+04:00</date>
                <url>http://bus.gov.ru/public/download/download.html?id=5662260</url>
            </document>
            <document>
                <name>устав</name>
                <date>2012-03-30+04:00</date>
                <url>http://bus.gov.ru/public/download/download.html?id=5662093</url>
                <type>F</type>
            </document>
            <document>
                <name>свид-во о гос. регистрации</name>
                <date>2012-08-07+04:00</date>
                <url>http://bus.gov.ru/public/download/download.html?id=5662181</url>
                <type>E</type>
            </document>
        </ns2:position>
    
<ns2:position xmlns:ns2="http://bus.gov.ru/external/1" xmlns="http://bus.gov.ru/types/1" xmlns:xsi="http://www.w3.org/2001/XMLSchema-instance" xmlns:ns3="http://bus.gov.ru/fk/1">
            <positionId>c3b22798-f03d-4c53-8b9d-41df4508fdb6</positionId>
            <changeDate>2012-11-02T10:50:53.347+04:00</changeDate>
            <placer>
                <regNum>0353100000177</regNum>
                <fullName>федеральное государственное казенное учреждение "Управление вневедомственной охраны Управления Министерства внутренних дел Российской Федерации по Оренбургской области"</fullName>
                <inn>5610147959</inn>
                <kpp>561001001</kpp>
            </placer>
            <initiator>
                <regNum>0353100000177</regNum>
                <fullName>федеральное государственное казенное учреждение "Управление вневедомственной охраны Управления Министерства внутренних дел Российской Федерации по Оренбургской области"</fullName>
                <inn>5610147959</inn>
                <kpp>561001001</kpp>
            </initiator>
            <versionNumber>0</versionNumber>
            <main>
                <shortName>ФГКУ УВО УМВД России по Оренбургской области</shortName>
                <ogrn>1125658025790</ogrn>
                <rbs>
                    <regNum>0153100000001</regNum>
                    <fullName>Управление Министерства внутренних дел Российской Федерации по Оренбургской области</fullName>
                </rbs>
                <grbs>
                    <regNum>0173100000062</regNum>
                    <fullName>Министерство внутренних дел Российской Федерации</fullName>
                </grbs>
                <orgType>08</orgType>
                <classifier>
                    <okfs>
                        <code>12</code>
                        <name>Федеральная собственность</name>
                    </okfs>
                    <okopf>
                        <code>74</code>
                        <name>Казенные учреждения</name>
                    </okopf>
                    <okogu>
                        <code>1310500</code>
                        <name>Министерство внутренних дел Российской Федерации</name>
                    </okogu>
                    <okpo>
                        <code>08684535</code>
                    </okpo>
                    <okato>
                        <code>53401364000</code>
                        <name>Ленинский</name>
                    </okato>
                    <okved>
                        <code>75.24.1</code>
                        <name>Деятельность органов внутренних дел</name>
                        <type>C</type>
                    </okved>
                </classifier>
                <address>
                    <zip>460000</zip>
                    <subject>
                        <code>56000000000</code>
                        <name>Оренбургская обл</name>
                    </subject>
                    <city>
                        <code>56000001000</code>
                        <name>Оренбург г</name>
                    </city>
                    <street>
                        <code>560000010000389</code>
                        <name>Кобозева ул</name>
                    </street>
                    <building>дом 58</building>
                </address>
            </main>
            <additional>
                <institutionType>
                    <code>9900000</code>
                    <name>Прочие</name>
                </institutionType>
                <ppo>
                    <code>00000000000</code>
                    <name>Российская Федерация</name>
                    <okato>
                        <code>00000000000</code>
                        <name>Объекты административно-территориального деления, кроме сельских населенных пунктов</name>
                    </okato>
                </ppo>
                <phone>8-3532-998297</phone>
                <section>188</section>
                <oktmo>
                    <code>53701000</code>
                    <name>Город Оренбург</name>
                </oktmo>
                <activity>
                    <okved>
                        <code>75.24.1</code>
                        <name>Деятельность органов внутренних дел</name>
                        <type>C</type>
                    </okved>
                    <name>деятельность органов внутренних дел</name>
                </activity>
                <eMail>feouvo@inbox.ru</eMail>
            </additional>
            <other>
                <chief>
                    <lastName>Сударчиков</lastName>
                    <firstName>Владислав</firstName>
                    <middleName>Юрьевич</middleName>
                    <position>начальник</position>
                </chief>
                <founder>
                    <regNum>0173100000062</regNum>
                    <fullName>Министерство внутренних дел Российской Федерации</fullName>
                </founder>
            </other>
            <document>
                <name>выписка</name>
                <date>2012-08-07+04:00</date>
                <url>http://bus.gov.ru/public/download/download.html?id=5896385</url>
                <type>S</type>
            </document>
            <document>
                <name>Приказ</name>
                <date>2012-05-05+04:00</date>
                <url>http://bus.gov.ru/public/download/download.html?id=5896298</url>
                <type>C</type>
            </document>
            <document>
                <name>Устав-приказ</name>
                <date>2012-05-05+04:00</date>
                <url>http://bus.gov.ru/public/download/download.html?id=5896073</url>
                <type>F</type>
            </document>
            <document>
                <name>свидетельство 001</name>
                <date>2012-08-02+04:00</date>
                <url>http://bus.gov.ru/public/download/download.html?id=5896193</url>
                <type>E</type>
            </document>
        </ns2:position>
    
<ns2:position xmlns:ns2="http://bus.gov.ru/external/1" xmlns="http://bus.gov.ru/types/1" xmlns:xsi="http://www.w3.org/2001/XMLSchema-instance" xmlns:ns3="http://bus.gov.ru/fk/1">
            <positionId>62a6091a-fd21-42dd-8a47-2a6c1f500bc3</positionId>
            <changeDate>2012-10-22T08:54:09.668+04:00</changeDate>
            <placer>
                <regNum>0895100000556</regNum>
                <fullName>Отдел вневедомственной охраны по городу Оренбургу - филиал федерального государственного казенного учреждения "Управление вневедомственной охраны Управления Министерства внутренних дел Российской Федерации по Оренбургской области"</fullName>
                <inn>5610147959</inn>
                <kpp>561043001</kpp>
            </placer>
            <initiator>
                <regNum>0895100000556</regNum>
                <fullName>Отдел вневедомственной охраны по городу Оренбургу - филиал федерального государственного казенного учреждения "Управление вневедомственной охраны Управления Министерства внутренних дел Российской Федерации по Оренбургской области"</fullName>
                <inn>5610147959</inn>
                <kpp>561043001</kpp>
            </initiator>
            <versionNumber>0</versionNumber>
            <main>
                <shortName>ОВО по городу Оренбургу - ФФГКУ УВО УМВД России по Оренбургской области</shortName>
                <ogrn>1125658025790</ogrn>
                <rbs>
                    <regNum>0353100000177</regNum>
                    <fullName>федеральное государственное казенное учреждение "Управление вневедомственной охраны Управления Министерства внутренних дел Российской Федерации по Оренбургской области"</fullName>
                </rbs>
                <grbs>
                    <regNum>0173100000062</regNum>
                    <fullName>Министерство внутренних дел Российской Федерации</fullName>
                </grbs>
                <orgType>08</orgType>
                <classifier>
                    <okfs>
                        <code>12</code>
                        <name>Федеральная собственность</name>
                    </okfs>
                    <okopf>
                        <code>74</code>
                        <name>Казенные учреждения</name>
                    </okopf>
                    <okogu>
                        <code>1310500</code>
                        <name>Министерство внутренних дел Российской Федерации</name>
                    </okogu>
                    <okpo>
                        <code>08684535</code>
                    </okpo>
                    <okato>
                        <code>53401364000</code>
                        <name>Ленинский</name>
                    </okato>
                    <okved>
                        <code>75.24.1</code>
                        <name>Деятельность органов внутренних дел</name>
                        <type>C</type>
                    </okved>
                </classifier>
                <address>
                    <zip>460040</zip>
                    <subject>
                        <code>56000000000</code>
                        <name>Оренбургская</name>
                    </subject>
                    <city>
                        <code>56000001000</code>
                        <name>Оренбург</name>
                    </city>
                    <street>
                        <name>Гагарина проспект</name>
                    </street>
                    <building>19</building>
                </address>
            </main>
            <additional>
                <institutionType>
                    <code>9900000</code>
                    <name>Прочие</name>
                </institutionType>
                <ppo>
                    <code>00000000000</code>
                    <name>Российская Федерация</name>
                    <okato>
                        <code>00000000000</code>
                        <name>Объекты административно-территориального деления, кроме сельских населенных пунктов</name>
                    </okato>
                    <oktmo>
                        <code>53701000</code>
                        <name>Город Оренбург</name>
                    </oktmo>
                </ppo>
                <phone>7-3532-336206</phone>
                <section>188</section>
                <oktmo>
                    <code>53701000</code>
                    <name>Город Оренбург</name>
                </oktmo>
                <activity>
                    <okved>
                        <code>75.24.1</code>
                        <name>Деятельность органов внутренних дел</name>
                        <type>C</type>
                    </okved>
                    <name>Деятельность органов внутренних дел</name>
                </activity>
                <eMail>orenovo@list.ru</eMail>
            </additional>
            <other>
                <chief>
                    <lastName>Яньшин</lastName>
                    <firstName>Сергей</firstName>
                    <middleName>Михайлович</middleName>
                    <position>Начальник</position>
                </chief>
                <founder>
                    <regNum>0173100000062</regNum>
                    <fullName>Министерство внутренних дел Российской Федерации</fullName>
                </founder>
            </other>
            <document>
                <name>Выписка из приказа о назначении начальника</name>
                <date>2012-03-06+04:00</date>
                <url>http://bus.gov.ru/public/download/download.html?id=5935137</url>
                <type>S</type>
            </document>
            <document>
                <name>Доверенность начальника</name>
                <date>2012-08-08+04:00</date>
                <url>http://bus.gov.ru/public/download/download.html?id=5935214</url>
                <type>S</type>
            </document>
            <document>
                <name>Приказ о реорганизации</name>
                <date>2012-05-22+04:00</date>
                <url>http://bus.gov.ru/public/download/download.html?id=5935091</url>
                <type>C</type>
            </document>
            <document>
                <name>Распоряжение Правительства РФ №2437-р от 30.12.2011</name>
                <date>2011-12-30+04:00</date>
                <url>http://bus.gov.ru/public/download/download.html?id=5935070</url>
                <type>C</type>
            </document>
            <document>
                <name>Положение</name>
                <date>2012-08-07+04:00</date>
                <url>http://bus.gov.ru/public/download/download.html?id=5934932</url>
                <type>F</type>
            </document>
            <document>
                <name>Приказ об утверждении Положения</name>
                <date>2012-08-07+04:00</date>
                <url>http://bus.gov.ru/public/download/download.html?id=5934786</url>
                <type>F</type>
            </document>
            <document>
                <name>Свидетельство о внесении записи в ЕГРЮЛ вышестоящей организации</name>
                <date>2012-08-02+04:00</date>
                <url>http://bus.gov.ru/public/download/download.html?id=5935053</url>
                <type>E</type>
            </document>
            <document>
                <name>Уведомление о постановке на учет</name>
                <date>2012-08-07+04:00</date>
                <url>http://bus.gov.ru/public/download/download.html?id=5934951</url>
                <type>E</type>
            </document>
            <document>
                <name>Свидетельство о государственной регистрации вышестоящей организации</name>
                <date>2012-08-02+04:00</date>
                <url>http://bus.gov.ru/public/download/download.html?id=5935024</url>
                <type>E</type>
            </document>
            <document>
                <name>Свидетельство о постановке на учет вышестоящей организации</name>
                <date>2012-08-02+04:00</date>
                <url>http://bus.gov.ru/public/download/download.html?id=5935036</url>
                <type>E</type>
            </document>
        </ns2:position>
    
<ns2:position xmlns:ns2="http://bus.gov.ru/external/1" xmlns="http://bus.gov.ru/types/1" xmlns:xsi="http://www.w3.org/2001/XMLSchema-instance" xmlns:ns3="http://bus.gov.ru/fk/1">
            <positionId>0e956942-6e37-4905-8358-3d54ec1dde74</positionId>
            <changeDate>2012-11-16T14:47:04.506+04:00</changeDate>
            <placer>
                <regNum>0353100000044</regNum>
                <fullName>Саракташское отделение вневедомственной охраны - филиал федерального государственного казенного учреждения "Управление вневедомственной охраны Управления Министерства внутренних дел Российской Федерации по Оренбургской области"</fullName>
                <inn>5610147959</inn>
                <kpp>564343001</kpp>
            </placer>
            <initiator>
                <regNum>0353100000044</regNum>
                <fullName>Саракташское отделение вневедомственной охраны - филиал федерального государственного казенного учреждения "Управление вневедомственной охраны Управления Министерства внутренних дел Российской Федерации по Оренбургской области"</fullName>
                <inn>5610147959</inn>
                <kpp>564343001</kpp>
            </initiator>
            <versionNumber>0</versionNumber>
            <main>
                <shortName>Саракташское ОВО - ФФГКУ УВО УМВД России по Оренбургской области</shortName>
                <ogrn>1125658025790</ogrn>
                <rbs>
                    <regNum>0353100000177</regNum>
                    <fullName>федеральное государственное казенное учреждение "Управление вневедомственной охраны Управления Министерства внутренних дел Российской Федерации по Оренбургской области"</fullName>
                </rbs>
                <grbs>
                    <regNum>0173100000062</regNum>
                    <fullName>Министерство внутренних дел Российской Федерации</fullName>
                </grbs>
                <orgType>08</orgType>
                <classifier>
                    <okfs>
                        <code>12</code>
                        <name>Федеральная собственность</name>
                    </okfs>
                    <okopf>
                        <code>90</code>
                        <name>Представительства и филиалы</name>
                    </okopf>
                    <okogu>
                        <code>1310500</code>
                        <name>Министерство внутренних дел Российской Федерации</name>
                    </okogu>
                    <okpo>
                        <code>08684535</code>
                    </okpo>
                    <okato>
                        <code>53241844000</code>
                        <name>Саракташский пс</name>
                    </okato>
                    <okved>
                        <code>75.24.1</code>
                        <name>Деятельность органов внутренних дел</name>
                        <type>C</type>
                    </okved>
                </classifier>
                <address>
                    <zip>462100</zip>
                    <subject>
                        <code>56000000000</code>
                        <name>Оренбургская</name>
                    </subject>
                    <region>
                        <code>56014000000</code>
                        <name>Саракташский</name>
                    </region>
                    <locality>
                        <code>56014000001</code>
                        <name>Саракташ</name>
                    </locality>
                    <street>
                        <code>560140000010009</code>
                        <name>Вокзальная </name>
                    </street>
                    <building>19</building>
                </address>
            </main>
            <additional>
                <institutionType>
                    <code>9900000</code>
                    <name>Прочие</name>
                </institutionType>
                <ppo>
                    <code>00000000000</code>
                    <name>Российская Федерация</name>
                    <okato>
                        <code>00000000000</code>
                        <name>Объекты административно-территориального деления, кроме сельских населенных пунктов</name>
                    </okato>
                    <oktmo>
                        <code>53641444</code>
                        <name>Саракташское</name>
                    </oktmo>
                </ppo>
                <phone>7-35333-61745</phone>
                <section>188</section>
                <oktmo>
                    <code>53641444</code>
                    <name>Саракташское</name>
                </oktmo>
                <activity>
                    <okved>
                        <code>75.24.1</code>
                        <name>Деятельность органов внутренних дел</name>
                        <type>C</type>
                    </okved>
                    <name>Охрана</name>
                </activity>
            </additional>
            <other>
                <chief>
                    <lastName>Савин</lastName>
                    <firstName>Александр</firstName>
                    <middleName>Петрович</middleName>
                    <position>Начальник</position>
                </chief>
                <founder>
                    <regNum>0173100000062</regNum>
                    <fullName>Министерство внутренних дел Российской Федерации</fullName>
                </founder>
            </other>
            <document>
                <name>Доверенность</name>
                <date>2012-08-08+04:00</date>
                <url>http://bus.gov.ru/public/download/download.html?id=6519397</url>
                <type>S</type>
            </document>
            <document>
                <name>Приказ о реорганизации</name>
                <date>2012-05-22+04:00</date>
                <url>http://bus.gov.ru/public/download/download.html?id=6519583</url>
                <type>C</type>
            </document>
            <document>
                <name>Распоряжение Правительства РФ №2437-р от 30.12.2011</name>
                <date>2011-12-30+04:00</date>
                <url>http://bus.gov.ru/public/download/download.html?id=6519592</url>
                <type>C</type>
            </document>
            <document>
                <name>Положение о филиале</name>
                <date>2012-08-07+04:00</date>
                <url>http://bus.gov.ru/public/download/download.html?id=6519335</url>
                <type>F</type>
            </document>
            <document>
                <name>Приказ об утверждении положения</name>
                <date>2012-08-07+04:00</date>
                <url>http://bus.gov.ru/public/download/download.html?id=6519183</url>
                <type>F</type>
            </document>
            <document>
                <name>Свидетельство+о+постановке+на+учет+вышестоящей+организации</name>
                <date>2012-08-02+04:00</date>
                <url>http://bus.gov.ru/public/download/download.html?id=6519529</url>
                <type>E</type>
            </document>
            <document>
                <name>Свидетельство+о+государственной+регистрации+вышестоящей+организации</name>
                <date>2012-08-02+04:00</date>
                <url>http://bus.gov.ru/public/download/download.html?id=6519528</url>
                <type>E</type>
            </document>
            <document>
                <name>Свидетельство ЕГРЮЛ</name>
                <date>2007-11-19+03:00</date>
                <url>http://bus.gov.ru/public/download/download.html?id=6519490</url>
                <type>E</type>
            </document>
            <document>
                <name>Свидетельство о постановке на учет в налоговом органе</name>
                <date>2001-04-19+04:00</date>
                <url>http://bus.gov.ru/public/download/download.html?id=6519461</url>
                <type>E</type>
            </document>
            <document>
                <name>Уведомление о постановке на учет</name>
                <date>2012-08-15+04:00</date>
                <url>http://bus.gov.ru/public/download/download.html?id=6519438</url>
                <type>E</type>
            </document>
        </ns2:position>
    
<ns2:position xmlns:ns2="http://bus.gov.ru/external/1" xmlns="http://bus.gov.ru/types/1" xmlns:xsi="http://www.w3.org/2001/XMLSchema-instance" xmlns:ns3="http://bus.gov.ru/fk/1">
            <positionId>49603701-3d91-40bc-8cbb-c9737144ee11</positionId>
            <changeDate>2012-10-10T09:45:40.431+04:00</changeDate>
            <placer>
                <regNum>0895100000347</regNum>
                <fullName>федеральное казенное учреждение "Центр хозяйственного и сервисного обеспечения Управления Министерства внутренних дел Российской Федерации по Оренбургской области"</fullName>
                <inn>5612079302</inn>
                <kpp>561201001</kpp>
            </placer>
            <initiator>
                <regNum>0895100000347</regNum>
                <fullName>федеральное казенное учреждение "Центр хозяйственного и сервисного обеспечения Управления Министерства внутренних дел Российской Федерации по Оренбургской области"</fullName>
                <inn>5612079302</inn>
                <kpp>561201001</kpp>
            </initiator>
            <versionNumber>0</versionNumber>
            <main>
                <shortName>ФКУ "ЦХиСО УМВД России по Оренбургской области"</shortName>
                <ogrn>1125658026086</ogrn>
                <rbs>
                    <regNum>0153100000001</regNum>
                    <fullName>Управление Министерства внутренних дел Российской Федерации по Оренбургской области</fullName>
                </rbs>
                <grbs>
                    <regNum>0173100000062</regNum>
                    <fullName>Министерство внутренних дел Российской Федерации</fullName>
                </grbs>
                <orgType>08</orgType>
                <classifier>
                    <okfs>
                        <code>12</code>
                        <name>Федеральная собственность</name>
                    </okfs>
                    <okopf>
                        <code>74</code>
                        <name>Казенные учреждения</name>
                    </okopf>
                    <okogu>
                        <code>1310500</code>
                        <name>Министерство внутренних дел Российской Федерации</name>
                    </okogu>
                    <okpo>
                        <code>08684771</code>
                    </okpo>
                    <okato>
                        <code>53401373000</code>
                        <name>Центральный</name>
                    </okato>
                    <okved>
                        <code>22.2</code>
                        <name>Полиграфическая деятельность и предоставление услуг в этой области</name>
                        <type>O</type>
                    </okved>
                    <okved>
                        <code>60.23</code>
                        <name>Деятельность прочего сухопутного пассажирского транспорта</name>
                        <type>O</type>
                    </okved>
                    <okved>
                        <code>72.50</code>
                        <name>Техническое обслуживание и ремонт офисных машин и вычислительной техники</name>
                        <type>O</type>
                    </okved>
                    <okved>
                        <code>63.12</code>
                        <name>Хранение и складирование</name>
                        <type>O</type>
                    </okved>
                    <okved>
                        <code>55.23</code>
                        <name>Деятельность прочих мест для проживания</name>
                        <type>O</type>
                    </okved>
                    <okved>
                        <code>55.5</code>
                        <name>Деятельность столовых при предприятиях и учреждениях и поставка продукции общественного питания</name>
                        <type>O</type>
                    </okved>
                    <okved>
                        <code>29.60</code>
                        <name>Производство оружия и боеприпасов</name>
                        <type>O</type>
                    </okved>
                    <okved>
                        <code>50.20</code>
                        <name>Техническое обслуживание и ремонт автотранспортных средств</name>
                        <type>O</type>
                    </okved>
                    <okved>
                        <code>75.24.1</code>
                        <name>Деятельность органов внутренних дел</name>
                        <type>C</type>
                    </okved>
                    <okved>
                        <code>93.02</code>
                        <name>Предоставление услуг парикмахерскими и салонами красоты</name>
                        <type>O</type>
                    </okved>
                    <okved>
                        <code>60.24</code>
                        <name>Деятельность автомобильного грузового транспорта</name>
                        <type>O</type>
                    </okved>
                </classifier>
                <address>
                    <zip>460000</zip>
                    <subject>
                        <code>56000000000</code>
                        <name>Оренбургская обл</name>
                    </subject>
                    <city>
                        <code>56000001000</code>
                        <name>Оренбург г</name>
                    </city>
                    <street>
                        <code>560000010000087</code>
                        <name>Косогорный пер</name>
                    </street>
                    <building>дом 3</building>
                </address>
            </main>
            <additional>
                <institutionType>
                    <code>9900000</code>
                    <name>Прочие</name>
                </institutionType>
                <ppo>
                    <code>00000000000</code>
                    <name>Российская Федерация</name>
                    <okato>
                        <code>00000000000</code>
                        <name>Объекты административно-территориального деления, кроме сельских населенных пунктов</name>
                    </okato>
                    <oktmo>
                        <code>53701000</code>
                        <name>Город Оренбург</name>
                    </oktmo>
                </ppo>
                <phone>7-3532-790709</phone>
                <section>188</section>
                <oktmo>
                    <code>53701000</code>
                    <name>Город Оренбург</name>
                </oktmo>
                <activity>
                    <okved>
                        <code>22.2</code>
                        <name>Полиграфическая деятельность и предоставление услуг в этой области</name>
                    </okved>
                    <name>Полиграфическая деятельность и предоставление услуг в этой области</name>
                </activity>
                <activity>
                    <okved>
                        <code>60.23</code>
                        <name>Деятельность прочего сухопутного пассажирского транспорта</name>
                    </okved>
                    <name>Деятельность прочего сухопутного пассажирского транспорта</name>
                </activity>
                <activity>
                    <okved>
                        <code>72.50</code>
                        <name>Техническое обслуживание и ремонт офисных машин и вычислительной техники</name>
                    </okved>
                    <name>Техническое обслуживание и ремонт офисных машин и вычислительной техники</name>
                </activity>
                <activity>
                    <okved>
                        <code>63.12</code>
                        <name>Хранение и складирование</name>
                    </okved>
                    <name>Хранение и складирование</name>
                </activity>
                <activity>
                    <okved>
                        <code>55.23</code>
                        <name>Деятельность прочих мест для проживания</name>
                    </okved>
                    <name>Деятельность прочих мест для проживания</name>
                </activity>
                <activity>
                    <okved>
                        <code>55.5</code>
                        <name>Деятельность столовых при предприятиях и учреждениях и поставка продукции общественного питания</name>
                    </okved>
                    <name>Деятельность столовых при предприятиях и учреждениях и поставка продукции общественного питания</name>
                </activity>
                <activity>
                    <okved>
                        <code>29.60</code>
                        <name>Производство оружия и боеприпасов</name>
                    </okved>
                    <name>Производство оружия и боеприпасов</name>
                </activity>
                <activity>
                    <okved>
                        <code>50.20</code>
                        <name>Техническое обслуживание и ремонт автотранспортных средств</name>
                    </okved>
                    <name>Техническое обслуживание и ремонт автотранспортных средств</name>
                </activity>
                <activity>
                    <okved>
                        <code>75.24.1</code>
                        <name>Деятельность органов внутренних дел</name>
                    </okved>
                    <name>Деятельность органов внутренних дел</name>
                </activity>
                <activity>
                    <okved>
                        <code>93.02</code>
                        <name>Предоставление услуг парикмахерскими и салонами красоты</name>
                    </okved>
                    <name>Предоставление услуг парикмахерскими и салонами красоты</name>
                </activity>
                <activity>
                    <okved>
                        <code>60.24</code>
                        <name>Деятельность автомобильного грузового транспорта</name>
                    </okved>
                    <name>Деятельность автомобильного грузового транспорта</name>
                </activity>
                <eMail>fkuumvd56@mail.ru</eMail>
            </additional>
            <other>
                <chief>
                    <lastName>Навалов</lastName>
                    <firstName>Алексей</firstName>
                    <middleName>Анатольевич</middleName>
                    <position>Начальник</position>
                </chief>
                <founder>
                    <regNum>0173100000062</regNum>
                    <fullName>Министерство внутренних дел Российской Федерации</fullName>
                </founder>
            </other>
            <document>
                <name>приказ</name>
                <date>2012-07-27+04:00</date>
                <url>http://bus.gov.ru/public/download/download.html?id=5662336</url>
                <type>S</type>
            </document>
            <document>
                <name>распоряжение от 14.02.2012 № 199-р</name>
                <date>2012-02-14+04:00</date>
                <url>http://bus.gov.ru/public/download/download.html?id=5662260</url>
            </document>
            <document>
                <name>устав</name>
                <date>2012-03-30+04:00</date>
                <url>http://bus.gov.ru/public/download/download.html?id=5662093</url>
                <type>F</type>
            </document>
            <document>
                <name>свид-во о гос. регистрации</name>
                <date>2012-08-07+04:00</date>
                <url>http://bus.gov.ru/public/download/download.html?id=5662181</url>
                <type>E</type>
            </document>
        </ns2:position>
    

    </ns2:body>
    </ns2:institutionInfo>        
        