<?xml version="1.0" encoding="UTF-8" standalone="yes"?>
<ns2:institutionInfo xsi:schemaLocation="http://bus.gov.ru/public/schema/TFF-0.1.3.1/External.xsd" xmlns="http://bus.gov.ru/types/1" xmlns:ns2="http://bus.gov.ru/external/1" xmlns:xsi="http://www.w3.org/2001/XMLSchema-instance" xmlns:ns3="http://bus.gov.ru/fk/1">
    <ns2:body>                        
	<ns2:position xmlns:ns2="http://bus.gov.ru/external/1" xmlns="http://bus.gov.ru/types/1" xmlns:xsi="http://www.w3.org/2001/XMLSchema-instance" xmlns:ns3="http://bus.gov.ru/fk/1">
            <positionId>2af487be-fe85-47d9-9257-0ea1c4dc673b</positionId>
            <changeDate>2012-06-16T12:11:00.368+04:00</changeDate>
            <placer>
                <regNum>0354100000025</regNum>
                <fullName>Войсковая часть 7527</fullName>
                <inn>5752013301</inn>
                <kpp>575201001</kpp>
            </placer>
            <initiator>
                <regNum>0354100000025</regNum>
                <fullName>Войсковая часть 7527</fullName>
                <inn>5752013301</inn>
                <kpp>575201001</kpp>
            </initiator>
            <versionNumber>2</versionNumber>
            <main>
                <shortName>ФКУ "Войсковая часть 7527"</shortName>
                <ogrn>1025700788915</ogrn>
                <rbs>
                    <regNum>0373100000653</regNum>
                    <fullName>управление Центрального Оршанско-Хинганского Краснознаменного регионального командования внутренних войск МВД России</fullName>
                </rbs>
                <grbs>
                    <regNum>0173100000054</regNum>
                    <fullName>Министерство внутренних дел Российской Федерации</fullName>
                </grbs>
                <orgType>03</orgType>
                <classifier>
                    <okfs>
                        <code>12</code>
                        <name>Федеральная собственность</name>
                    </okfs>
                    <okopf>
                        <code>81</code>
                        <name>Учреждения</name>
                    </okopf>
                    <okogu>
                        <code>1310500</code>
                        <name>Министерство внутренних дел Российской Федерации</name>
                    </okogu>
                    <okpo>
                        <code>08609887</code>
                    </okpo>
                    <okato>
                        <code>54401000000</code>
                        <name>Орёл</name>
                    </okato>
                    <okved>
                        <code>75.22</code>
                        <name>Деятельность, связанная с обеспечением военной безопасности</name>
                        <type>C</type>
                    </okved>
                </classifier>
                <address>
                    <zip>302026</zip>
                    <subject>
                        <code>57000000000</code>
                        <name>Орловская область</name>
                    </subject>
                    <region>
                        <code>57001000000</code>
                        <name>Заводской</name>
                    </region>
                    <city>
                        <code>57000001000</code>
                        <name>Орел</name>
                    </city>
                    <street>
                        <name>переулок Соляной</name>
                    </street>
                    <building>1</building>
                </address>
            </main>
            <additional>
                <institutionType>
                    <code>0900000</code>
                    <name>Национальная оборона</name>
                </institutionType>
                <ppo>
                    <code>00000000000</code>
                    <name>Российская Федерация</name>
                    <okato>
                        <code>00000000000</code>
                        <name>Объекты административно-территориального деления, кроме сельских населенных пунктов</name>
                    </okato>
                    <oktmo>
                        <code>54701000</code>
                        <name>- город Орел</name>
                    </oktmo>
                </ppo>
                <phone>460-4862-763850-777874</phone>
                <www>http://www.@mail.ru</www>
                <oktmo>
                    <code>54701000</code>
                    <name>- город Орел</name>
                </oktmo>
                <activity>
                    <okved>
                        <code>75.22</code>
                        <name>Деятельность, связанная с обеспечением военной безопасности</name>
                    </okved>
                    <name>Обеспечение безопасности и охрана правопорядка внутри страны</name>
                </activity>
                <eMail>fsvch7527@mail.ru</eMail>
            </additional>
            <other>
                <chief>
                    <lastName>Пронин</lastName>
                    <firstName>Андрей</firstName>
                    <middleName>Владимирович</middleName>
                    <position>Командир части</position>
                </chief>
                <founder>
                    <regNum>0173100000062</regNum>
                    <fullName>Министерство внутренних дел Российской Федерации</fullName>
                </founder>
            </other>
            <document>
                <name>Приказ о назначении командира части (руководителя0</name>
                <date>2009-08-06+04:00</date>
                <url>http://bus.gov.ru/public/download/download.html?id=4049712</url>
                <type>S</type>
            </document>
            <document>
                <name>Выписка из ЕГРЮЛ</name>
                <date>2011-03-25+03:00</date>
                <url>http://bus.gov.ru/public/download/download.html?id=4049713</url>
                <type>F</type>
            </document>
            <document>
                <name>Свидетельство о внесении записи в ЕГРЮЛ</name>
                <date>2011-03-25+03:00</date>
                <url>http://bus.gov.ru/public/download/download.html?id=4049714</url>
                <type>F</type>
            </document>
            <document>
                <name>Приказ МВД № 884 от 15.11.2003 г.</name>
                <date>2003-11-15+03:00</date>
                <url>http://bus.gov.ru/public/download/download.html?id=4102080</url>
                <type>F</type>
            </document>
            <document>
                <name>Свидетельство опостановке на учет в налоговом органе</name>
                <date>1999-10-21+04:00</date>
                <url>http://bus.gov.ru/public/download/download.html?id=4049715</url>
                <type>E</type>
            </document>
        </ns2:position>
    
<ns2:position xmlns:ns2="http://bus.gov.ru/external/1" xmlns="http://bus.gov.ru/types/1" xmlns:xsi="http://www.w3.org/2001/XMLSchema-instance" xmlns:ns3="http://bus.gov.ru/fk/1">
            <positionId>8653a5e1-da5f-4f44-8260-6436beb3b7e6</positionId>
            <changeDate>2012-07-16T12:38:11.046+04:00</changeDate>
            <placer>
                <regNum>0854100000008</regNum>
                <fullName>федеральное государственное казенное образовательное учреждение высшего профессионального образования "Орловский юридический институт Министерства внутренних дел Российской Федерации"</fullName>
                <inn>5753004557</inn>
                <kpp>575301001</kpp>
            </placer>
            <initiator>
                <regNum>0854100000008</regNum>
                <fullName>федеральное государственное казенное образовательное учреждение высшего профессионального образования "Орловский юридический институт Министерства внутренних дел Российской Федерации"</fullName>
                <inn>5753004557</inn>
                <kpp>575301001</kpp>
            </initiator>
            <versionNumber>1</versionNumber>
            <main>
                <shortName>ОрЮИ МВД России</shortName>
                <ogrn>1025700832002</ogrn>
                <rbs>
                    <regNum>0173100000054</regNum>
                    <fullName>Министерство внутренних дел Российской Федерации</fullName>
                </rbs>
                <grbs>
                    <regNum>0173100000054</regNum>
                    <fullName>Министерство внутренних дел Российской Федерации</fullName>
                </grbs>
                <orgType>08</orgType>
                <classifier>
                    <okfs>
                        <code>12</code>
                        <name>Федеральная собственность</name>
                    </okfs>
                    <okopf>
                        <code>72</code>
                        <name>Бюджетные учреждения</name>
                    </okopf>
                    <okogu>
                        <code>1310500</code>
                        <name>Министерство внутренних дел Российской Федерации</name>
                    </okogu>
                    <okpo>
                        <code>08571587</code>
                    </okpo>
                    <okato>
                        <code>54401000000</code>
                        <name>Орёл</name>
                    </okato>
                    <okved>
                        <code>80.30.1</code>
                        <name>Обучение в образовательных учреждениях высшего профессионального образования (университетах, академиях, институтах и в др,)</name>
                        <type>C</type>
                    </okved>
                    <okved>
                        <code>80.30.3</code>
                        <name>Обучение в образовательных учреждениях дополнительного профессионального образования (повышения квалификации) для специалистов, имеющих высшее профессиональное образование</name>
                        <type>C</type>
                    </okved>
                    <okved>
                        <code>80.22.22</code>
                        <name>Обучение в образовательных учреждениях дополнительного профессионального образования (повышения квалификации) для специалистов, имеющих среднее профессиональное образование</name>
                        <type>C</type>
                    </okved>
                </classifier>
                <address>
                    <zip>302027</zip>
                    <subject>
                        <code>57000000000</code>
                        <name>Орловская</name>
                    </subject>
                    <city>
                        <code>57000001000</code>
                        <name>Орел</name>
                    </city>
                    <street>
                        <name>Игнатова</name>
                    </street>
                    <building>2</building>
                </address>
            </main>
            <additional>
                <institutionType>
                    <code>1006020</code>
                    <name>Институт</name>
                </institutionType>
                <ppo>
                    <code>00000000000</code>
                    <name>Российская Федерация</name>
                    <okato>
                        <code>00000000000</code>
                        <name>Объекты административно-территориального деления, кроме сельских населенных пунктов</name>
                    </okato>
                    <oktmo>
                        <code>54701000</code>
                        <name>- город Орел</name>
                    </oktmo>
                </ppo>
                <phone>8-4862-414427</phone>
                <www>http://urinst.orel.ru/</www>
                <section>188</section>
                <oktmo>
                    <code>54701000</code>
                    <name>- город Орел</name>
                </oktmo>
                <activity>
                    <okved>
                        <code>80.30.1</code>
                        <name>Обучение в образовательных учреждениях высшего профессионального образования (университетах, академиях, институтах и в др,)</name>
                    </okved>
                    <name>Образовательная</name>
                </activity>
                <activity>
                    <okved>
                        <code>80.30.3</code>
                        <name>Обучение в образовательных учреждениях дополнительного профессионального образования (повышения квалификации) для специалистов, имеющих высшее профессиональное образование</name>
                    </okved>
                    <name>Повышение квалификации, переподготовка</name>
                </activity>
                <activity>
                    <okved>
                        <code>80.22.22</code>
                        <name>Обучение в образовательных учреждениях дополнительного профессионального образования (повышения квалификации) для специалистов, имеющих среднее профессиональное образование</name>
                    </okved>
                    <name>Повышение квалификации</name>
                </activity>
                <eMail>orurinst@rambler.ru</eMail>
            </additional>
            <other>
                <chief>
                    <lastName>Калиниченко</lastName>
                    <firstName>Игорь</firstName>
                    <middleName>Александрович</middleName>
                    <position>Начальник института</position>
                </chief>
                <founder>
                    <regNum>0173100000062</regNum>
                    <fullName>Министерство внутренних дел Российской Федерации</fullName>
                </founder>
            </other>
            <document>
                <name>указ о назначении на должность</name>
                <date>2008-12-30+03:00</date>
                <url>http://bus.gov.ru/public/download/download.html?id=4605987</url>
                <type>S</type>
            </document>
            <document>
                <name>приказ</name>
                <date>2011-04-25+04:00</date>
                <url>http://bus.gov.ru/public/download/download.html?id=4606087</url>
                <type>S</type>
            </document>
            <document>
                <name>указ о присврении звания и назначения на должность</name>
                <date>2011-04-19+04:00</date>
                <url>http://bus.gov.ru/public/download/download.html?id=4606069</url>
                <type>S</type>
            </document>
            <document>
                <name>Устав ОрЮИ МВД России</name>
                <date>2009-07-29+04:00</date>
                <url>http://bus.gov.ru/public/download/download.html?id=4605988</url>
                <type>F</type>
            </document>
            <document>
                <name>свидетельство о постановке на учет в налоговом органе</name>
                <date>1991-07-24+03:00</date>
                <url>http://bus.gov.ru/public/download/download.html?id=4605989</url>
                <type>O</type>
            </document>
            <document>
                <name>свидетельство</name>
                <date>2011-06-10+04:00</date>
                <url>http://bus.gov.ru/public/download/download.html?id=4605990</url>
                <type>E</type>
            </document>
        </ns2:position>
    
<ns2:position xmlns:ns2="http://bus.gov.ru/external/1" xmlns="http://bus.gov.ru/types/1" xmlns:xsi="http://www.w3.org/2001/XMLSchema-instance" xmlns:ns3="http://bus.gov.ru/fk/1">
            <positionId>dc6bab82-17d6-4f31-ba82-481f05aa272d</positionId>
            <changeDate>2012-09-26T18:14:28.680+04:00</changeDate>
            <placer>
                <regNum>0354100000005</regNum>
                <fullName>федеральное государственное казенное учреждение "Управление вневедомственной охраны Управления Министерства внутренних дел Российской Федерации по Орловской области"</fullName>
                <inn>5753058320</inn>
                <kpp>575301001</kpp>
            </placer>
            <initiator>
                <regNum>0354100000005</regNum>
                <fullName>федеральное государственное казенное учреждение "Управление вневедомственной охраны Управления Министерства внутренних дел Российской Федерации по Орловской области"</fullName>
                <inn>5753058320</inn>
                <kpp>575301001</kpp>
            </initiator>
            <versionNumber>0</versionNumber>
            <main>
                <shortName>ФГКУ УВО УМВД России по Орловской области</shortName>
                <ogrn>1125740004334</ogrn>
                <rbs>
                    <regNum>0154100000025</regNum>
                    <fullName>Управление Министерства внутренних дел Российской Федерации по Орловской области</fullName>
                </rbs>
                <grbs>
                    <regNum>0173100000054</regNum>
                    <fullName>Министерство внутренних дел Российской Федерации</fullName>
                </grbs>
                <orgType>08</orgType>
                <classifier>
                    <okfs>
                        <code>12</code>
                        <name>Федеральная собственность</name>
                    </okfs>
                    <okopf>
                        <code>74</code>
                        <name>Казенные учреждения</name>
                    </okopf>
                    <okogu>
                        <code>1310500</code>
                        <name>Министерство внутренних дел Российской Федерации</name>
                    </okogu>
                    <okpo>
                        <code>08683116</code>
                    </okpo>
                    <okato>
                        <code>54401000000</code>
                        <name>Орёл</name>
                    </okato>
                    <okved>
                        <code>75.24.1</code>
                        <name>Деятельность органов внутренних дел</name>
                        <type>C</type>
                    </okved>
                </classifier>
                <address>
                    <zip>302040</zip>
                    <subject>
                        <code>57000000000</code>
                        <name>Орловская обл</name>
                    </subject>
                    <city>
                        <code>57000001000</code>
                        <name>Орел г</name>
                    </city>
                    <street>
                        <code>570000010000089</code>
                        <name>Максима Горького ул</name>
                    </street>
                    <building>47з</building>
                </address>
            </main>
            <additional>
                <institutionType>
                    <code>9900000</code>
                    <name>Прочие</name>
                </institutionType>
                <ppo>
                    <code>00000000000</code>
                    <name>Российская Федерация</name>
                    <okato>
                        <code>00000000000</code>
                        <name>Объекты административно-территориального деления, кроме сельских населенных пунктов</name>
                    </okato>
                    <oktmo>
                        <code>54701000</code>
                        <name>город Орел</name>
                    </oktmo>
                </ppo>
                <phone>7-4862-421282</phone>
                <www>http://ohrana.orel.ru</www>
                <branch>
                    <regNum>0895100000139</regNum>
                    <fullName>Ливенский отдел вневедомственной охраны - филиал федерального государственного казенного учреждения "Управление вневедомственной охраны Управления Министерства внутренних дел Российской Федерации по Орловской области"</fullName>
                    <type>01</type>
                </branch>
                <branch>
                    <regNum>0354100000037</regNum>
                    <fullName>Отдел вневедомственной охраны по городу Орлу - филиал федерального государственного казенного учреждения "Управление вневедомственной охраны Управления Министерства внутренних дел Российской Федерации по Орловской области"</fullName>
                    <type>01</type>
                </branch>
                <branch>
                    <regNum>0354100000096</regNum>
                    <fullName>Мценский отдел вневедомственной охраны - филиал федерального государственного казенного учреждения "Управление вневедомственной охраны Управления Министерства внутренних дел Российской Федерации по Орловской области"</fullName>
                    <type>01</type>
                </branch>
                <branch>
                    <regNum>0354100000097</regNum>
                    <fullName>Кромское межрайонное отделение вневедомственной охраны - филиал федерального государственного казенного учреждения "Управление вневедомственной охраны Управления Министерства внутренних дел Российской Федерации по Орловской области"</fullName>
                    <type>01</type>
                </branch>
                <branch>
                    <regNum>0354100000028</regNum>
                    <fullName>Урицкое отделение вневедомственной охраны - филиал федерального государственного казенного учреждения "Управление вневедомственной охраны Управления Министерства внутренних дел Российской Федерации по Орловской области"</fullName>
                    <type>01</type>
                </branch>
                <branch>
                    <regNum>0354100000002</regNum>
                    <fullName>Верховское отделение вневедомственной охраны - филиал федерального государственного казенного учреждения "Управление вневедомственной охраны Управления Министерства внутренних дел Российской Федерации по Орловской области"</fullName>
                    <type>01</type>
                </branch>
                <section>188</section>
                <oktmo>
                    <code>54701000</code>
                    <name>город Орел</name>
                </oktmo>
                <activity>
                    <okved>
                        <code>75.24.1</code>
                        <name>Деятельность органов внутренних дел</name>
                    </okved>
                    <name>Деятельность, связанная с управлением и функционированием системы органов внутренних дел, в том числе подразделений вневедомственной охраны</name>
                </activity>
                <eMail>ohrana@orel.ru</eMail>
            </additional>
            <other>
                <chief>
                    <lastName>Шевкунов</lastName>
                    <firstName>Виталий</firstName>
                    <middleName>Михайлович</middleName>
                    <position>начальник</position>
                </chief>
                <founder>
                    <regNum>0173100000062</regNum>
                    <fullName>Министерство внутренних дел Российской Федерации</fullName>
                </founder>
            </other>
            <document>
                <name>Приказ о назначении</name>
                <date>2012-08-17+04:00</date>
                <url>http://bus.gov.ru/public/download/download.html?id=5437285</url>
                <type>S</type>
            </document>
            <document>
                <name>Положение Ливенский ОВО</name>
                <date>2012-07-03+04:00</date>
                <url>http://bus.gov.ru/public/download/download.html?id=5437190</url>
                <type>L</type>
            </document>
            <document>
                <name>Положение Кромское МОВО</name>
                <date>2012-07-03+04:00</date>
                <url>http://bus.gov.ru/public/download/download.html?id=5437374</url>
                <type>L</type>
            </document>
            <document>
                <name>Положение Урицкое ОВО</name>
                <date>2012-07-03+04:00</date>
                <url>http://bus.gov.ru/public/download/download.html?id=5437437</url>
                <type>L</type>
            </document>
            <document>
                <name>Положение ОВО по г. Орлу</name>
                <date>2012-07-03+04:00</date>
                <url>http://bus.gov.ru/public/download/download.html?id=5429203</url>
                <type>L</type>
            </document>
            <document>
                <name>Положение Мценский ОВО</name>
                <date>2012-07-03+04:00</date>
                <url>http://bus.gov.ru/public/download/download.html?id=5429250</url>
                <type>L</type>
            </document>
            <document>
                <name>Положение Верховское ОВО</name>
                <date>2012-07-03+04:00</date>
                <url>http://bus.gov.ru/public/download/download.html?id=5437508</url>
                <type>L</type>
            </document>
            <document>
                <name>Распоряжение Правительства РФ от 30_12_2011 N 2437-р</name>
                <date>2011-12-30+04:00</date>
                <url>http://bus.gov.ru/public/download/download.html?id=5437321</url>
            </document>
            <document>
                <name>Устав</name>
                <date>2012-07-03+04:00</date>
                <url>http://bus.gov.ru/public/download/download.html?id=5429059</url>
                <type>F</type>
            </document>
            <document>
                <name>Свидетельство о гос регистрации</name>
                <date>2012-07-03+04:00</date>
                <url>http://bus.gov.ru/public/download/download.html?id=5429030</url>
                <type>E</type>
            </document>
        </ns2:position>
    
<ns2:position xmlns:ns2="http://bus.gov.ru/external/1" xmlns="http://bus.gov.ru/types/1" xmlns:xsi="http://www.w3.org/2001/XMLSchema-instance" xmlns:ns3="http://bus.gov.ru/fk/1">
            <positionId>2af487be-fe85-47d9-9257-0ea1c4dc673b</positionId>
            <changeDate>2012-06-16T12:11:00.368+04:00</changeDate>
            <placer>
                <regNum>0354100000025</regNum>
                <fullName>Войсковая часть 7527</fullName>
                <inn>5752013301</inn>
                <kpp>575201001</kpp>
            </placer>
            <initiator>
                <regNum>0354100000025</regNum>
                <fullName>Войсковая часть 7527</fullName>
                <inn>5752013301</inn>
                <kpp>575201001</kpp>
            </initiator>
            <versionNumber>2</versionNumber>
            <main>
                <shortName>ФКУ "Войсковая часть 7527"</shortName>
                <ogrn>1025700788915</ogrn>
                <rbs>
                    <regNum>0373100000653</regNum>
                    <fullName>управление Центрального Оршанско-Хинганского Краснознаменного регионального командования внутренних войск МВД России</fullName>
                </rbs>
                <grbs>
                    <regNum>0173100000054</regNum>
                    <fullName>Министерство внутренних дел Российской Федерации</fullName>
                </grbs>
                <orgType>03</orgType>
                <classifier>
                    <okfs>
                        <code>12</code>
                        <name>Федеральная собственность</name>
                    </okfs>
                    <okopf>
                        <code>81</code>
                        <name>Учреждения</name>
                    </okopf>
                    <okogu>
                        <code>1310500</code>
                        <name>Министерство внутренних дел Российской Федерации</name>
                    </okogu>
                    <okpo>
                        <code>08609887</code>
                    </okpo>
                    <okato>
                        <code>54401000000</code>
                        <name>Орёл</name>
                    </okato>
                    <okved>
                        <code>75.22</code>
                        <name>Деятельность, связанная с обеспечением военной безопасности</name>
                        <type>C</type>
                    </okved>
                </classifier>
                <address>
                    <zip>302026</zip>
                    <subject>
                        <code>57000000000</code>
                        <name>Орловская область</name>
                    </subject>
                    <region>
                        <code>57001000000</code>
                        <name>Заводской</name>
                    </region>
                    <city>
                        <code>57000001000</code>
                        <name>Орел</name>
                    </city>
                    <street>
                        <name>переулок Соляной</name>
                    </street>
                    <building>1</building>
                </address>
            </main>
            <additional>
                <institutionType>
                    <code>0900000</code>
                    <name>Национальная оборона</name>
                </institutionType>
                <ppo>
                    <code>00000000000</code>
                    <name>Российская Федерация</name>
                    <okato>
                        <code>00000000000</code>
                        <name>Объекты административно-территориального деления, кроме сельских населенных пунктов</name>
                    </okato>
                    <oktmo>
                        <code>54701000</code>
                        <name>- город Орел</name>
                    </oktmo>
                </ppo>
                <phone>460-4862-763850-777874</phone>
                <www>http://www.@mail.ru</www>
                <oktmo>
                    <code>54701000</code>
                    <name>- город Орел</name>
                </oktmo>
                <activity>
                    <okved>
                        <code>75.22</code>
                        <name>Деятельность, связанная с обеспечением военной безопасности</name>
                    </okved>
                    <name>Обеспечение безопасности и охрана правопорядка внутри страны</name>
                </activity>
                <eMail>fsvch7527@mail.ru</eMail>
            </additional>
            <other>
                <chief>
                    <lastName>Пронин</lastName>
                    <firstName>Андрей</firstName>
                    <middleName>Владимирович</middleName>
                    <position>Командир части</position>
                </chief>
                <founder>
                    <regNum>0173100000062</regNum>
                    <fullName>Министерство внутренних дел Российской Федерации</fullName>
                </founder>
            </other>
            <document>
                <name>Приказ о назначении командира части (руководителя0</name>
                <date>2009-08-06+04:00</date>
                <url>http://bus.gov.ru/public/download/download.html?id=4049712</url>
                <type>S</type>
            </document>
            <document>
                <name>Выписка из ЕГРЮЛ</name>
                <date>2011-03-25+03:00</date>
                <url>http://bus.gov.ru/public/download/download.html?id=4049713</url>
                <type>F</type>
            </document>
            <document>
                <name>Свидетельство о внесении записи в ЕГРЮЛ</name>
                <date>2011-03-25+03:00</date>
                <url>http://bus.gov.ru/public/download/download.html?id=4049714</url>
                <type>F</type>
            </document>
            <document>
                <name>Приказ МВД № 884 от 15.11.2003 г.</name>
                <date>2003-11-15+03:00</date>
                <url>http://bus.gov.ru/public/download/download.html?id=4102080</url>
                <type>F</type>
            </document>
            <document>
                <name>Свидетельство опостановке на учет в налоговом органе</name>
                <date>1999-10-21+04:00</date>
                <url>http://bus.gov.ru/public/download/download.html?id=4049715</url>
                <type>E</type>
            </document>
        </ns2:position>
    
<ns2:position xmlns:ns2="http://bus.gov.ru/external/1" xmlns="http://bus.gov.ru/types/1" xmlns:xsi="http://www.w3.org/2001/XMLSchema-instance" xmlns:ns3="http://bus.gov.ru/fk/1">
            <positionId>8653a5e1-da5f-4f44-8260-6436beb3b7e6</positionId>
            <changeDate>2012-07-16T12:38:11.046+04:00</changeDate>
            <placer>
                <regNum>0854100000008</regNum>
                <fullName>федеральное государственное казенное образовательное учреждение высшего профессионального образования "Орловский юридический институт Министерства внутренних дел Российской Федерации"</fullName>
                <inn>5753004557</inn>
                <kpp>575301001</kpp>
            </placer>
            <initiator>
                <regNum>0854100000008</regNum>
                <fullName>федеральное государственное казенное образовательное учреждение высшего профессионального образования "Орловский юридический институт Министерства внутренних дел Российской Федерации"</fullName>
                <inn>5753004557</inn>
                <kpp>575301001</kpp>
            </initiator>
            <versionNumber>1</versionNumber>
            <main>
                <shortName>ОрЮИ МВД России</shortName>
                <ogrn>1025700832002</ogrn>
                <rbs>
                    <regNum>0173100000054</regNum>
                    <fullName>Министерство внутренних дел Российской Федерации</fullName>
                </rbs>
                <grbs>
                    <regNum>0173100000054</regNum>
                    <fullName>Министерство внутренних дел Российской Федерации</fullName>
                </grbs>
                <orgType>08</orgType>
                <classifier>
                    <okfs>
                        <code>12</code>
                        <name>Федеральная собственность</name>
                    </okfs>
                    <okopf>
                        <code>72</code>
                        <name>Бюджетные учреждения</name>
                    </okopf>
                    <okogu>
                        <code>1310500</code>
                        <name>Министерство внутренних дел Российской Федерации</name>
                    </okogu>
                    <okpo>
                        <code>08571587</code>
                    </okpo>
                    <okato>
                        <code>54401000000</code>
                        <name>Орёл</name>
                    </okato>
                    <okved>
                        <code>80.30.1</code>
                        <name>Обучение в образовательных учреждениях высшего профессионального образования (университетах, академиях, институтах и в др,)</name>
                        <type>C</type>
                    </okved>
                    <okved>
                        <code>80.30.3</code>
                        <name>Обучение в образовательных учреждениях дополнительного профессионального образования (повышения квалификации) для специалистов, имеющих высшее профессиональное образование</name>
                        <type>C</type>
                    </okved>
                    <okved>
                        <code>80.22.22</code>
                        <name>Обучение в образовательных учреждениях дополнительного профессионального образования (повышения квалификации) для специалистов, имеющих среднее профессиональное образование</name>
                        <type>C</type>
                    </okved>
                </classifier>
                <address>
                    <zip>302027</zip>
                    <subject>
                        <code>57000000000</code>
                        <name>Орловская</name>
                    </subject>
                    <city>
                        <code>57000001000</code>
                        <name>Орел</name>
                    </city>
                    <street>
                        <name>Игнатова</name>
                    </street>
                    <building>2</building>
                </address>
            </main>
            <additional>
                <institutionType>
                    <code>1006020</code>
                    <name>Институт</name>
                </institutionType>
                <ppo>
                    <code>00000000000</code>
                    <name>Российская Федерация</name>
                    <okato>
                        <code>00000000000</code>
                        <name>Объекты административно-территориального деления, кроме сельских населенных пунктов</name>
                    </okato>
                    <oktmo>
                        <code>54701000</code>
                        <name>- город Орел</name>
                    </oktmo>
                </ppo>
                <phone>8-4862-414427</phone>
                <www>http://urinst.orel.ru/</www>
                <section>188</section>
                <oktmo>
                    <code>54701000</code>
                    <name>- город Орел</name>
                </oktmo>
                <activity>
                    <okved>
                        <code>80.30.1</code>
                        <name>Обучение в образовательных учреждениях высшего профессионального образования (университетах, академиях, институтах и в др,)</name>
                    </okved>
                    <name>Образовательная</name>
                </activity>
                <activity>
                    <okved>
                        <code>80.30.3</code>
                        <name>Обучение в образовательных учреждениях дополнительного профессионального образования (повышения квалификации) для специалистов, имеющих высшее профессиональное образование</name>
                    </okved>
                    <name>Повышение квалификации, переподготовка</name>
                </activity>
                <activity>
                    <okved>
                        <code>80.22.22</code>
                        <name>Обучение в образовательных учреждениях дополнительного профессионального образования (повышения квалификации) для специалистов, имеющих среднее профессиональное образование</name>
                    </okved>
                    <name>Повышение квалификации</name>
                </activity>
                <eMail>orurinst@rambler.ru</eMail>
            </additional>
            <other>
                <chief>
                    <lastName>Калиниченко</lastName>
                    <firstName>Игорь</firstName>
                    <middleName>Александрович</middleName>
                    <position>Начальник института</position>
                </chief>
                <founder>
                    <regNum>0173100000062</regNum>
                    <fullName>Министерство внутренних дел Российской Федерации</fullName>
                </founder>
            </other>
            <document>
                <name>указ о назначении на должность</name>
                <date>2008-12-30+03:00</date>
                <url>http://bus.gov.ru/public/download/download.html?id=4605987</url>
                <type>S</type>
            </document>
            <document>
                <name>приказ</name>
                <date>2011-04-25+04:00</date>
                <url>http://bus.gov.ru/public/download/download.html?id=4606087</url>
                <type>S</type>
            </document>
            <document>
                <name>указ о присврении звания и назначения на должность</name>
                <date>2011-04-19+04:00</date>
                <url>http://bus.gov.ru/public/download/download.html?id=4606069</url>
                <type>S</type>
            </document>
            <document>
                <name>Устав ОрЮИ МВД России</name>
                <date>2009-07-29+04:00</date>
                <url>http://bus.gov.ru/public/download/download.html?id=4605988</url>
                <type>F</type>
            </document>
            <document>
                <name>свидетельство о постановке на учет в налоговом органе</name>
                <date>1991-07-24+03:00</date>
                <url>http://bus.gov.ru/public/download/download.html?id=4605989</url>
                <type>O</type>
            </document>
            <document>
                <name>свидетельство</name>
                <date>2011-06-10+04:00</date>
                <url>http://bus.gov.ru/public/download/download.html?id=4605990</url>
                <type>E</type>
            </document>
        </ns2:position>
    
<ns2:position xmlns:ns2="http://bus.gov.ru/external/1" xmlns="http://bus.gov.ru/types/1" xmlns:xsi="http://www.w3.org/2001/XMLSchema-instance" xmlns:ns3="http://bus.gov.ru/fk/1">
            <positionId>dc6bab82-17d6-4f31-ba82-481f05aa272d</positionId>
            <changeDate>2012-09-26T18:14:28.680+04:00</changeDate>
            <placer>
                <regNum>0354100000005</regNum>
                <fullName>федеральное государственное казенное учреждение "Управление вневедомственной охраны Управления Министерства внутренних дел Российской Федерации по Орловской области"</fullName>
                <inn>5753058320</inn>
                <kpp>575301001</kpp>
            </placer>
            <initiator>
                <regNum>0354100000005</regNum>
                <fullName>федеральное государственное казенное учреждение "Управление вневедомственной охраны Управления Министерства внутренних дел Российской Федерации по Орловской области"</fullName>
                <inn>5753058320</inn>
                <kpp>575301001</kpp>
            </initiator>
            <versionNumber>0</versionNumber>
            <main>
                <shortName>ФГКУ УВО УМВД России по Орловской области</shortName>
                <ogrn>1125740004334</ogrn>
                <rbs>
                    <regNum>0154100000025</regNum>
                    <fullName>Управление Министерства внутренних дел Российской Федерации по Орловской области</fullName>
                </rbs>
                <grbs>
                    <regNum>0173100000054</regNum>
                    <fullName>Министерство внутренних дел Российской Федерации</fullName>
                </grbs>
                <orgType>08</orgType>
                <classifier>
                    <okfs>
                        <code>12</code>
                        <name>Федеральная собственность</name>
                    </okfs>
                    <okopf>
                        <code>74</code>
                        <name>Казенные учреждения</name>
                    </okopf>
                    <okogu>
                        <code>1310500</code>
                        <name>Министерство внутренних дел Российской Федерации</name>
                    </okogu>
                    <okpo>
                        <code>08683116</code>
                    </okpo>
                    <okato>
                        <code>54401000000</code>
                        <name>Орёл</name>
                    </okato>
                    <okved>
                        <code>75.24.1</code>
                        <name>Деятельность органов внутренних дел</name>
                        <type>C</type>
                    </okved>
                </classifier>
                <address>
                    <zip>302040</zip>
                    <subject>
                        <code>57000000000</code>
                        <name>Орловская обл</name>
                    </subject>
                    <city>
                        <code>57000001000</code>
                        <name>Орел г</name>
                    </city>
                    <street>
                        <code>570000010000089</code>
                        <name>Максима Горького ул</name>
                    </street>
                    <building>47з</building>
                </address>
            </main>
            <additional>
                <institutionType>
                    <code>9900000</code>
                    <name>Прочие</name>
                </institutionType>
                <ppo>
                    <code>00000000000</code>
                    <name>Российская Федерация</name>
                    <okato>
                        <code>00000000000</code>
                        <name>Объекты административно-территориального деления, кроме сельских населенных пунктов</name>
                    </okato>
                    <oktmo>
                        <code>54701000</code>
                        <name>город Орел</name>
                    </oktmo>
                </ppo>
                <phone>7-4862-421282</phone>
                <www>http://ohrana.orel.ru</www>
                <branch>
                    <regNum>0895100000139</regNum>
                    <fullName>Ливенский отдел вневедомственной охраны - филиал федерального государственного казенного учреждения "Управление вневедомственной охраны Управления Министерства внутренних дел Российской Федерации по Орловской области"</fullName>
                    <type>01</type>
                </branch>
                <branch>
                    <regNum>0354100000037</regNum>
                    <fullName>Отдел вневедомственной охраны по городу Орлу - филиал федерального государственного казенного учреждения "Управление вневедомственной охраны Управления Министерства внутренних дел Российской Федерации по Орловской области"</fullName>
                    <type>01</type>
                </branch>
                <branch>
                    <regNum>0354100000096</regNum>
                    <fullName>Мценский отдел вневедомственной охраны - филиал федерального государственного казенного учреждения "Управление вневедомственной охраны Управления Министерства внутренних дел Российской Федерации по Орловской области"</fullName>
                    <type>01</type>
                </branch>
                <branch>
                    <regNum>0354100000097</regNum>
                    <fullName>Кромское межрайонное отделение вневедомственной охраны - филиал федерального государственного казенного учреждения "Управление вневедомственной охраны Управления Министерства внутренних дел Российской Федерации по Орловской области"</fullName>
                    <type>01</type>
                </branch>
                <branch>
                    <regNum>0354100000028</regNum>
                    <fullName>Урицкое отделение вневедомственной охраны - филиал федерального государственного казенного учреждения "Управление вневедомственной охраны Управления Министерства внутренних дел Российской Федерации по Орловской области"</fullName>
                    <type>01</type>
                </branch>
                <branch>
                    <regNum>0354100000002</regNum>
                    <fullName>Верховское отделение вневедомственной охраны - филиал федерального государственного казенного учреждения "Управление вневедомственной охраны Управления Министерства внутренних дел Российской Федерации по Орловской области"</fullName>
                    <type>01</type>
                </branch>
                <section>188</section>
                <oktmo>
                    <code>54701000</code>
                    <name>город Орел</name>
                </oktmo>
                <activity>
                    <okved>
                        <code>75.24.1</code>
                        <name>Деятельность органов внутренних дел</name>
                    </okved>
                    <name>Деятельность, связанная с управлением и функционированием системы органов внутренних дел, в том числе подразделений вневедомственной охраны</name>
                </activity>
                <eMail>ohrana@orel.ru</eMail>
            </additional>
            <other>
                <chief>
                    <lastName>Шевкунов</lastName>
                    <firstName>Виталий</firstName>
                    <middleName>Михайлович</middleName>
                    <position>начальник</position>
                </chief>
                <founder>
                    <regNum>0173100000062</regNum>
                    <fullName>Министерство внутренних дел Российской Федерации</fullName>
                </founder>
            </other>
            <document>
                <name>Приказ о назначении</name>
                <date>2012-08-17+04:00</date>
                <url>http://bus.gov.ru/public/download/download.html?id=5437285</url>
                <type>S</type>
            </document>
            <document>
                <name>Положение Ливенский ОВО</name>
                <date>2012-07-03+04:00</date>
                <url>http://bus.gov.ru/public/download/download.html?id=5437190</url>
                <type>L</type>
            </document>
            <document>
                <name>Положение Кромское МОВО</name>
                <date>2012-07-03+04:00</date>
                <url>http://bus.gov.ru/public/download/download.html?id=5437374</url>
                <type>L</type>
            </document>
            <document>
                <name>Положение Урицкое ОВО</name>
                <date>2012-07-03+04:00</date>
                <url>http://bus.gov.ru/public/download/download.html?id=5437437</url>
                <type>L</type>
            </document>
            <document>
                <name>Положение ОВО по г. Орлу</name>
                <date>2012-07-03+04:00</date>
                <url>http://bus.gov.ru/public/download/download.html?id=5429203</url>
                <type>L</type>
            </document>
            <document>
                <name>Положение Мценский ОВО</name>
                <date>2012-07-03+04:00</date>
                <url>http://bus.gov.ru/public/download/download.html?id=5429250</url>
                <type>L</type>
            </document>
            <document>
                <name>Положение Верховское ОВО</name>
                <date>2012-07-03+04:00</date>
                <url>http://bus.gov.ru/public/download/download.html?id=5437508</url>
                <type>L</type>
            </document>
            <document>
                <name>Распоряжение Правительства РФ от 30_12_2011 N 2437-р</name>
                <date>2011-12-30+04:00</date>
                <url>http://bus.gov.ru/public/download/download.html?id=5437321</url>
            </document>
            <document>
                <name>Устав</name>
                <date>2012-07-03+04:00</date>
                <url>http://bus.gov.ru/public/download/download.html?id=5429059</url>
                <type>F</type>
            </document>
            <document>
                <name>Свидетельство о гос регистрации</name>
                <date>2012-07-03+04:00</date>
                <url>http://bus.gov.ru/public/download/download.html?id=5429030</url>
                <type>E</type>
            </document>
        </ns2:position>
    

    </ns2:body>
    </ns2:institutionInfo>        
        