<?xml version="1.0" encoding="UTF-8" standalone="yes"?>
<ns2:institutionInfo xsi:schemaLocation="http://bus.gov.ru/public/schema/TFF-0.1.3.1/External.xsd" xmlns="http://bus.gov.ru/types/1" xmlns:ns2="http://bus.gov.ru/external/1" xmlns:xsi="http://www.w3.org/2001/XMLSchema-instance" xmlns:ns3="http://bus.gov.ru/fk/1">
    <ns2:body>                        
	<ns2:position xmlns:ns2="http://bus.gov.ru/external/1" xmlns="http://bus.gov.ru/types/1" xmlns:xsi="http://www.w3.org/2001/XMLSchema-instance" xmlns:ns3="http://bus.gov.ru/fk/1">
            <positionId>6e94443c-7873-4b3f-b7a8-559f4e3216e0</positionId>
            <changeDate>2012-04-18T12:25:39.232+04:00</changeDate>
            <placer>
                <regNum>0355100000134</regNum>
                <fullName>Пензенский филиал федерального государственного казенного образовательного учреждения дополнительного профессионального образования "Всероссийский институт повышения квалификации сотрудников МВД России"</fullName>
                <inn>5009003774</inn>
                <kpp>583402001</kpp>
            </placer>
            <initiator>
                <regNum>0355100000134</regNum>
                <fullName>Пензенский филиал федерального государственного казенного образовательного учреждения дополнительного профессионального образования "Всероссийский институт повышения квалификации сотрудников МВД России"</fullName>
                <inn>5009003774</inn>
                <kpp>583402001</kpp>
            </initiator>
            <versionNumber>0</versionNumber>
            <main>
                <shortName>ПФ ВИПК МВД России</shortName>
                <ogrn>1025001275804</ogrn>
                <rbs>
                    <regNum>0348100000686</regNum>
                    <fullName>федеральное государственное казенное образовательное учреждение дополнительного профессионального образования "Всероссийский институт повышения квалификации сотрудников МВД России"</fullName>
                </rbs>
                <grbs>
                    <regNum>0173100000062</regNum>
                    <fullName>Министерство внутренних дел Российской Федерации</fullName>
                </grbs>
                <orgType>08</orgType>
                <classifier>
                    <okfs>
                        <code>12</code>
                        <name>Федеральная собственность</name>
                    </okfs>
                    <okopf>
                        <code>90</code>
                        <name>Представительства и филиалы</name>
                    </okopf>
                    <okogu>
                        <code>1310500</code>
                        <name>Министерство внутренних дел Российской Федерации</name>
                    </okogu>
                    <okpo>
                        <code>08729976</code>
                    </okpo>
                    <okato>
                        <code>56401000000</code>
                        <name>Пенза</name>
                    </okato>
                    <okved>
                        <code>80.30.3</code>
                        <name>Обучение в образовательных учреждениях дополнительного профессионального образования (повышения квалификации) для специалистов, имеющих высшее профессиональное образование</name>
                        <type>C</type>
                    </okved>
                </classifier>
                <address>
                    <zip>440014</zip>
                    <subject>
                        <code>58000000000</code>
                        <name>Пензенская</name>
                    </subject>
                    <city>
                        <code>58000001000</code>
                        <name>Пенза</name>
                    </city>
                    <street>
                        <name>ул. Ботаническая</name>
                    </street>
                    <building>д. 19</building>
                </address>
            </main>
            <additional>
                <institutionType>
                    <code>1000000</code>
                    <name>Образование</name>
                </institutionType>
                <ppo>
                    <code>00000000000</code>
                    <name>Российская Федерация</name>
                    <okato>
                        <code>00000000000</code>
                        <name>Объекты административно-территориального деления, кроме сельских населенных пунктов</name>
                    </okato>
                </ppo>
                <phone>7-8412-628138</phone>
                <section>188</section>
                <oktmo>
                    <code>56701000</code>
                    <name>- город Пенза</name>
                </oktmo>
                <activity>
                    <okved>
                        <code>80.30.3</code>
                        <name>Обучение в образовательных учреждениях дополнительного профессионального образования (повышения квалификации) для специалистов, имеющих высшее профессиональное образование</name>
                    </okved>
                    <name>Образование</name>
                </activity>
                <eMail>pfvipk@mail.ru</eMail>
            </additional>
            <other>
                <chief>
                    <lastName>Жуков</lastName>
                    <firstName>Виталий</firstName>
                    <middleName>Викторович</middleName>
                    <position>Начальник</position>
                </chief>
                <founder>
                    <regNum>0173100000062</regNum>
                    <fullName>Министерство внутренних дел Российской Федерации</fullName>
                </founder>
            </other>
            <document>
                <name>Приказ о назначении руководителя</name>
                <date>2011-07-06+04:00</date>
                <url>http://bus.gov.ru/public/download/download.html?id=2626866</url>
                <type>S</type>
            </document>
            <document>
                <name>Свидетельство ЕГРЮЛ</name>
                <date>2011-07-11+04:00</date>
                <url>http://bus.gov.ru/public/download/download.html?id=2626623</url>
                <type>E</type>
            </document>
            <document>
                <name>Свидетельство из ИФНС</name>
                <date>2011-10-07+04:00</date>
                <url>http://bus.gov.ru/public/download/download.html?id=2626746</url>
                <type>E</type>
            </document>
            <document>
                <name>Положение Пенза 2012г </name>
                <date>2012-01-27+04:00</date>
                <url>http://bus.gov.ru/public/download/download.html?id=2626370</url>
                <type>F</type>
            </document>
        </ns2:position>
    
<ns2:position xmlns:ns2="http://bus.gov.ru/external/1" xmlns="http://bus.gov.ru/types/1" xmlns:xsi="http://www.w3.org/2001/XMLSchema-instance" xmlns:ns3="http://bus.gov.ru/fk/1">
            <positionId>2af3e987-b4a4-416c-8e06-9d91b139ded1</positionId>
            <changeDate>2012-04-19T15:29:14.704+04:00</changeDate>
            <placer>
                <regNum>0355100000054</regNum>
                <fullName>Отдел Министерства внутренних дел Российской Федерации по Бессоновскому райну</fullName>
                <inn>5809093022</inn>
                <kpp>580901001</kpp>
            </placer>
            <initiator>
                <regNum>0355100000054</regNum>
                <fullName>Отдел Министерства внутренних дел Российской Федерации по Бессоновскому райну</fullName>
                <inn>5809093022</inn>
                <kpp>580901001</kpp>
            </initiator>
            <versionNumber>0</versionNumber>
            <main>
                <shortName>ОМВД по Бессоновскому району</shortName>
                <ogrn>1025800679761</ogrn>
                <rbs>
                    <regNum>0155100000034</regNum>
                    <fullName>Управление Министерства внутренних дел Российской Федерации по Пензенской области</fullName>
                </rbs>
                <grbs>
                    <regNum>0173100000054</regNum>
                    <fullName>Министерство внутренних дел Российской Федерации</fullName>
                </grbs>
                <orgType>03</orgType>
                <classifier>
                    <okfs>
                        <code>12</code>
                        <name>Федеральная собственность</name>
                    </okfs>
                    <okopf>
                        <code>72</code>
                        <name>Бюджетные учреждения</name>
                    </okopf>
                    <okogu>
                        <code>1310500</code>
                        <name>Министерство внутренних дел Российской Федерации</name>
                    </okogu>
                    <okpo>
                        <code>08653807</code>
                    </okpo>
                    <okato>
                        <code>56213804000</code>
                        <name>Бессоновский</name>
                    </okato>
                    <okved>
                        <code>75.24.1</code>
                        <name>Деятельность органов внутренних дел</name>
                        <type>C</type>
                    </okved>
                </classifier>
                <address>
                    <zip>442780</zip>
                    <subject>
                        <code>58000000000</code>
                        <name>Пензенская обл</name>
                    </subject>
                    <region>
                        <code>58006000000</code>
                        <name>Бессоновский р-н</name>
                    </region>
                    <locality>
                        <code>58006000001</code>
                        <name>Бессоновка с</name>
                    </locality>
                    <street>
                        <name>Центральная ул</name>
                    </street>
                    <building>227</building>
                </address>
            </main>
            <additional>
                <institutionType>
                    <code>9900000</code>
                    <name>Прочие</name>
                </institutionType>
                <ppo>
                    <code>00000000000</code>
                    <name>Российская Федерация</name>
                    <okato>
                        <code>00000000000</code>
                        <name>Объекты административно-территориального деления, кроме сельских населенных пунктов</name>
                    </okato>
                    <oktmo>
                        <code>56613404</code>
                        <name>- Бессоновский сельсовет</name>
                    </oktmo>
                </ppo>
                <phone>8-84140-25874</phone>
                <oktmo>
                    <code>56613404</code>
                    <name>- Бессоновский сельсовет</name>
                </oktmo>
                <activity>
                    <okved>
                        <code>75.24.1</code>
                        <name>Деятельность органов внутренних дел</name>
                    </okved>
                    <name>Деятельность органов внутренних дел</name>
                </activity>
                <eMail>rovd05@mail.ru</eMail>
            </additional>
            <other>
                <chief>
                    <lastName>Горохов</lastName>
                    <firstName>Эдуард</firstName>
                    <middleName>Юрьевич</middleName>
                    <position>Начальник отдела Министерства внутренних дел Российской Федерации по Бессоновскому району</position>
                </chief>
                <founder>
                    <regNum>0173100000062</regNum>
                    <fullName>Министерство внутренних дел Российской Федерации</fullName>
                </founder>
            </other>
            <document>
                <name>приказ о назначении</name>
                <date>2012-04-19+04:00</date>
                <url>http://bus.gov.ru/public/download/download.html?id=2682792</url>
                <type>S</type>
            </document>
            <document>
                <name>свид.</name>
                <date>2012-04-19+04:00</date>
                <url>http://bus.gov.ru/public/download/download.html?id=2682755</url>
                <type>E</type>
            </document>
            <document>
                <name>свидетельство</name>
                <date>2012-04-19+04:00</date>
                <url>http://bus.gov.ru/public/download/download.html?id=2684472</url>
                <type>F</type>
            </document>
        </ns2:position>
    
<ns2:position xmlns:ns2="http://bus.gov.ru/external/1" xmlns="http://bus.gov.ru/types/1" xmlns:xsi="http://www.w3.org/2001/XMLSchema-instance" xmlns:ns3="http://bus.gov.ru/fk/1">
            <positionId>6e94443c-7873-4b3f-b7a8-559f4e3216e0</positionId>
            <changeDate>2012-04-18T12:25:39.232+04:00</changeDate>
            <placer>
                <regNum>0355100000134</regNum>
                <fullName>Пензенский филиал федерального государственного казенного образовательного учреждения дополнительного профессионального образования "Всероссийский институт повышения квалификации сотрудников МВД России"</fullName>
                <inn>5009003774</inn>
                <kpp>583402001</kpp>
            </placer>
            <initiator>
                <regNum>0355100000134</regNum>
                <fullName>Пензенский филиал федерального государственного казенного образовательного учреждения дополнительного профессионального образования "Всероссийский институт повышения квалификации сотрудников МВД России"</fullName>
                <inn>5009003774</inn>
                <kpp>583402001</kpp>
            </initiator>
            <versionNumber>0</versionNumber>
            <main>
                <shortName>ПФ ВИПК МВД России</shortName>
                <ogrn>1025001275804</ogrn>
                <rbs>
                    <regNum>0348100000686</regNum>
                    <fullName>федеральное государственное казенное образовательное учреждение дополнительного профессионального образования "Всероссийский институт повышения квалификации сотрудников МВД России"</fullName>
                </rbs>
                <grbs>
                    <regNum>0173100000062</regNum>
                    <fullName>Министерство внутренних дел Российской Федерации</fullName>
                </grbs>
                <orgType>08</orgType>
                <classifier>
                    <okfs>
                        <code>12</code>
                        <name>Федеральная собственность</name>
                    </okfs>
                    <okopf>
                        <code>90</code>
                        <name>Представительства и филиалы</name>
                    </okopf>
                    <okogu>
                        <code>1310500</code>
                        <name>Министерство внутренних дел Российской Федерации</name>
                    </okogu>
                    <okpo>
                        <code>08729976</code>
                    </okpo>
                    <okato>
                        <code>56401000000</code>
                        <name>Пенза</name>
                    </okato>
                    <okved>
                        <code>80.30.3</code>
                        <name>Обучение в образовательных учреждениях дополнительного профессионального образования (повышения квалификации) для специалистов, имеющих высшее профессиональное образование</name>
                        <type>C</type>
                    </okved>
                </classifier>
                <address>
                    <zip>440014</zip>
                    <subject>
                        <code>58000000000</code>
                        <name>Пензенская</name>
                    </subject>
                    <city>
                        <code>58000001000</code>
                        <name>Пенза</name>
                    </city>
                    <street>
                        <name>ул. Ботаническая</name>
                    </street>
                    <building>д. 19</building>
                </address>
            </main>
            <additional>
                <institutionType>
                    <code>1000000</code>
                    <name>Образование</name>
                </institutionType>
                <ppo>
                    <code>00000000000</code>
                    <name>Российская Федерация</name>
                    <okato>
                        <code>00000000000</code>
                        <name>Объекты административно-территориального деления, кроме сельских населенных пунктов</name>
                    </okato>
                </ppo>
                <phone>7-8412-628138</phone>
                <section>188</section>
                <oktmo>
                    <code>56701000</code>
                    <name>- город Пенза</name>
                </oktmo>
                <activity>
                    <okved>
                        <code>80.30.3</code>
                        <name>Обучение в образовательных учреждениях дополнительного профессионального образования (повышения квалификации) для специалистов, имеющих высшее профессиональное образование</name>
                    </okved>
                    <name>Образование</name>
                </activity>
                <eMail>pfvipk@mail.ru</eMail>
            </additional>
            <other>
                <chief>
                    <lastName>Жуков</lastName>
                    <firstName>Виталий</firstName>
                    <middleName>Викторович</middleName>
                    <position>Начальник</position>
                </chief>
                <founder>
                    <regNum>0173100000062</regNum>
                    <fullName>Министерство внутренних дел Российской Федерации</fullName>
                </founder>
            </other>
            <document>
                <name>Приказ о назначении руководителя</name>
                <date>2011-07-06+04:00</date>
                <url>http://bus.gov.ru/public/download/download.html?id=2626866</url>
                <type>S</type>
            </document>
            <document>
                <name>Свидетельство ЕГРЮЛ</name>
                <date>2011-07-11+04:00</date>
                <url>http://bus.gov.ru/public/download/download.html?id=2626623</url>
                <type>E</type>
            </document>
            <document>
                <name>Свидетельство из ИФНС</name>
                <date>2011-10-07+04:00</date>
                <url>http://bus.gov.ru/public/download/download.html?id=2626746</url>
                <type>E</type>
            </document>
            <document>
                <name>Положение Пенза 2012г </name>
                <date>2012-01-27+04:00</date>
                <url>http://bus.gov.ru/public/download/download.html?id=2626370</url>
                <type>F</type>
            </document>
        </ns2:position>
    
<ns2:position xmlns:ns2="http://bus.gov.ru/external/1" xmlns="http://bus.gov.ru/types/1" xmlns:xsi="http://www.w3.org/2001/XMLSchema-instance" xmlns:ns3="http://bus.gov.ru/fk/1">
            <positionId>2af3e987-b4a4-416c-8e06-9d91b139ded1</positionId>
            <changeDate>2012-04-19T15:29:14.704+04:00</changeDate>
            <placer>
                <regNum>0355100000054</regNum>
                <fullName>Отдел Министерства внутренних дел Российской Федерации по Бессоновскому райну</fullName>
                <inn>5809093022</inn>
                <kpp>580901001</kpp>
            </placer>
            <initiator>
                <regNum>0355100000054</regNum>
                <fullName>Отдел Министерства внутренних дел Российской Федерации по Бессоновскому райну</fullName>
                <inn>5809093022</inn>
                <kpp>580901001</kpp>
            </initiator>
            <versionNumber>0</versionNumber>
            <main>
                <shortName>ОМВД по Бессоновскому району</shortName>
                <ogrn>1025800679761</ogrn>
                <rbs>
                    <regNum>0155100000034</regNum>
                    <fullName>Управление Министерства внутренних дел Российской Федерации по Пензенской области</fullName>
                </rbs>
                <grbs>
                    <regNum>0173100000054</regNum>
                    <fullName>Министерство внутренних дел Российской Федерации</fullName>
                </grbs>
                <orgType>03</orgType>
                <classifier>
                    <okfs>
                        <code>12</code>
                        <name>Федеральная собственность</name>
                    </okfs>
                    <okopf>
                        <code>72</code>
                        <name>Бюджетные учреждения</name>
                    </okopf>
                    <okogu>
                        <code>1310500</code>
                        <name>Министерство внутренних дел Российской Федерации</name>
                    </okogu>
                    <okpo>
                        <code>08653807</code>
                    </okpo>
                    <okato>
                        <code>56213804000</code>
                        <name>Бессоновский</name>
                    </okato>
                    <okved>
                        <code>75.24.1</code>
                        <name>Деятельность органов внутренних дел</name>
                        <type>C</type>
                    </okved>
                </classifier>
                <address>
                    <zip>442780</zip>
                    <subject>
                        <code>58000000000</code>
                        <name>Пензенская обл</name>
                    </subject>
                    <region>
                        <code>58006000000</code>
                        <name>Бессоновский р-н</name>
                    </region>
                    <locality>
                        <code>58006000001</code>
                        <name>Бессоновка с</name>
                    </locality>
                    <street>
                        <name>Центральная ул</name>
                    </street>
                    <building>227</building>
                </address>
            </main>
            <additional>
                <institutionType>
                    <code>9900000</code>
                    <name>Прочие</name>
                </institutionType>
                <ppo>
                    <code>00000000000</code>
                    <name>Российская Федерация</name>
                    <okato>
                        <code>00000000000</code>
                        <name>Объекты административно-территориального деления, кроме сельских населенных пунктов</name>
                    </okato>
                    <oktmo>
                        <code>56613404</code>
                        <name>- Бессоновский сельсовет</name>
                    </oktmo>
                </ppo>
                <phone>8-84140-25874</phone>
                <oktmo>
                    <code>56613404</code>
                    <name>- Бессоновский сельсовет</name>
                </oktmo>
                <activity>
                    <okved>
                        <code>75.24.1</code>
                        <name>Деятельность органов внутренних дел</name>
                    </okved>
                    <name>Деятельность органов внутренних дел</name>
                </activity>
                <eMail>rovd05@mail.ru</eMail>
            </additional>
            <other>
                <chief>
                    <lastName>Горохов</lastName>
                    <firstName>Эдуард</firstName>
                    <middleName>Юрьевич</middleName>
                    <position>Начальник отдела Министерства внутренних дел Российской Федерации по Бессоновскому району</position>
                </chief>
                <founder>
                    <regNum>0173100000062</regNum>
                    <fullName>Министерство внутренних дел Российской Федерации</fullName>
                </founder>
            </other>
            <document>
                <name>приказ о назначении</name>
                <date>2012-04-19+04:00</date>
                <url>http://bus.gov.ru/public/download/download.html?id=2682792</url>
                <type>S</type>
            </document>
            <document>
                <name>свид.</name>
                <date>2012-04-19+04:00</date>
                <url>http://bus.gov.ru/public/download/download.html?id=2682755</url>
                <type>E</type>
            </document>
            <document>
                <name>свидетельство</name>
                <date>2012-04-19+04:00</date>
                <url>http://bus.gov.ru/public/download/download.html?id=2684472</url>
                <type>F</type>
            </document>
        </ns2:position>
    

    </ns2:body>
    </ns2:institutionInfo>        
        