<?xml version="1.0" encoding="UTF-8" standalone="yes"?>
<ns2:institutionInfo xsi:schemaLocation="http://bus.gov.ru/public/schema/TFF-0.1.3.1/External.xsd" xmlns="http://bus.gov.ru/types/1" xmlns:ns2="http://bus.gov.ru/external/1" xmlns:xsi="http://www.w3.org/2001/XMLSchema-instance" xmlns:ns3="http://bus.gov.ru/fk/1">
    <ns2:body>                        
	<ns2:position xmlns:ns2="http://bus.gov.ru/external/1" xmlns="http://bus.gov.ru/types/1" xmlns:xsi="http://www.w3.org/2001/XMLSchema-instance" xmlns:ns3="http://bus.gov.ru/fk/1">
            <positionId>9b9a740f-5d73-4f84-816d-17da8abdc5b4</positionId>
            <changeDate>2012-07-05T12:11:42.687+04:00</changeDate>
            <placer>
                <regNum>0859100000004</regNum>
                <fullName>федеральное казенное учреждение здравоохранения "Медико-санитарная часть Министерства внутренних дел Российской Федерации по Рязанской области"</fullName>
                <inn>6234023854</inn>
                <kpp>623401001</kpp>
            </placer>
            <initiator>
                <regNum>0859100000004</regNum>
                <fullName>федеральное казенное учреждение здравоохранения "Медико-санитарная часть Министерства внутренних дел Российской Федерации по Рязанской области"</fullName>
                <inn>6234023854</inn>
                <kpp>623401001</kpp>
            </initiator>
            <versionNumber>2</versionNumber>
            <main>
                <shortName>ФКУЗ "МCЧ МВД России по Рязанской области"</shortName>
                <ogrn>1066234004550</ogrn>
                <rbs>
                    <regNum>0159100000056</regNum>
                    <fullName>Управление Министерства внутренних дел Российской Федерации по Рязанской области</fullName>
                </rbs>
                <grbs>
                    <regNum>0173100000054</regNum>
                    <fullName>Министерство внутренних дел Российской Федерации</fullName>
                </grbs>
                <orgType>08</orgType>
                <classifier>
                    <okfs>
                        <code>12</code>
                        <name>Федеральная собственность</name>
                    </okfs>
                    <okopf>
                        <code>72</code>
                        <name>Бюджетные учреждения</name>
                    </okopf>
                    <okogu>
                        <code>1310500</code>
                        <name>Министерство внутренних дел Российской Федерации</name>
                    </okogu>
                    <okpo>
                        <code>08808173</code>
                    </okpo>
                    <okato>
                        <code>61401380000</code>
                        <name>Советский</name>
                    </okato>
                    <okved>
                        <code>85.11.1</code>
                        <name>Деятельность больничных учреждений широкого профиля и специализированных</name>
                        <type>C</type>
                    </okved>
                    <okved>
                        <code>85.12</code>
                        <name>Врачебная практика</name>
                        <type>O</type>
                    </okved>
                    <okved>
                        <code>85.14.3</code>
                        <name>Деятельность медицинских лабораторий</name>
                        <type>O</type>
                    </okved>
                    <okved>
                        <code>85.14.2</code>
                        <name>Деятельность вспомогательного стоматологического персонала</name>
                        <type>O</type>
                    </okved>
                    <okved>
                        <code>85.14.1</code>
                        <name>Деятельность среднего медицинского персонала</name>
                        <type>O</type>
                    </okved>
                    <okved>
                        <code>85.14.5</code>
                        <name>Деятельность учреждений санитарно-эпидемиологической службы</name>
                        <type>O</type>
                    </okved>
                    <okved>
                        <code>85.13</code>
                        <name>Стоматологическая практика</name>
                        <type>O</type>
                    </okved>
                </classifier>
                <address>
                    <zip>390046</zip>
                    <subject>
                        <code>62000000000</code>
                        <name>Рязанская обл</name>
                    </subject>
                    <city>
                        <code>62000001000</code>
                        <name>Рязань г</name>
                    </city>
                    <street>
                        <code>620000010000406</code>
                        <name>Полевая ул</name>
                    </street>
                    <building>32</building>
                </address>
            </main>
            <additional>
                <institutionType>
                    <code>0500000</code>
                    <name>Здравоохранение</name>
                </institutionType>
                <ppo>
                    <code>00000000000</code>
                    <name>Российская Федерация</name>
                    <okato>
                        <code>00000000000</code>
                        <name>Объекты административно-территориального деления, кроме сельских населенных пунктов</name>
                    </okato>
                </ppo>
                <phone>8-4912-274957</phone>
                <section>188</section>
                <oktmo>
                    <code>61701000</code>
                    <name>- Город Рязань</name>
                </oktmo>
                <activity>
                    <okved>
                        <code>85.14.1</code>
                        <name>Деятельность среднего медицинского персонала</name>
                    </okved>
                    <name>Деятельность среднего медицинского персонала</name>
                </activity>
                <activity>
                    <okved>
                        <code>85.13</code>
                        <name>Стоматологическая практика</name>
                    </okved>
                    <name>Стоматологическая практика</name>
                </activity>
                <activity>
                    <okved>
                        <code>85.14.5</code>
                        <name>Деятельность учреждений санитарно-эпидемиологической службы</name>
                    </okved>
                    <name>Деятельность учреждений санитарно-эпидемиологической службы</name>
                </activity>
                <activity>
                    <okved>
                        <code>85.12</code>
                        <name>Врачебная практика</name>
                    </okved>
                    <name>Врачебная практика</name>
                </activity>
                <activity>
                    <okved>
                        <code>85.11.1</code>
                        <name>Деятельность больничных учреждений широкого профиля и специализированных</name>
                    </okved>
                    <name>Деятельность больничных учреждений широкого профиля и специализированных</name>
                </activity>
                <activity>
                    <okved>
                        <code>85.14.2</code>
                        <name>Деятельность вспомогательного стоматологического персонала</name>
                    </okved>
                    <name>Деятельность вспомогательного стоматологического персонала</name>
                </activity>
                <activity>
                    <okved>
                        <code>85.14.3</code>
                        <name>Деятельность медицинских лабораторий</name>
                    </okved>
                    <name>Деятельность медицинских лабораторий</name>
                </activity>
                <eMail>mchuvd-ryazan@yandex.ru</eMail>
            </additional>
            <other>
                <chief>
                    <lastName>Караваев</lastName>
                    <firstName>Николай</firstName>
                    <middleName>Серафимович</middleName>
                    <position>Начальник</position>
                </chief>
                <founder>
                    <regNum>0173100000062</regNum>
                    <fullName>Министерство финансов Российской Федерации</fullName>
                </founder>
            </other>
            <document>
                <name>Приказ 1075</name>
                <date>2006-01-10+03:00</date>
                <url>http://bus.gov.ru/public/download/download.html?id=4461776</url>
                <type>S</type>
            </document>
            <document>
                <name>Устав 12л</name>
                <date>2005-12-30+03:00</date>
                <url>http://bus.gov.ru/public/download/download.html?id=4461777</url>
                <type>F</type>
            </document>
            <document>
                <name>Устав 16л</name>
                <date>2005-12-30+03:00</date>
                <url>http://bus.gov.ru/public/download/download.html?id=4461796</url>
                <type>F</type>
            </document>
            <document>
                <name>Устав 17л</name>
                <date>2005-12-30+03:00</date>
                <url>http://bus.gov.ru/public/download/download.html?id=4461795</url>
                <type>F</type>
            </document>
            <document>
                <name>Устав 11л</name>
                <date>2005-12-30+03:00</date>
                <url>http://bus.gov.ru/public/download/download.html?id=4461794</url>
                <type>F</type>
            </document>
            <document>
                <name>Устав 7л</name>
                <date>2005-12-30+03:00</date>
                <url>http://bus.gov.ru/public/download/download.html?id=4461793</url>
                <type>F</type>
            </document>
            <document>
                <name>Устав 6л</name>
                <date>2005-12-30+03:00</date>
                <url>http://bus.gov.ru/public/download/download.html?id=4461792</url>
                <type>F</type>
            </document>
            <document>
                <name>Устав 4л</name>
                <date>2005-12-30+03:00</date>
                <url>http://bus.gov.ru/public/download/download.html?id=4461791</url>
                <type>F</type>
            </document>
            <document>
                <name>Устав 14л</name>
                <date>2005-12-30+03:00</date>
                <url>http://bus.gov.ru/public/download/download.html?id=4461778</url>
                <type>F</type>
            </document>
            <document>
                <name>Устав 13л</name>
                <date>2005-12-30+03:00</date>
                <url>http://bus.gov.ru/public/download/download.html?id=4461779</url>
                <type>F</type>
            </document>
            <document>
                <name>Устав  5л</name>
                <date>2005-12-30+03:00</date>
                <url>http://bus.gov.ru/public/download/download.html?id=4461780</url>
                <type>F</type>
            </document>
            <document>
                <name>Внесение изменения в Устав</name>
                <date>2005-12-31+03:00</date>
                <url>http://bus.gov.ru/public/download/download.html?id=4461781</url>
                <type>F</type>
            </document>
            <document>
                <name>приказ 537 от 30_05_2011</name>
                <date>2011-05-30+04:00</date>
                <url>http://bus.gov.ru/public/download/download.html?id=4461782</url>
                <type>F</type>
            </document>
            <document>
                <name>Устав 2л</name>
                <date>2005-12-30+03:00</date>
                <url>http://bus.gov.ru/public/download/download.html?id=4461783</url>
                <type>F</type>
            </document>
            <document>
                <name>Устав 3л</name>
                <date>2005-12-30+03:00</date>
                <url>http://bus.gov.ru/public/download/download.html?id=4461784</url>
                <type>F</type>
            </document>
            <document>
                <name>Устав 9л</name>
                <date>2005-12-30+03:00</date>
                <url>http://bus.gov.ru/public/download/download.html?id=4461785</url>
                <type>F</type>
            </document>
            <document>
                <name>Устав 10л</name>
                <date>2005-12-30+03:00</date>
                <url>http://bus.gov.ru/public/download/download.html?id=4461786</url>
                <type>F</type>
            </document>
            <document>
                <name>перечень к пр 537</name>
                <date>2011-05-31+04:00</date>
                <url>http://bus.gov.ru/public/download/download.html?id=4461787</url>
                <type>F</type>
            </document>
            <document>
                <name>Приказ 1л</name>
                <date>2005-12-30+03:00</date>
                <url>http://bus.gov.ru/public/download/download.html?id=4461788</url>
                <type>F</type>
            </document>
            <document>
                <name>перечень л2</name>
                <date>2011-05-30+04:00</date>
                <url>http://bus.gov.ru/public/download/download.html?id=4461789</url>
                <type>F</type>
            </document>
            <document>
                <name>Устав 8л</name>
                <date>2005-12-30+03:00</date>
                <url>http://bus.gov.ru/public/download/download.html?id=4461790</url>
                <type>F</type>
            </document>
            <document>
                <name>Отчет о рез_деят_3</name>
                <date>2012-01-01+04:00</date>
                <url>http://bus.gov.ru/public/download/download.html?id=4461801</url>
                <type>O</type>
            </document>
            <document>
                <name>Отчет о рез_деят_1</name>
                <date>2012-01-01+04:00</date>
                <url>http://bus.gov.ru/public/download/download.html?id=4461800</url>
                <type>O</type>
            </document>
            <document>
                <name>Отчет о рез_деят_4</name>
                <date>2012-01-01+04:00</date>
                <url>http://bus.gov.ru/public/download/download.html?id=4461799</url>
                <type>O</type>
            </document>
            <document>
                <name>Отчет о рез_деят_5</name>
                <date>2012-01-01+04:00</date>
                <url>http://bus.gov.ru/public/download/download.html?id=4461798</url>
                <type>O</type>
            </document>
            <document>
                <name>Отчет о рез_деят_2</name>
                <date>2012-01-01+04:00</date>
                <url>http://bus.gov.ru/public/download/download.html?id=4461797</url>
                <type>O</type>
            </document>
            <document>
                <name>в реестр юр.лиц</name>
                <date>2011-11-08+04:00</date>
                <url>http://bus.gov.ru/public/download/download.html?id=4461802</url>
                <type>E</type>
            </document>
            <document>
                <name>в налогов</name>
                <date>2006-02-06+03:00</date>
                <url>http://bus.gov.ru/public/download/download.html?id=4461803</url>
                <type>E</type>
            </document>
        </ns2:position>
    
<ns2:position xmlns:ns2="http://bus.gov.ru/external/1" xmlns="http://bus.gov.ru/types/1" xmlns:xsi="http://www.w3.org/2001/XMLSchema-instance" xmlns:ns3="http://bus.gov.ru/fk/1">
            <positionId>dab7e6c4-f131-4f70-af14-f3095a4273ae</positionId>
            <changeDate>2012-10-18T15:10:17.283+04:00</changeDate>
            <placer>
                <regNum>0895100000538</regNum>
                <fullName>федеральное государственное казенное учреждение "Управление вневедомственной охраны Управления Министерства внутренних дел Российской Федерации по Рязанской области"</fullName>
                <inn>6234106116</inn>
                <kpp>623401001</kpp>
            </placer>
            <initiator>
                <regNum>0895100000538</regNum>
                <fullName>федеральное государственное казенное учреждение "Управление вневедомственной охраны Управления Министерства внутренних дел Российской Федерации по Рязанской области"</fullName>
                <inn>6234106116</inn>
                <kpp>623401001</kpp>
            </initiator>
            <versionNumber>0</versionNumber>
            <main>
                <shortName>ФГКУ УВО УМВД России по Рязанской области</shortName>
                <ogrn>1126234008592</ogrn>
                <rbs>
                    <regNum>0159100000056</regNum>
                    <fullName>Управление Министерства внутренних дел Российской Федерации по Рязанской области</fullName>
                </rbs>
                <grbs>
                    <regNum>0173100000062</regNum>
                    <fullName>Министерство внутренних дел Российской Федерации</fullName>
                </grbs>
                <orgType>08</orgType>
                <classifier>
                    <okfs>
                        <code>12</code>
                        <name>Федеральная собственность</name>
                    </okfs>
                    <okopf>
                        <code>74</code>
                        <name>Казенные учреждения</name>
                    </okopf>
                    <okogu>
                        <code>1310500</code>
                        <name>Министерство внутренних дел Российской Федерации</name>
                    </okogu>
                    <okpo>
                        <code>08684529</code>
                    </okpo>
                    <okato>
                        <code>61401380000</code>
                        <name>Советский</name>
                    </okato>
                    <okved>
                        <code>75.24.1</code>
                        <name>Деятельность органов внутренних дел</name>
                        <type>C</type>
                    </okved>
                </classifier>
                <address>
                    <zip>390027</zip>
                    <subject>
                        <code>62000000000</code>
                        <name>Рязанская обл</name>
                    </subject>
                    <city>
                        <code>62000001000</code>
                        <name>Рязань г</name>
                    </city>
                    <street>
                        <code>620000010000547</code>
                        <name>Фирсова ул</name>
                    </street>
                    <building>23 а</building>
                </address>
            </main>
            <additional>
                <institutionType>
                    <code>9900000</code>
                    <name>Прочие</name>
                </institutionType>
                <ppo>
                    <code>00000000000</code>
                    <name>Российская Федерация</name>
                    <okato>
                        <code>00000000000</code>
                        <name>Объекты административно-территориального деления, кроме сельских населенных пунктов</name>
                    </okato>
                </ppo>
                <phone>7-4912-440258</phone>
                <section>188</section>
                <oktmo>
                    <code>61701000</code>
                    <name>Город Рязань</name>
                </oktmo>
                <activity>
                    <okved>
                        <code>75.24.1</code>
                        <name>Деятельность органов внутренних дел</name>
                        <type>C</type>
                    </okved>
                    <name>Охрана объектов различных форм собственности по договорам</name>
                </activity>
                <eMail>feo.uvo@mail.ru</eMail>
            </additional>
            <other>
                <chief>
                    <lastName>Лушников</lastName>
                    <firstName>Михаил </firstName>
                    <middleName>Александрович</middleName>
                    <position>Начальник</position>
                </chief>
                <founder>
                    <regNum>0173100000062</regNum>
                    <fullName>Министерство внутренних дел Российской Федерации</fullName>
                </founder>
            </other>
            <document>
                <name>Приказ</name>
                <date>2012-07-30+04:00</date>
                <url>http://bus.gov.ru/public/download/download.html?id=5893660</url>
                <type>S</type>
            </document>
            <document>
                <name>приказ 469</name>
                <date>2012-05-05+04:00</date>
                <url>http://bus.gov.ru/public/download/download.html?id=5893421</url>
                <type>F</type>
            </document>
            <document>
                <name>свидетельство</name>
                <date>2012-08-08+04:00</date>
                <url>http://bus.gov.ru/public/download/download.html?id=5893948</url>
                <type>E</type>
            </document>
        </ns2:position>
    
<ns2:position xmlns:ns2="http://bus.gov.ru/external/1" xmlns="http://bus.gov.ru/types/1" xmlns:xsi="http://www.w3.org/2001/XMLSchema-instance" xmlns:ns3="http://bus.gov.ru/fk/1">
            <positionId>9b9a740f-5d73-4f84-816d-17da8abdc5b4</positionId>
            <changeDate>2012-07-05T12:11:42.687+04:00</changeDate>
            <placer>
                <regNum>0859100000004</regNum>
                <fullName>федеральное казенное учреждение здравоохранения "Медико-санитарная часть Министерства внутренних дел Российской Федерации по Рязанской области"</fullName>
                <inn>6234023854</inn>
                <kpp>623401001</kpp>
            </placer>
            <initiator>
                <regNum>0859100000004</regNum>
                <fullName>федеральное казенное учреждение здравоохранения "Медико-санитарная часть Министерства внутренних дел Российской Федерации по Рязанской области"</fullName>
                <inn>6234023854</inn>
                <kpp>623401001</kpp>
            </initiator>
            <versionNumber>2</versionNumber>
            <main>
                <shortName>ФКУЗ "МCЧ МВД России по Рязанской области"</shortName>
                <ogrn>1066234004550</ogrn>
                <rbs>
                    <regNum>0159100000056</regNum>
                    <fullName>Управление Министерства внутренних дел Российской Федерации по Рязанской области</fullName>
                </rbs>
                <grbs>
                    <regNum>0173100000054</regNum>
                    <fullName>Министерство внутренних дел Российской Федерации</fullName>
                </grbs>
                <orgType>08</orgType>
                <classifier>
                    <okfs>
                        <code>12</code>
                        <name>Федеральная собственность</name>
                    </okfs>
                    <okopf>
                        <code>72</code>
                        <name>Бюджетные учреждения</name>
                    </okopf>
                    <okogu>
                        <code>1310500</code>
                        <name>Министерство внутренних дел Российской Федерации</name>
                    </okogu>
                    <okpo>
                        <code>08808173</code>
                    </okpo>
                    <okato>
                        <code>61401380000</code>
                        <name>Советский</name>
                    </okato>
                    <okved>
                        <code>85.11.1</code>
                        <name>Деятельность больничных учреждений широкого профиля и специализированных</name>
                        <type>C</type>
                    </okved>
                    <okved>
                        <code>85.12</code>
                        <name>Врачебная практика</name>
                        <type>O</type>
                    </okved>
                    <okved>
                        <code>85.14.3</code>
                        <name>Деятельность медицинских лабораторий</name>
                        <type>O</type>
                    </okved>
                    <okved>
                        <code>85.14.2</code>
                        <name>Деятельность вспомогательного стоматологического персонала</name>
                        <type>O</type>
                    </okved>
                    <okved>
                        <code>85.14.1</code>
                        <name>Деятельность среднего медицинского персонала</name>
                        <type>O</type>
                    </okved>
                    <okved>
                        <code>85.14.5</code>
                        <name>Деятельность учреждений санитарно-эпидемиологической службы</name>
                        <type>O</type>
                    </okved>
                    <okved>
                        <code>85.13</code>
                        <name>Стоматологическая практика</name>
                        <type>O</type>
                    </okved>
                </classifier>
                <address>
                    <zip>390046</zip>
                    <subject>
                        <code>62000000000</code>
                        <name>Рязанская обл</name>
                    </subject>
                    <city>
                        <code>62000001000</code>
                        <name>Рязань г</name>
                    </city>
                    <street>
                        <code>620000010000406</code>
                        <name>Полевая ул</name>
                    </street>
                    <building>32</building>
                </address>
            </main>
            <additional>
                <institutionType>
                    <code>0500000</code>
                    <name>Здравоохранение</name>
                </institutionType>
                <ppo>
                    <code>00000000000</code>
                    <name>Российская Федерация</name>
                    <okato>
                        <code>00000000000</code>
                        <name>Объекты административно-территориального деления, кроме сельских населенных пунктов</name>
                    </okato>
                </ppo>
                <phone>8-4912-274957</phone>
                <section>188</section>
                <oktmo>
                    <code>61701000</code>
                    <name>- Город Рязань</name>
                </oktmo>
                <activity>
                    <okved>
                        <code>85.14.1</code>
                        <name>Деятельность среднего медицинского персонала</name>
                    </okved>
                    <name>Деятельность среднего медицинского персонала</name>
                </activity>
                <activity>
                    <okved>
                        <code>85.13</code>
                        <name>Стоматологическая практика</name>
                    </okved>
                    <name>Стоматологическая практика</name>
                </activity>
                <activity>
                    <okved>
                        <code>85.14.5</code>
                        <name>Деятельность учреждений санитарно-эпидемиологической службы</name>
                    </okved>
                    <name>Деятельность учреждений санитарно-эпидемиологической службы</name>
                </activity>
                <activity>
                    <okved>
                        <code>85.12</code>
                        <name>Врачебная практика</name>
                    </okved>
                    <name>Врачебная практика</name>
                </activity>
                <activity>
                    <okved>
                        <code>85.11.1</code>
                        <name>Деятельность больничных учреждений широкого профиля и специализированных</name>
                    </okved>
                    <name>Деятельность больничных учреждений широкого профиля и специализированных</name>
                </activity>
                <activity>
                    <okved>
                        <code>85.14.2</code>
                        <name>Деятельность вспомогательного стоматологического персонала</name>
                    </okved>
                    <name>Деятельность вспомогательного стоматологического персонала</name>
                </activity>
                <activity>
                    <okved>
                        <code>85.14.3</code>
                        <name>Деятельность медицинских лабораторий</name>
                    </okved>
                    <name>Деятельность медицинских лабораторий</name>
                </activity>
                <eMail>mchuvd-ryazan@yandex.ru</eMail>
            </additional>
            <other>
                <chief>
                    <lastName>Караваев</lastName>
                    <firstName>Николай</firstName>
                    <middleName>Серафимович</middleName>
                    <position>Начальник</position>
                </chief>
                <founder>
                    <regNum>0173100000062</regNum>
                    <fullName>Министерство финансов Российской Федерации</fullName>
                </founder>
            </other>
            <document>
                <name>Приказ 1075</name>
                <date>2006-01-10+03:00</date>
                <url>http://bus.gov.ru/public/download/download.html?id=4461776</url>
                <type>S</type>
            </document>
            <document>
                <name>Устав 12л</name>
                <date>2005-12-30+03:00</date>
                <url>http://bus.gov.ru/public/download/download.html?id=4461777</url>
                <type>F</type>
            </document>
            <document>
                <name>Устав 16л</name>
                <date>2005-12-30+03:00</date>
                <url>http://bus.gov.ru/public/download/download.html?id=4461796</url>
                <type>F</type>
            </document>
            <document>
                <name>Устав 17л</name>
                <date>2005-12-30+03:00</date>
                <url>http://bus.gov.ru/public/download/download.html?id=4461795</url>
                <type>F</type>
            </document>
            <document>
                <name>Устав 11л</name>
                <date>2005-12-30+03:00</date>
                <url>http://bus.gov.ru/public/download/download.html?id=4461794</url>
                <type>F</type>
            </document>
            <document>
                <name>Устав 7л</name>
                <date>2005-12-30+03:00</date>
                <url>http://bus.gov.ru/public/download/download.html?id=4461793</url>
                <type>F</type>
            </document>
            <document>
                <name>Устав 6л</name>
                <date>2005-12-30+03:00</date>
                <url>http://bus.gov.ru/public/download/download.html?id=4461792</url>
                <type>F</type>
            </document>
            <document>
                <name>Устав 4л</name>
                <date>2005-12-30+03:00</date>
                <url>http://bus.gov.ru/public/download/download.html?id=4461791</url>
                <type>F</type>
            </document>
            <document>
                <name>Устав 14л</name>
                <date>2005-12-30+03:00</date>
                <url>http://bus.gov.ru/public/download/download.html?id=4461778</url>
                <type>F</type>
            </document>
            <document>
                <name>Устав 13л</name>
                <date>2005-12-30+03:00</date>
                <url>http://bus.gov.ru/public/download/download.html?id=4461779</url>
                <type>F</type>
            </document>
            <document>
                <name>Устав  5л</name>
                <date>2005-12-30+03:00</date>
                <url>http://bus.gov.ru/public/download/download.html?id=4461780</url>
                <type>F</type>
            </document>
            <document>
                <name>Внесение изменения в Устав</name>
                <date>2005-12-31+03:00</date>
                <url>http://bus.gov.ru/public/download/download.html?id=4461781</url>
                <type>F</type>
            </document>
            <document>
                <name>приказ 537 от 30_05_2011</name>
                <date>2011-05-30+04:00</date>
                <url>http://bus.gov.ru/public/download/download.html?id=4461782</url>
                <type>F</type>
            </document>
            <document>
                <name>Устав 2л</name>
                <date>2005-12-30+03:00</date>
                <url>http://bus.gov.ru/public/download/download.html?id=4461783</url>
                <type>F</type>
            </document>
            <document>
                <name>Устав 3л</name>
                <date>2005-12-30+03:00</date>
                <url>http://bus.gov.ru/public/download/download.html?id=4461784</url>
                <type>F</type>
            </document>
            <document>
                <name>Устав 9л</name>
                <date>2005-12-30+03:00</date>
                <url>http://bus.gov.ru/public/download/download.html?id=4461785</url>
                <type>F</type>
            </document>
            <document>
                <name>Устав 10л</name>
                <date>2005-12-30+03:00</date>
                <url>http://bus.gov.ru/public/download/download.html?id=4461786</url>
                <type>F</type>
            </document>
            <document>
                <name>перечень к пр 537</name>
                <date>2011-05-31+04:00</date>
                <url>http://bus.gov.ru/public/download/download.html?id=4461787</url>
                <type>F</type>
            </document>
            <document>
                <name>Приказ 1л</name>
                <date>2005-12-30+03:00</date>
                <url>http://bus.gov.ru/public/download/download.html?id=4461788</url>
                <type>F</type>
            </document>
            <document>
                <name>перечень л2</name>
                <date>2011-05-30+04:00</date>
                <url>http://bus.gov.ru/public/download/download.html?id=4461789</url>
                <type>F</type>
            </document>
            <document>
                <name>Устав 8л</name>
                <date>2005-12-30+03:00</date>
                <url>http://bus.gov.ru/public/download/download.html?id=4461790</url>
                <type>F</type>
            </document>
            <document>
                <name>Отчет о рез_деят_3</name>
                <date>2012-01-01+04:00</date>
                <url>http://bus.gov.ru/public/download/download.html?id=4461801</url>
                <type>O</type>
            </document>
            <document>
                <name>Отчет о рез_деят_1</name>
                <date>2012-01-01+04:00</date>
                <url>http://bus.gov.ru/public/download/download.html?id=4461800</url>
                <type>O</type>
            </document>
            <document>
                <name>Отчет о рез_деят_4</name>
                <date>2012-01-01+04:00</date>
                <url>http://bus.gov.ru/public/download/download.html?id=4461799</url>
                <type>O</type>
            </document>
            <document>
                <name>Отчет о рез_деят_5</name>
                <date>2012-01-01+04:00</date>
                <url>http://bus.gov.ru/public/download/download.html?id=4461798</url>
                <type>O</type>
            </document>
            <document>
                <name>Отчет о рез_деят_2</name>
                <date>2012-01-01+04:00</date>
                <url>http://bus.gov.ru/public/download/download.html?id=4461797</url>
                <type>O</type>
            </document>
            <document>
                <name>в реестр юр.лиц</name>
                <date>2011-11-08+04:00</date>
                <url>http://bus.gov.ru/public/download/download.html?id=4461802</url>
                <type>E</type>
            </document>
            <document>
                <name>в налогов</name>
                <date>2006-02-06+03:00</date>
                <url>http://bus.gov.ru/public/download/download.html?id=4461803</url>
                <type>E</type>
            </document>
        </ns2:position>
    
<ns2:position xmlns:ns2="http://bus.gov.ru/external/1" xmlns="http://bus.gov.ru/types/1" xmlns:xsi="http://www.w3.org/2001/XMLSchema-instance" xmlns:ns3="http://bus.gov.ru/fk/1">
            <positionId>dab7e6c4-f131-4f70-af14-f3095a4273ae</positionId>
            <changeDate>2012-10-18T15:10:17.283+04:00</changeDate>
            <placer>
                <regNum>0895100000538</regNum>
                <fullName>федеральное государственное казенное учреждение "Управление вневедомственной охраны Управления Министерства внутренних дел Российской Федерации по Рязанской области"</fullName>
                <inn>6234106116</inn>
                <kpp>623401001</kpp>
            </placer>
            <initiator>
                <regNum>0895100000538</regNum>
                <fullName>федеральное государственное казенное учреждение "Управление вневедомственной охраны Управления Министерства внутренних дел Российской Федерации по Рязанской области"</fullName>
                <inn>6234106116</inn>
                <kpp>623401001</kpp>
            </initiator>
            <versionNumber>0</versionNumber>
            <main>
                <shortName>ФГКУ УВО УМВД России по Рязанской области</shortName>
                <ogrn>1126234008592</ogrn>
                <rbs>
                    <regNum>0159100000056</regNum>
                    <fullName>Управление Министерства внутренних дел Российской Федерации по Рязанской области</fullName>
                </rbs>
                <grbs>
                    <regNum>0173100000062</regNum>
                    <fullName>Министерство внутренних дел Российской Федерации</fullName>
                </grbs>
                <orgType>08</orgType>
                <classifier>
                    <okfs>
                        <code>12</code>
                        <name>Федеральная собственность</name>
                    </okfs>
                    <okopf>
                        <code>74</code>
                        <name>Казенные учреждения</name>
                    </okopf>
                    <okogu>
                        <code>1310500</code>
                        <name>Министерство внутренних дел Российской Федерации</name>
                    </okogu>
                    <okpo>
                        <code>08684529</code>
                    </okpo>
                    <okato>
                        <code>61401380000</code>
                        <name>Советский</name>
                    </okato>
                    <okved>
                        <code>75.24.1</code>
                        <name>Деятельность органов внутренних дел</name>
                        <type>C</type>
                    </okved>
                </classifier>
                <address>
                    <zip>390027</zip>
                    <subject>
                        <code>62000000000</code>
                        <name>Рязанская обл</name>
                    </subject>
                    <city>
                        <code>62000001000</code>
                        <name>Рязань г</name>
                    </city>
                    <street>
                        <code>620000010000547</code>
                        <name>Фирсова ул</name>
                    </street>
                    <building>23 а</building>
                </address>
            </main>
            <additional>
                <institutionType>
                    <code>9900000</code>
                    <name>Прочие</name>
                </institutionType>
                <ppo>
                    <code>00000000000</code>
                    <name>Российская Федерация</name>
                    <okato>
                        <code>00000000000</code>
                        <name>Объекты административно-территориального деления, кроме сельских населенных пунктов</name>
                    </okato>
                </ppo>
                <phone>7-4912-440258</phone>
                <section>188</section>
                <oktmo>
                    <code>61701000</code>
                    <name>Город Рязань</name>
                </oktmo>
                <activity>
                    <okved>
                        <code>75.24.1</code>
                        <name>Деятельность органов внутренних дел</name>
                        <type>C</type>
                    </okved>
                    <name>Охрана объектов различных форм собственности по договорам</name>
                </activity>
                <eMail>feo.uvo@mail.ru</eMail>
            </additional>
            <other>
                <chief>
                    <lastName>Лушников</lastName>
                    <firstName>Михаил </firstName>
                    <middleName>Александрович</middleName>
                    <position>Начальник</position>
                </chief>
                <founder>
                    <regNum>0173100000062</regNum>
                    <fullName>Министерство внутренних дел Российской Федерации</fullName>
                </founder>
            </other>
            <document>
                <name>Приказ</name>
                <date>2012-07-30+04:00</date>
                <url>http://bus.gov.ru/public/download/download.html?id=5893660</url>
                <type>S</type>
            </document>
            <document>
                <name>приказ 469</name>
                <date>2012-05-05+04:00</date>
                <url>http://bus.gov.ru/public/download/download.html?id=5893421</url>
                <type>F</type>
            </document>
            <document>
                <name>свидетельство</name>
                <date>2012-08-08+04:00</date>
                <url>http://bus.gov.ru/public/download/download.html?id=5893948</url>
                <type>E</type>
            </document>
        </ns2:position>
    

    </ns2:body>
    </ns2:institutionInfo>        
        