<?xml version="1.0" encoding="UTF-8" standalone="yes"?>
<ns2:institutionInfo xsi:schemaLocation="http://bus.gov.ru/public/schema/TFF-0.1.3.1/External.xsd" xmlns="http://bus.gov.ru/types/1" xmlns:ns2="http://bus.gov.ru/external/1" xmlns:xsi="http://www.w3.org/2001/XMLSchema-instance" xmlns:ns3="http://bus.gov.ru/fk/1">
    <ns2:body>                        
	<ns2:position xmlns:ns2="http://bus.gov.ru/external/1" xmlns="http://bus.gov.ru/types/1" xmlns:xsi="http://www.w3.org/2001/XMLSchema-instance" xmlns:ns3="http://bus.gov.ru/fk/1">
            <positionId>b79d16b8-6e55-44e2-8270-a05eaa598e40</positionId>
            <changeDate>2012-06-30T07:55:45.374+04:00</changeDate>
            <placer>
                <regNum>0361100000024</regNum>
                <fullName>войсковая часть 5530</fullName>
                <inn>6501082950</inn>
                <kpp>650101001</kpp>
            </placer>
            <initiator>
                <regNum>0361100000024</regNum>
                <fullName>войсковая часть 5530</fullName>
                <inn>6501082950</inn>
                <kpp>650101001</kpp>
            </initiator>
            <versionNumber>0</versionNumber>
            <main>
                <shortName>войсковая часть 5530</shortName>
                <ogrn>1026500546918</ogrn>
                <rbs>
                    <regNum>0122100000037</regNum>
                    <fullName>Управление Восточного регионального командования внутренних войск МВД России</fullName>
                </rbs>
                <grbs>
                    <regNum>0173100000054</regNum>
                    <fullName>Министерство внутренних дел Российской Федерации</fullName>
                </grbs>
                <orgType>08</orgType>
                <classifier>
                    <okfs>
                        <code>12</code>
                        <name>Федеральная собственность</name>
                    </okfs>
                    <okopf>
                        <code>72</code>
                        <name>Бюджетные учреждения</name>
                    </okopf>
                    <okogu>
                        <code>1310500</code>
                        <name>Министерство внутренних дел Российской Федерации</name>
                    </okogu>
                    <okpo>
                        <code>08610896</code>
                    </okpo>
                    <okato>
                        <code>64401000000</code>
                        <name>Южно-Сахалинск</name>
                    </okato>
                    <okved>
                        <code>75.22</code>
                        <name>Деятельность, связанная с обеспечением военной безопасности</name>
                        <type>C</type>
                    </okved>
                </classifier>
                <address>
                    <zip>693004</zip>
                    <subject>
                        <code>65000000000</code>
                        <name>Сахалинская</name>
                    </subject>
                    <city>
                        <code>65000001000</code>
                        <name>Южно-Сахалинск</name>
                    </city>
                    <street>
                        <name>Ленина</name>
                    </street>
                    <building>495</building>
                </address>
            </main>
            <additional>
                <institutionType>
                    <code>0907000</code>
                    <name>Воинская часть</name>
                </institutionType>
                <ppo>
                    <code>00000000000</code>
                    <name>Российская Федерация</name>
                    <okato>
                        <code>00000000000</code>
                        <name>Объекты административно-территориального деления, кроме сельских населенных пунктов</name>
                    </okato>
                </ppo>
                <phone>7-4242-751527</phone>
                <section>188</section>
                <oktmo>
                    <code>64701000</code>
                    <name>- город Южно-Сахалинск</name>
                </oktmo>
                <activity>
                    <okved>
                        <code>75.22</code>
                        <name>Деятельность, связанная с обеспечением военной безопасности</name>
                    </okved>
                    <name>Деятельность, связанная с обеспечением военной безопасности</name>
                </activity>
            </additional>
            <other>
                <chief>
                    <lastName>ШЕВЧЕНКО</lastName>
                    <firstName>ЕВГЕНИЙ</firstName>
                    <middleName>ФЕДОРОВИЧ</middleName>
                    <position>командир части</position>
                </chief>
                <founder>
                    <regNum>0173100000062</regNum>
                    <fullName>Министерство внутренних дел Российской Федерации</fullName>
                </founder>
            </other>
            <document>
                <name>Назначение командира</name>
                <date>2009-09-02+04:00</date>
                <url>http://bus.gov.ru/public/download/download.html?id=4272252</url>
                <type>S</type>
            </document>
            <document>
                <name>884</name>
                <date>2003-11-15+03:00</date>
                <url>http://bus.gov.ru/public/download/download.html?id=4272133</url>
                <type>F</type>
            </document>
            <document>
                <name>егрюл</name>
                <date>2002-12-20+03:00</date>
                <url>http://bus.gov.ru/public/download/download.html?id=4272070</url>
                <type>E</type>
            </document>
        </ns2:position>
    
<ns2:position xmlns:ns2="http://bus.gov.ru/external/1" xmlns="http://bus.gov.ru/types/1" xmlns:xsi="http://www.w3.org/2001/XMLSchema-instance" xmlns:ns3="http://bus.gov.ru/fk/1">
            <positionId>661e4632-7fb8-481a-b889-5b8fe7066634</positionId>
            <changeDate>2012-07-16T08:33:16.097+04:00</changeDate>
            <placer>
                <regNum>0861100000023</regNum>
                <fullName>федеральное казенное учреждение здравоохранения "Медико-санитарная часть Министерства внутренних дел Российской Федерации по Сахалинской области"</fullName>
                <inn>6501026547</inn>
                <kpp>650101001</kpp>
            </placer>
            <initiator>
                <regNum>0861100000023</regNum>
                <fullName>федеральное казенное учреждение здравоохранения "Медико-санитарная часть Министерства внутренних дел Российской Федерации по Сахалинской области"</fullName>
                <inn>6501026547</inn>
                <kpp>650101001</kpp>
            </initiator>
            <versionNumber>2</versionNumber>
            <main>
                <shortName>ФКУЗ "МСЧ МВД России по Сахалинской области"</shortName>
                <ogrn>1026500544322</ogrn>
                <rbs>
                    <regNum>0161100000038</regNum>
                    <fullName>Управление Министерства внутренних дел  Российской Федерации по Сахалинской области</fullName>
                </rbs>
                <grbs>
                    <regNum>0173100000062</regNum>
                    <fullName>Министерство внутренних дел Российской Федерации</fullName>
                </grbs>
                <orgType>08</orgType>
                <classifier>
                    <okfs>
                        <code>12</code>
                        <name>Федеральная собственность</name>
                    </okfs>
                    <okopf>
                        <code>72</code>
                        <name>Бюджетные учреждения</name>
                    </okopf>
                    <okogu>
                        <code>1310500</code>
                        <name>Министерство внутренних дел Российской Федерации</name>
                    </okogu>
                    <okpo>
                        <code>08585483</code>
                    </okpo>
                    <okato>
                        <code>64401000000</code>
                        <name>Южно-Сахалинск</name>
                    </okato>
                    <okved>
                        <code>85.11.1</code>
                        <name>Деятельность больничных учреждений широкого профиля и специализированных</name>
                        <type>C</type>
                    </okved>
                </classifier>
                <address>
                    <zip>693008</zip>
                    <subject>
                        <code>65000000000</code>
                        <name>Сахалинская</name>
                    </subject>
                    <city>
                        <code>65000001000</code>
                        <name>Южно-Сахалинск</name>
                    </city>
                    <street>
                        <name>Ленина</name>
                    </street>
                    <building>295</building>
                </address>
            </main>
            <additional>
                <institutionType>
                    <code>0500000</code>
                    <name>Здравоохранение</name>
                </institutionType>
                <ppo>
                    <code>00000000000</code>
                    <name>Российская Федерация</name>
                    <okato>
                        <code>00000000000</code>
                        <name>Объекты административно-территориального деления, кроме сельских населенных пунктов</name>
                    </okato>
                    <oktmo>
                        <code>64701000</code>
                        <name>- город Южно-Сахалинск</name>
                    </oktmo>
                </ppo>
                <phone>8-4242-789613-789500</phone>
                <section>188</section>
                <oktmo>
                    <code>64701000</code>
                    <name>- город Южно-Сахалинск</name>
                </oktmo>
                <activity>
                    <okved>
                        <code>85.11.1</code>
                        <name>Деятельность больничных учреждений широкого профиля и специализированных</name>
                    </okved>
                    <name>"МСЧ МВД России по Сахалинской области"</name>
                </activity>
                <eMail>mschuvd@mail.ru</eMail>
            </additional>
            <other>
                <chief>
                    <lastName>Белоусов</lastName>
                    <firstName>Павел</firstName>
                    <middleName>Александрович</middleName>
                    <position>начальник</position>
                </chief>
                <founder>
                    <regNum>0173100000062</regNum>
                    <fullName>Министерство внутренних дел Российской Федерации</fullName>
                </founder>
            </other>
            <document>
                <name>приказ о назначении руководителя</name>
                <date>2012-04-13+04:00</date>
                <url>http://bus.gov.ru/public/download/download.html?id=4599529</url>
                <type>S</type>
            </document>
            <document>
                <name>устав</name>
                <date>2012-04-13+04:00</date>
                <url>http://bus.gov.ru/public/download/download.html?id=4599530</url>
                <type>L</type>
            </document>
            <document>
                <name>устав</name>
                <date>2012-04-13+04:00</date>
                <url>http://bus.gov.ru/public/download/download.html?id=4599531</url>
                <type>F</type>
            </document>
            <document>
                <name>ЕГРЮЛ</name>
                <date>2012-04-13+04:00</date>
                <url>http://bus.gov.ru/public/download/download.html?id=4599532</url>
                <type>O</type>
            </document>
            <document>
                <name>свидетельство</name>
                <date>2012-04-13+04:00</date>
                <url>http://bus.gov.ru/public/download/download.html?id=4599533</url>
                <type>E</type>
            </document>
        </ns2:position>
    
<ns2:position xmlns:ns2="http://bus.gov.ru/external/1" xmlns="http://bus.gov.ru/types/1" xmlns:xsi="http://www.w3.org/2001/XMLSchema-instance" xmlns:ns3="http://bus.gov.ru/fk/1">
            <positionId>b79d16b8-6e55-44e2-8270-a05eaa598e40</positionId>
            <changeDate>2012-06-30T07:55:45.374+04:00</changeDate>
            <placer>
                <regNum>0361100000024</regNum>
                <fullName>войсковая часть 5530</fullName>
                <inn>6501082950</inn>
                <kpp>650101001</kpp>
            </placer>
            <initiator>
                <regNum>0361100000024</regNum>
                <fullName>войсковая часть 5530</fullName>
                <inn>6501082950</inn>
                <kpp>650101001</kpp>
            </initiator>
            <versionNumber>0</versionNumber>
            <main>
                <shortName>войсковая часть 5530</shortName>
                <ogrn>1026500546918</ogrn>
                <rbs>
                    <regNum>0122100000037</regNum>
                    <fullName>Управление Восточного регионального командования внутренних войск МВД России</fullName>
                </rbs>
                <grbs>
                    <regNum>0173100000054</regNum>
                    <fullName>Министерство внутренних дел Российской Федерации</fullName>
                </grbs>
                <orgType>08</orgType>
                <classifier>
                    <okfs>
                        <code>12</code>
                        <name>Федеральная собственность</name>
                    </okfs>
                    <okopf>
                        <code>72</code>
                        <name>Бюджетные учреждения</name>
                    </okopf>
                    <okogu>
                        <code>1310500</code>
                        <name>Министерство внутренних дел Российской Федерации</name>
                    </okogu>
                    <okpo>
                        <code>08610896</code>
                    </okpo>
                    <okato>
                        <code>64401000000</code>
                        <name>Южно-Сахалинск</name>
                    </okato>
                    <okved>
                        <code>75.22</code>
                        <name>Деятельность, связанная с обеспечением военной безопасности</name>
                        <type>C</type>
                    </okved>
                </classifier>
                <address>
                    <zip>693004</zip>
                    <subject>
                        <code>65000000000</code>
                        <name>Сахалинская</name>
                    </subject>
                    <city>
                        <code>65000001000</code>
                        <name>Южно-Сахалинск</name>
                    </city>
                    <street>
                        <name>Ленина</name>
                    </street>
                    <building>495</building>
                </address>
            </main>
            <additional>
                <institutionType>
                    <code>0907000</code>
                    <name>Воинская часть</name>
                </institutionType>
                <ppo>
                    <code>00000000000</code>
                    <name>Российская Федерация</name>
                    <okato>
                        <code>00000000000</code>
                        <name>Объекты административно-территориального деления, кроме сельских населенных пунктов</name>
                    </okato>
                </ppo>
                <phone>7-4242-751527</phone>
                <section>188</section>
                <oktmo>
                    <code>64701000</code>
                    <name>- город Южно-Сахалинск</name>
                </oktmo>
                <activity>
                    <okved>
                        <code>75.22</code>
                        <name>Деятельность, связанная с обеспечением военной безопасности</name>
                    </okved>
                    <name>Деятельность, связанная с обеспечением военной безопасности</name>
                </activity>
            </additional>
            <other>
                <chief>
                    <lastName>ШЕВЧЕНКО</lastName>
                    <firstName>ЕВГЕНИЙ</firstName>
                    <middleName>ФЕДОРОВИЧ</middleName>
                    <position>командир части</position>
                </chief>
                <founder>
                    <regNum>0173100000062</regNum>
                    <fullName>Министерство внутренних дел Российской Федерации</fullName>
                </founder>
            </other>
            <document>
                <name>Назначение командира</name>
                <date>2009-09-02+04:00</date>
                <url>http://bus.gov.ru/public/download/download.html?id=4272252</url>
                <type>S</type>
            </document>
            <document>
                <name>884</name>
                <date>2003-11-15+03:00</date>
                <url>http://bus.gov.ru/public/download/download.html?id=4272133</url>
                <type>F</type>
            </document>
            <document>
                <name>егрюл</name>
                <date>2002-12-20+03:00</date>
                <url>http://bus.gov.ru/public/download/download.html?id=4272070</url>
                <type>E</type>
            </document>
        </ns2:position>
    
<ns2:position xmlns:ns2="http://bus.gov.ru/external/1" xmlns="http://bus.gov.ru/types/1" xmlns:xsi="http://www.w3.org/2001/XMLSchema-instance" xmlns:ns3="http://bus.gov.ru/fk/1">
            <positionId>661e4632-7fb8-481a-b889-5b8fe7066634</positionId>
            <changeDate>2012-07-16T08:33:16.097+04:00</changeDate>
            <placer>
                <regNum>0861100000023</regNum>
                <fullName>федеральное казенное учреждение здравоохранения "Медико-санитарная часть Министерства внутренних дел Российской Федерации по Сахалинской области"</fullName>
                <inn>6501026547</inn>
                <kpp>650101001</kpp>
            </placer>
            <initiator>
                <regNum>0861100000023</regNum>
                <fullName>федеральное казенное учреждение здравоохранения "Медико-санитарная часть Министерства внутренних дел Российской Федерации по Сахалинской области"</fullName>
                <inn>6501026547</inn>
                <kpp>650101001</kpp>
            </initiator>
            <versionNumber>2</versionNumber>
            <main>
                <shortName>ФКУЗ "МСЧ МВД России по Сахалинской области"</shortName>
                <ogrn>1026500544322</ogrn>
                <rbs>
                    <regNum>0161100000038</regNum>
                    <fullName>Управление Министерства внутренних дел  Российской Федерации по Сахалинской области</fullName>
                </rbs>
                <grbs>
                    <regNum>0173100000062</regNum>
                    <fullName>Министерство внутренних дел Российской Федерации</fullName>
                </grbs>
                <orgType>08</orgType>
                <classifier>
                    <okfs>
                        <code>12</code>
                        <name>Федеральная собственность</name>
                    </okfs>
                    <okopf>
                        <code>72</code>
                        <name>Бюджетные учреждения</name>
                    </okopf>
                    <okogu>
                        <code>1310500</code>
                        <name>Министерство внутренних дел Российской Федерации</name>
                    </okogu>
                    <okpo>
                        <code>08585483</code>
                    </okpo>
                    <okato>
                        <code>64401000000</code>
                        <name>Южно-Сахалинск</name>
                    </okato>
                    <okved>
                        <code>85.11.1</code>
                        <name>Деятельность больничных учреждений широкого профиля и специализированных</name>
                        <type>C</type>
                    </okved>
                </classifier>
                <address>
                    <zip>693008</zip>
                    <subject>
                        <code>65000000000</code>
                        <name>Сахалинская</name>
                    </subject>
                    <city>
                        <code>65000001000</code>
                        <name>Южно-Сахалинск</name>
                    </city>
                    <street>
                        <name>Ленина</name>
                    </street>
                    <building>295</building>
                </address>
            </main>
            <additional>
                <institutionType>
                    <code>0500000</code>
                    <name>Здравоохранение</name>
                </institutionType>
                <ppo>
                    <code>00000000000</code>
                    <name>Российская Федерация</name>
                    <okato>
                        <code>00000000000</code>
                        <name>Объекты административно-территориального деления, кроме сельских населенных пунктов</name>
                    </okato>
                    <oktmo>
                        <code>64701000</code>
                        <name>- город Южно-Сахалинск</name>
                    </oktmo>
                </ppo>
                <phone>8-4242-789613-789500</phone>
                <section>188</section>
                <oktmo>
                    <code>64701000</code>
                    <name>- город Южно-Сахалинск</name>
                </oktmo>
                <activity>
                    <okved>
                        <code>85.11.1</code>
                        <name>Деятельность больничных учреждений широкого профиля и специализированных</name>
                    </okved>
                    <name>"МСЧ МВД России по Сахалинской области"</name>
                </activity>
                <eMail>mschuvd@mail.ru</eMail>
            </additional>
            <other>
                <chief>
                    <lastName>Белоусов</lastName>
                    <firstName>Павел</firstName>
                    <middleName>Александрович</middleName>
                    <position>начальник</position>
                </chief>
                <founder>
                    <regNum>0173100000062</regNum>
                    <fullName>Министерство внутренних дел Российской Федерации</fullName>
                </founder>
            </other>
            <document>
                <name>приказ о назначении руководителя</name>
                <date>2012-04-13+04:00</date>
                <url>http://bus.gov.ru/public/download/download.html?id=4599529</url>
                <type>S</type>
            </document>
            <document>
                <name>устав</name>
                <date>2012-04-13+04:00</date>
                <url>http://bus.gov.ru/public/download/download.html?id=4599530</url>
                <type>L</type>
            </document>
            <document>
                <name>устав</name>
                <date>2012-04-13+04:00</date>
                <url>http://bus.gov.ru/public/download/download.html?id=4599531</url>
                <type>F</type>
            </document>
            <document>
                <name>ЕГРЮЛ</name>
                <date>2012-04-13+04:00</date>
                <url>http://bus.gov.ru/public/download/download.html?id=4599532</url>
                <type>O</type>
            </document>
            <document>
                <name>свидетельство</name>
                <date>2012-04-13+04:00</date>
                <url>http://bus.gov.ru/public/download/download.html?id=4599533</url>
                <type>E</type>
            </document>
        </ns2:position>
    

    </ns2:body>
    </ns2:institutionInfo>        
        