<?xml version="1.0" encoding="UTF-8" standalone="yes"?>
<ns2:institutionInfo xsi:schemaLocation="http://bus.gov.ru/public/schema/TFF-0.1.3.1/External.xsd" xmlns="http://bus.gov.ru/types/1" xmlns:ns2="http://bus.gov.ru/external/1" xmlns:xsi="http://www.w3.org/2001/XMLSchema-instance" xmlns:ns3="http://bus.gov.ru/fk/1">
    <ns2:body>                        
	<ns2:position xmlns:ns2="http://bus.gov.ru/external/1" xmlns="http://bus.gov.ru/types/1" xmlns:xsi="http://www.w3.org/2001/XMLSchema-instance" xmlns:ns3="http://bus.gov.ru/fk/1">
            <positionId>9dacf5e3-d729-4335-9ce7-f566bf9a9ed4</positionId>
            <changeDate>2012-07-06T16:29:09.769+04:00</changeDate>
            <placer>
                <regNum>0363100000069</regNum>
                <fullName>федеральное казенное учреждение здравоохранения "Медико-санитарная часть Министерства внутренних дел Российской Федерации по Смоленской области"</fullName>
                <inn>6730061230</inn>
                <kpp>673001001</kpp>
            </placer>
            <initiator>
                <regNum>0363100000069</regNum>
                <fullName>федеральное казенное учреждение здравоохранения "Медико-санитарная часть Министерства внутренних дел Российской Федерации по Смоленской области"</fullName>
                <inn>6730061230</inn>
                <kpp>673001001</kpp>
            </initiator>
            <versionNumber>4</versionNumber>
            <main>
                <shortName>ФКУЗ "МСЧ МВД России по Смоленской области"</shortName>
                <ogrn>1066731018067</ogrn>
                <rbs>
                    <regNum>0163100000001</regNum>
                    <fullName>Управление Министерства внутренних дел Российской Федерации по Смоленской области</fullName>
                </rbs>
                <grbs>
                    <regNum>0173100000062</regNum>
                    <fullName>Министерство внутренних дел Российской Федерации</fullName>
                </grbs>
                <orgType>08</orgType>
                <classifier>
                    <okfs>
                        <code>12</code>
                        <name>Федеральная собственность</name>
                    </okfs>
                    <okopf>
                        <code>72</code>
                        <name>Бюджетные учреждения</name>
                    </okopf>
                    <okogu>
                        <code>1310500</code>
                        <name>Министерство внутренних дел Российской Федерации</name>
                    </okogu>
                    <okpo>
                        <code>08804554</code>
                    </okpo>
                    <okato>
                        <code>66401000000</code>
                        <name>Смоленск</name>
                    </okato>
                    <okved>
                        <code>85.14.1</code>
                        <name>Деятельность среднего медицинского персонала</name>
                        <type>O</type>
                    </okved>
                    <okved>
                        <code>85.32</code>
                        <name>Предоставление социальных услуг без обеспечения проживания</name>
                        <type>O</type>
                    </okved>
                    <okved>
                        <code>85.14.5</code>
                        <name>Деятельность учреждений санитарно-эпидемиологической службы</name>
                        <type>O</type>
                    </okved>
                    <okved>
                        <code>85.13</code>
                        <name>Стоматологическая практика</name>
                        <type>O</type>
                    </okved>
                    <okved>
                        <code>85.11.1</code>
                        <name>Деятельность больничных учреждений широкого профиля и специализированных</name>
                        <type>C</type>
                    </okved>
                    <okved>
                        <code>85.12</code>
                        <name>Врачебная практика</name>
                        <type>O</type>
                    </okved>
                    <okved>
                        <code>85.14.3</code>
                        <name>Деятельность медицинских лабораторий</name>
                        <type>O</type>
                    </okved>
                    <okved>
                        <code>85.11.2</code>
                        <name>Деятельность санаторно-курортных учреждений</name>
                        <type>O</type>
                    </okved>
                    <okved>
                        <code>24.42.1</code>
                        <name>Производство медикаментов</name>
                        <type>O</type>
                    </okved>
                    <okved>
                        <code>85.14.2</code>
                        <name>Деятельность вспомогательного стоматологического персонала</name>
                        <type>O</type>
                    </okved>
                </classifier>
                <address>
                    <zip>214000</zip>
                    <subject>
                        <code>67000000000</code>
                        <name>Смоленская обл</name>
                    </subject>
                    <city>
                        <code>67000003000</code>
                        <name>Смоленск г</name>
                    </city>
                    <street>
                        <code>670000030000368</code>
                        <name>Октябрьской Революции ул</name>
                    </street>
                    <building>14</building>
                </address>
            </main>
            <additional>
                <institutionType>
                    <code>0500000</code>
                    <name>Здравоохранение</name>
                </institutionType>
                <ppo>
                    <code>00000000000</code>
                    <name>Российская Федерация</name>
                    <okato>
                        <code>00000000000</code>
                        <name>Объекты административно-территориального деления, кроме сельских населенных пунктов</name>
                    </okato>
                    <oktmo>
                        <code>66701000</code>
                        <name>- Город Смоленск</name>
                    </oktmo>
                </ppo>
                <phone>10-4812-385027</phone>
                <www>http://www.smolmschmvd.ru</www>
                <section>188</section>
                <oktmo>
                    <code>66701000</code>
                    <name>- Город Смоленск</name>
                </oktmo>
                <activity>
                    <okved>
                        <code>85.11.1</code>
                        <name>Деятельность больничных учреждений широкого профиля и специализированных</name>
                    </okved>
                    <name>Деятельность больничных учреждений широкого профиля</name>
                </activity>
                <activity>
                    <okved>
                        <code>85.14.3</code>
                        <name>Деятельность медицинских лабораторий</name>
                    </okved>
                    <name>Деятельность медицинских лабораторий</name>
                </activity>
                <activity>
                    <okved>
                        <code>85.14.5</code>
                        <name>Деятельность учреждений санитарно-эпидемиологической службы</name>
                    </okved>
                    <name>Деятельность учреждений санитарно-эпидемиологической службы</name>
                </activity>
                <activity>
                    <okved>
                        <code>85.11.2</code>
                        <name>Деятельность санаторно-курортных учреждений</name>
                    </okved>
                    <name>Деятельность санаторно-курортных учреждений</name>
                </activity>
                <activity>
                    <okved>
                        <code>85.32</code>
                        <name>Предоставление социальных услуг без обеспечения проживания</name>
                    </okved>
                    <name>Предоставление социальных услуг без обеспечения проживания</name>
                </activity>
                <activity>
                    <okved>
                        <code>85.14.2</code>
                        <name>Деятельность вспомогательного стоматологического персонала</name>
                    </okved>
                    <name>Деятельность вспомогательного стоматологического персонала</name>
                </activity>
                <activity>
                    <okved>
                        <code>85.13</code>
                        <name>Стоматологическая практика</name>
                    </okved>
                    <name>Стоматологическая практика</name>
                </activity>
                <activity>
                    <okved>
                        <code>85.14.1</code>
                        <name>Деятельность среднего медицинского персонала</name>
                    </okved>
                    <name>Деятельность среднего медицинского персонала</name>
                </activity>
                <activity>
                    <okved>
                        <code>24.42.1</code>
                        <name>Производство медикаментов</name>
                    </okved>
                    <name>Производство медикаментов</name>
                </activity>
                <activity>
                    <okved>
                        <code>85.12</code>
                        <name>Врачебная практика</name>
                    </okved>
                    <name>Врачебная практика</name>
                </activity>
                <eMail>smoluvdmed@mail.ru</eMail>
            </additional>
            <other>
                <chief>
                    <lastName>Тимофеев</lastName>
                    <firstName>Сергей</firstName>
                    <middleName>Иванович</middleName>
                    <position>Начальник</position>
                </chief>
                <founder>
                    <regNum>0173100000062</regNum>
                    <fullName>Министерство внутренних дел Российской Федерации </fullName>
                </founder>
            </other>
            <document>
                <name>приказ о назначении руководителя</name>
                <date>2007-07-06+04:00</date>
                <url>http://bus.gov.ru/public/download/download.html?id=4494625</url>
                <type>S</type>
            </document>
            <document>
                <name>приказ МВД РФ  № 1067 о внесении изменений в приказ от 30.12.2005 № 1074</name>
                <date>2007-11-16+03:00</date>
                <url>http://bus.gov.ru/public/download/download.html?id=4494626</url>
                <type>F</type>
            </document>
            <document>
                <name>приказ МВД РФ  № 487 о внесении изменений в приказ от 30.12.2005 № 10 74</name>
                <date>2011-05-31+04:00</date>
                <url>http://bus.gov.ru/public/download/download.html?id=4494627</url>
                <type>F</type>
            </document>
            <document>
                <name>приказ МВД РФ об утверждении устава</name>
                <date>2005-12-30+03:00</date>
                <url>http://bus.gov.ru/public/download/download.html?id=4494628</url>
                <type>F</type>
            </document>
            <document>
                <name>Отчет о деятельности учреждения 5</name>
                <date>2012-04-02+04:00</date>
                <url>http://bus.gov.ru/public/download/download.html?id=4494629</url>
                <type>O</type>
            </document>
            <document>
                <name>Отчет о деятельности учреждения 6</name>
                <date>2012-04-02+04:00</date>
                <url>http://bus.gov.ru/public/download/download.html?id=4494630</url>
                <type>O</type>
            </document>
            <document>
                <name>Отчет о деятельности учреждения 3</name>
                <date>2012-04-02+04:00</date>
                <url>http://bus.gov.ru/public/download/download.html?id=4494634</url>
                <type>O</type>
            </document>
            <document>
                <name>отчет о деятельности учреждения 2</name>
                <date>2012-04-02+04:00</date>
                <url>http://bus.gov.ru/public/download/download.html?id=4494631</url>
                <type>O</type>
            </document>
            <document>
                <name>Отчет о деятельности учреждения 1</name>
                <date>2012-04-02+04:00</date>
                <url>http://bus.gov.ru/public/download/download.html?id=4494632</url>
                <type>O</type>
            </document>
            <document>
                <name>Отчет о деятельности учреждения 4</name>
                <date>2012-04-02+04:00</date>
                <url>http://bus.gov.ru/public/download/download.html?id=4494633</url>
                <type>O</type>
            </document>
            <document>
                <name>Свидетельство о постановке на налоговый учет</name>
                <date>2006-02-08+03:00</date>
                <url>http://bus.gov.ru/public/download/download.html?id=4494635</url>
                <type>O</type>
            </document>
            <document>
                <name>ЕГРЮЛ</name>
                <date>2011-07-20+04:00</date>
                <url>http://bus.gov.ru/public/download/download.html?id=4494636</url>
                <type>E</type>
            </document>
        </ns2:position>
    
<ns2:position xmlns:ns2="http://bus.gov.ru/external/1" xmlns="http://bus.gov.ru/types/1" xmlns:xsi="http://www.w3.org/2001/XMLSchema-instance" xmlns:ns3="http://bus.gov.ru/fk/1">
            <positionId>6334157e-4e83-4ab1-9a79-b5e9913e2841</positionId>
            <changeDate>2012-09-28T16:45:38.405+04:00</changeDate>
            <placer>
                <regNum>0895100000342</regNum>
                <fullName>федеральное казенное учреждение "Центр хозяйственного и сервисного обеспечения Управления Министерства внутренних дел Российской Федерации по Смоленской области"</fullName>
                <inn>6732041503</inn>
                <kpp>673201001</kpp>
            </placer>
            <initiator>
                <regNum>0895100000342</regNum>
                <fullName>федеральное казенное учреждение "Центр хозяйственного и сервисного обеспечения Управления Министерства внутренних дел Российской Федерации по Смоленской области"</fullName>
                <inn>6732041503</inn>
                <kpp>673201001</kpp>
            </initiator>
            <versionNumber>0</versionNumber>
            <main>
                <shortName>ФКУ "ЦХиСО УМВД России по Смоленской области"</shortName>
                <ogrn>1126732010030</ogrn>
                <rbs>
                    <regNum>0163100000001</regNum>
                    <fullName>Управление Министерства внутренних дел Российской Федерации по Смоленской области</fullName>
                </rbs>
                <grbs>
                    <regNum>0173100000062</regNum>
                    <fullName>Министерство внутренних дел Российской Федерации</fullName>
                </grbs>
                <orgType>08</orgType>
                <classifier>
                    <okfs>
                        <code>12</code>
                        <name>Федеральная собственность</name>
                    </okfs>
                    <okopf>
                        <code>74</code>
                        <name>Казенные учреждения</name>
                    </okopf>
                    <okogu>
                        <code>1310500</code>
                        <name>Министерство внутренних дел Российской Федерации</name>
                    </okogu>
                    <okpo>
                        <code>08684669</code>
                    </okpo>
                    <okato>
                        <code>66401000000</code>
                        <name>Смоленск</name>
                    </okato>
                    <okved>
                        <code>75.24.1</code>
                        <name>Деятельность органов внутренних дел</name>
                        <type>C</type>
                    </okved>
                </classifier>
                <address>
                    <zip>214000</zip>
                    <subject>
                        <code>67000000000</code>
                        <name>Смоленская обл</name>
                    </subject>
                    <city>
                        <code>67000003000</code>
                        <name>Смоленск г</name>
                    </city>
                    <street>
                        <code>670000030000440</code>
                        <name>Реввоенсовета ул</name>
                    </street>
                    <building>11</building>
                </address>
            </main>
            <additional>
                <institutionType>
                    <code>0900000</code>
                    <name>Национальная оборона</name>
                </institutionType>
                <ppo>
                    <code>00000000000</code>
                    <name>Российская Федерация</name>
                    <okato>
                        <code>00000000000</code>
                        <name>Объекты административно-территориального деления, кроме сельских населенных пунктов</name>
                    </okato>
                    <oktmo>
                        <code>66701000</code>
                        <name>Город Смоленск</name>
                    </oktmo>
                </ppo>
                <phone>7-4812-393435</phone>
                <section>188</section>
                <oktmo>
                    <code>66701000</code>
                    <name>Город Смоленск</name>
                </oktmo>
                <activity>
                    <okved>
                        <code>75.24.1</code>
                        <name>Деятельность органов внутренних дел</name>
                    </okved>
                    <name>Деятельность органов внутренних дел</name>
                </activity>
            </additional>
            <other>
                <chief>
                    <lastName>Коросткин</lastName>
                    <firstName>Юрий</firstName>
                    <middleName> Валерьевич</middleName>
                    <position>Начальник</position>
                </chief>
                <founder>
                    <regNum>0173100000062</regNum>
                    <fullName>Министерство внутренних дел Российской Федерации</fullName>
                </founder>
            </other>
            <document>
                <name>img033</name>
                <date>2012-07-18+04:00</date>
                <url>http://bus.gov.ru/public/download/download.html?id=5495948</url>
                <type>S</type>
            </document>
            <document>
                <name>img010</name>
                <date>2012-03-30+04:00</date>
                <url>http://bus.gov.ru/public/download/download.html?id=5492705</url>
                <type>F</type>
            </document>
            <document>
                <name>img012</name>
                <date>2012-03-30+04:00</date>
                <url>http://bus.gov.ru/public/download/download.html?id=5492718</url>
                <type>F</type>
            </document>
            <document>
                <name>img009</name>
                <date>2012-03-30+04:00</date>
                <url>http://bus.gov.ru/public/download/download.html?id=5492693</url>
                <type>F</type>
            </document>
            <document>
                <name>img015</name>
                <date>2012-03-30+04:00</date>
                <url>http://bus.gov.ru/public/download/download.html?id=5492835</url>
                <type>F</type>
            </document>
            <document>
                <name>img019</name>
                <date>2012-03-30+04:00</date>
                <url>http://bus.gov.ru/public/download/download.html?id=5492862</url>
                <type>F</type>
            </document>
            <document>
                <name>img008</name>
                <date>2012-03-30+04:00</date>
                <url>http://bus.gov.ru/public/download/download.html?id=5492689</url>
                <type>F</type>
            </document>
            <document>
                <name>img018</name>
                <date>2012-03-30+04:00</date>
                <url>http://bus.gov.ru/public/download/download.html?id=5492853</url>
                <type>F</type>
            </document>
            <document>
                <name>img022</name>
                <date>2012-03-30+04:00</date>
                <url>http://bus.gov.ru/public/download/download.html?id=5492873</url>
                <type>F</type>
            </document>
            <document>
                <name>img016</name>
                <date>2012-03-30+04:00</date>
                <url>http://bus.gov.ru/public/download/download.html?id=5492839</url>
                <type>F</type>
            </document>
            <document>
                <name>img020</name>
                <date>2012-03-30+04:00</date>
                <url>http://bus.gov.ru/public/download/download.html?id=5492870</url>
                <type>F</type>
            </document>
            <document>
                <name>img021</name>
                <date>2012-03-30+04:00</date>
                <url>http://bus.gov.ru/public/download/download.html?id=5492872</url>
                <type>F</type>
            </document>
            <document>
                <name>img011</name>
                <date>2012-03-30+04:00</date>
                <url>http://bus.gov.ru/public/download/download.html?id=5492707</url>
                <type>F</type>
            </document>
            <document>
                <name>img013</name>
                <date>2012-03-30+04:00</date>
                <url>http://bus.gov.ru/public/download/download.html?id=5492727</url>
                <type>F</type>
            </document>
            <document>
                <name>img014</name>
                <date>2012-03-30+04:00</date>
                <url>http://bus.gov.ru/public/download/download.html?id=5492824</url>
                <type>F</type>
            </document>
            <document>
                <name>img017</name>
                <date>2012-03-30+04:00</date>
                <url>http://bus.gov.ru/public/download/download.html?id=5492844</url>
                <type>F</type>
            </document>
            <document>
                <name>img034</name>
                <date>2012-08-01+04:00</date>
                <url>http://bus.gov.ru/public/download/download.html?id=5496109</url>
                <type>E</type>
            </document>
            <document>
                <name>img035</name>
                <date>2012-08-01+04:00</date>
                <url>http://bus.gov.ru/public/download/download.html?id=5496131</url>
                <type>E</type>
            </document>
        </ns2:position>
    
<ns2:position xmlns:ns2="http://bus.gov.ru/external/1" xmlns="http://bus.gov.ru/types/1" xmlns:xsi="http://www.w3.org/2001/XMLSchema-instance" xmlns:ns3="http://bus.gov.ru/fk/1">
            <positionId>71ddf939-d71f-4d16-9f0a-19b5e5d77779</positionId>
            <changeDate>2012-10-19T11:39:07.701+04:00</changeDate>
            <placer>
                <regNum>0363100000020</regNum>
                <fullName>федеральное государственное казенное учреждение "Управление вневедомственной охраны Управления Министерства внутренних дел Российской Федерации по Смоленской области"</fullName>
                <inn>6732041528</inn>
                <kpp>673201001</kpp>
            </placer>
            <initiator>
                <regNum>0363100000020</regNum>
                <fullName>федеральное государственное казенное учреждение "Управление вневедомственной охраны Управления Министерства внутренних дел Российской Федерации по Смоленской области"</fullName>
                <inn>6732041528</inn>
                <kpp>673201001</kpp>
            </initiator>
            <versionNumber>0</versionNumber>
            <main>
                <shortName>ФГКУ УВО УМВД России по Смоленской области</shortName>
                <ogrn>1126732010052</ogrn>
                <rbs>
                    <regNum>0163100000001</regNum>
                    <fullName>Управление Министерства внутренних дел Российской Федерации по Смоленской области</fullName>
                </rbs>
                <grbs>
                    <regNum>0173100000054</regNum>
                    <fullName>Министерство внутренних дел Российской Федерации</fullName>
                </grbs>
                <orgType>08</orgType>
                <classifier>
                    <okfs>
                        <code>12</code>
                        <name>Федеральная собственность</name>
                    </okfs>
                    <okopf>
                        <code>74</code>
                        <name>Казенные учреждения</name>
                    </okopf>
                    <okogu>
                        <code>1310500</code>
                        <name>Министерство внутренних дел Российской Федерации</name>
                    </okogu>
                    <okpo>
                        <code>08683984</code>
                    </okpo>
                    <okato>
                        <code>66401000000</code>
                        <name>Смоленск</name>
                    </okato>
                    <okved>
                        <code>75.24</code>
                        <name>Деятельность по обеспечению общественного порядка и безопасности</name>
                        <type>C</type>
                    </okved>
                </classifier>
                <address>
                    <zip>214031</zip>
                    <subject>
                        <code>67000000000</code>
                        <name>Смоленская обл</name>
                    </subject>
                    <city>
                        <code>67000003000</code>
                        <name>Смоленск г</name>
                    </city>
                    <street>
                        <code>670000030000509</code>
                        <name>Маршала Соколовского ул</name>
                    </street>
                    <building>12б</building>
                </address>
            </main>
            <additional>
                <institutionType>
                    <code>0900000</code>
                    <name>Национальная оборона</name>
                </institutionType>
                <ppo>
                    <code>00000000000</code>
                    <name>Российская Федерация</name>
                    <okato>
                        <code>00000000000</code>
                        <name>Объекты административно-территориального деления, кроме сельских населенных пунктов</name>
                    </okato>
                    <oktmo>
                        <code>66701000</code>
                        <name>Город Смоленск</name>
                    </oktmo>
                </ppo>
                <phone>7-4812-555138</phone>
                <section>188</section>
                <oktmo>
                    <code>66701000</code>
                    <name>Город Смоленск</name>
                </oktmo>
                <activity>
                    <okved>
                        <code>75.24</code>
                        <name>Деятельность по обеспечению общественного порядка и безопасности</name>
                        <type>C</type>
                    </okved>
                    <name>Деятельность по обеспечению общественного порядка и безопасности</name>
                </activity>
            </additional>
            <other>
                <chief>
                    <lastName>Русаков</lastName>
                    <firstName>Виктор</firstName>
                    <middleName>Валентинович</middleName>
                    <position>Начальник упрвления вневедомственной охраны УМВД</position>
                </chief>
                <founder>
                    <regNum>0173100000062</regNum>
                    <fullName>Министерство внутренних дел Российской Федерации</fullName>
                </founder>
            </other>
            <document>
                <name>приказ о назначении руководителя</name>
                <date>2012-08-03+04:00</date>
                <url>http://bus.gov.ru/public/download/download.html?id=5912743</url>
                <type>S</type>
            </document>
            <document>
                <name>Велиж</name>
                <date>2012-08-03+04:00</date>
                <url>http://bus.gov.ru/public/download/download.html?id=5914257</url>
                <type>L</type>
            </document>
            <document>
                <name>Велиж</name>
                <date>2012-08-03+04:00</date>
                <url>http://bus.gov.ru/public/download/download.html?id=5913551</url>
                <type>L</type>
            </document>
            <document>
                <name>Велиж</name>
                <date>2012-08-03+04:00</date>
                <url>http://bus.gov.ru/public/download/download.html?id=5913691</url>
                <type>L</type>
            </document>
            <document>
                <name>Велиж</name>
                <date>2012-08-03+04:00</date>
                <url>http://bus.gov.ru/public/download/download.html?id=5913593</url>
                <type>L</type>
            </document>
            <document>
                <name>Велиж</name>
                <date>2012-08-03+04:00</date>
                <url>http://bus.gov.ru/public/download/download.html?id=5913582</url>
                <type>L</type>
            </document>
            <document>
                <name>Велиж</name>
                <date>2012-08-03+04:00</date>
                <url>http://bus.gov.ru/public/download/download.html?id=5913521</url>
                <type>L</type>
            </document>
            <document>
                <name>Велиж</name>
                <date>2012-08-03+04:00</date>
                <url>http://bus.gov.ru/public/download/download.html?id=5913491</url>
                <type>L</type>
            </document>
            <document>
                <name>Велиж</name>
                <date>2012-08-03+04:00</date>
                <url>http://bus.gov.ru/public/download/download.html?id=5914299</url>
                <type>L</type>
            </document>
            <document>
                <name>Велиж</name>
                <date>2012-08-03+04:00</date>
                <url>http://bus.gov.ru/public/download/download.html?id=5913443</url>
                <type>L</type>
            </document>
            <document>
                <name>Велиж</name>
                <date>2012-08-03+04:00</date>
                <url>http://bus.gov.ru/public/download/download.html?id=5914202</url>
                <type>L</type>
            </document>
            <document>
                <name>Велиж</name>
                <date>2012-08-03+04:00</date>
                <url>http://bus.gov.ru/public/download/download.html?id=5914185</url>
                <type>L</type>
            </document>
            <document>
                <name>Велиж</name>
                <date>2012-08-03+04:00</date>
                <url>http://bus.gov.ru/public/download/download.html?id=5914095</url>
                <type>L</type>
            </document>
            <document>
                <name>Велиж</name>
                <date>2012-08-03+04:00</date>
                <url>http://bus.gov.ru/public/download/download.html?id=5914145</url>
                <type>L</type>
            </document>
            <document>
                <name>Велиж</name>
                <date>2012-08-03+04:00</date>
                <url>http://bus.gov.ru/public/download/download.html?id=5913654</url>
                <type>L</type>
            </document>
            <document>
                <name>Распоряжение Правительства РФ от 30_12_2011 N 2437-р  О реор</name>
                <date>2011-12-30+04:00</date>
                <url>http://bus.gov.ru/public/download/download.html?id=5913346</url>
            </document>
            <document>
                <name>изображение 005</name>
                <date>2012-05-05+04:00</date>
                <url>http://bus.gov.ru/public/download/download.html?id=5912028</url>
                <type>F</type>
            </document>
            <document>
                <name>устав</name>
                <date>2012-05-05+04:00</date>
                <url>http://bus.gov.ru/public/download/download.html?id=5911937</url>
                <type>F</type>
            </document>
            <document>
                <name>устав</name>
                <date>2012-05-05+04:00</date>
                <url>http://bus.gov.ru/public/download/download.html?id=5894667</url>
                <type>F</type>
            </document>
            <document>
                <name>устав</name>
                <date>2012-05-05+04:00</date>
                <url>http://bus.gov.ru/public/download/download.html?id=5894623</url>
                <type>F</type>
            </document>
            <document>
                <name>изображение 000</name>
                <date>2012-05-05+04:00</date>
                <url>http://bus.gov.ru/public/download/download.html?id=5894575</url>
                <type>F</type>
            </document>
            <document>
                <name>устав</name>
                <date>2012-05-05+04:00</date>
                <url>http://bus.gov.ru/public/download/download.html?id=5912421</url>
                <type>F</type>
            </document>
            <document>
                <name>устав</name>
                <date>2012-05-05+04:00</date>
                <url>http://bus.gov.ru/public/download/download.html?id=5912389</url>
                <type>F</type>
            </document>
            <document>
                <name>устав</name>
                <date>2012-05-05+04:00</date>
                <url>http://bus.gov.ru/public/download/download.html?id=5912356</url>
                <type>F</type>
            </document>
            <document>
                <name>устав</name>
                <date>2012-05-05+04:00</date>
                <url>http://bus.gov.ru/public/download/download.html?id=5912336</url>
                <type>F</type>
            </document>
            <document>
                <name>устав</name>
                <date>2012-05-05+04:00</date>
                <url>http://bus.gov.ru/public/download/download.html?id=5912296</url>
                <type>F</type>
            </document>
            <document>
                <name>устав</name>
                <date>2012-05-05+04:00</date>
                <url>http://bus.gov.ru/public/download/download.html?id=5912251</url>
                <type>F</type>
            </document>
            <document>
                <name>изображение 008</name>
                <date>2012-05-05+04:00</date>
                <url>http://bus.gov.ru/public/download/download.html?id=5912193</url>
                <type>F</type>
            </document>
            <document>
                <name>устав</name>
                <date>2012-05-05+04:00</date>
                <url>http://bus.gov.ru/public/download/download.html?id=5912183</url>
                <type>F</type>
            </document>
            <document>
                <name>устав</name>
                <date>2012-05-05+04:00</date>
                <url>http://bus.gov.ru/public/download/download.html?id=5912110</url>
                <type>F</type>
            </document>
            <document>
                <name>устав</name>
                <date>2012-05-05+04:00</date>
                <url>http://bus.gov.ru/public/download/download.html?id=5912270</url>
                <type>F</type>
            </document>
            <document>
                <name>устав</name>
                <date>2012-05-05+04:00</date>
                <url>http://bus.gov.ru/public/download/download.html?id=5912003</url>
                <type>F</type>
            </document>
            <document>
                <name>устав</name>
                <date>2012-05-05+04:00</date>
                <url>http://bus.gov.ru/public/download/download.html?id=5912214</url>
                <type>F</type>
            </document>
            <document>
                <name>устав</name>
                <date>2012-05-05+04:00</date>
                <url>http://bus.gov.ru/public/download/download.html?id=5912227</url>
                <type>F</type>
            </document>
            <document>
                <name>ОГРН ФГКУ</name>
                <date>2012-08-01+04:00</date>
                <url>http://bus.gov.ru/public/download/download.html?id=5913030</url>
                <type>E</type>
            </document>
            <document>
                <name>инн</name>
                <date>2012-08-01+04:00</date>
                <url>http://bus.gov.ru/public/download/download.html?id=5913229</url>
                <type>E</type>
            </document>
        </ns2:position>
    
<ns2:position xmlns:ns2="http://bus.gov.ru/external/1" xmlns="http://bus.gov.ru/types/1" xmlns:xsi="http://www.w3.org/2001/XMLSchema-instance" xmlns:ns3="http://bus.gov.ru/fk/1">
            <positionId>9dacf5e3-d729-4335-9ce7-f566bf9a9ed4</positionId>
            <changeDate>2012-07-06T16:29:09.769+04:00</changeDate>
            <placer>
                <regNum>0363100000069</regNum>
                <fullName>федеральное казенное учреждение здравоохранения "Медико-санитарная часть Министерства внутренних дел Российской Федерации по Смоленской области"</fullName>
                <inn>6730061230</inn>
                <kpp>673001001</kpp>
            </placer>
            <initiator>
                <regNum>0363100000069</regNum>
                <fullName>федеральное казенное учреждение здравоохранения "Медико-санитарная часть Министерства внутренних дел Российской Федерации по Смоленской области"</fullName>
                <inn>6730061230</inn>
                <kpp>673001001</kpp>
            </initiator>
            <versionNumber>4</versionNumber>
            <main>
                <shortName>ФКУЗ "МСЧ МВД России по Смоленской области"</shortName>
                <ogrn>1066731018067</ogrn>
                <rbs>
                    <regNum>0163100000001</regNum>
                    <fullName>Управление Министерства внутренних дел Российской Федерации по Смоленской области</fullName>
                </rbs>
                <grbs>
                    <regNum>0173100000062</regNum>
                    <fullName>Министерство внутренних дел Российской Федерации</fullName>
                </grbs>
                <orgType>08</orgType>
                <classifier>
                    <okfs>
                        <code>12</code>
                        <name>Федеральная собственность</name>
                    </okfs>
                    <okopf>
                        <code>72</code>
                        <name>Бюджетные учреждения</name>
                    </okopf>
                    <okogu>
                        <code>1310500</code>
                        <name>Министерство внутренних дел Российской Федерации</name>
                    </okogu>
                    <okpo>
                        <code>08804554</code>
                    </okpo>
                    <okato>
                        <code>66401000000</code>
                        <name>Смоленск</name>
                    </okato>
                    <okved>
                        <code>85.14.1</code>
                        <name>Деятельность среднего медицинского персонала</name>
                        <type>O</type>
                    </okved>
                    <okved>
                        <code>85.32</code>
                        <name>Предоставление социальных услуг без обеспечения проживания</name>
                        <type>O</type>
                    </okved>
                    <okved>
                        <code>85.14.5</code>
                        <name>Деятельность учреждений санитарно-эпидемиологической службы</name>
                        <type>O</type>
                    </okved>
                    <okved>
                        <code>85.13</code>
                        <name>Стоматологическая практика</name>
                        <type>O</type>
                    </okved>
                    <okved>
                        <code>85.11.1</code>
                        <name>Деятельность больничных учреждений широкого профиля и специализированных</name>
                        <type>C</type>
                    </okved>
                    <okved>
                        <code>85.12</code>
                        <name>Врачебная практика</name>
                        <type>O</type>
                    </okved>
                    <okved>
                        <code>85.14.3</code>
                        <name>Деятельность медицинских лабораторий</name>
                        <type>O</type>
                    </okved>
                    <okved>
                        <code>85.11.2</code>
                        <name>Деятельность санаторно-курортных учреждений</name>
                        <type>O</type>
                    </okved>
                    <okved>
                        <code>24.42.1</code>
                        <name>Производство медикаментов</name>
                        <type>O</type>
                    </okved>
                    <okved>
                        <code>85.14.2</code>
                        <name>Деятельность вспомогательного стоматологического персонала</name>
                        <type>O</type>
                    </okved>
                </classifier>
                <address>
                    <zip>214000</zip>
                    <subject>
                        <code>67000000000</code>
                        <name>Смоленская обл</name>
                    </subject>
                    <city>
                        <code>67000003000</code>
                        <name>Смоленск г</name>
                    </city>
                    <street>
                        <code>670000030000368</code>
                        <name>Октябрьской Революции ул</name>
                    </street>
                    <building>14</building>
                </address>
            </main>
            <additional>
                <institutionType>
                    <code>0500000</code>
                    <name>Здравоохранение</name>
                </institutionType>
                <ppo>
                    <code>00000000000</code>
                    <name>Российская Федерация</name>
                    <okato>
                        <code>00000000000</code>
                        <name>Объекты административно-территориального деления, кроме сельских населенных пунктов</name>
                    </okato>
                    <oktmo>
                        <code>66701000</code>
                        <name>- Город Смоленск</name>
                    </oktmo>
                </ppo>
                <phone>10-4812-385027</phone>
                <www>http://www.smolmschmvd.ru</www>
                <section>188</section>
                <oktmo>
                    <code>66701000</code>
                    <name>- Город Смоленск</name>
                </oktmo>
                <activity>
                    <okved>
                        <code>85.11.1</code>
                        <name>Деятельность больничных учреждений широкого профиля и специализированных</name>
                    </okved>
                    <name>Деятельность больничных учреждений широкого профиля</name>
                </activity>
                <activity>
                    <okved>
                        <code>85.14.3</code>
                        <name>Деятельность медицинских лабораторий</name>
                    </okved>
                    <name>Деятельность медицинских лабораторий</name>
                </activity>
                <activity>
                    <okved>
                        <code>85.14.5</code>
                        <name>Деятельность учреждений санитарно-эпидемиологической службы</name>
                    </okved>
                    <name>Деятельность учреждений санитарно-эпидемиологической службы</name>
                </activity>
                <activity>
                    <okved>
                        <code>85.11.2</code>
                        <name>Деятельность санаторно-курортных учреждений</name>
                    </okved>
                    <name>Деятельность санаторно-курортных учреждений</name>
                </activity>
                <activity>
                    <okved>
                        <code>85.32</code>
                        <name>Предоставление социальных услуг без обеспечения проживания</name>
                    </okved>
                    <name>Предоставление социальных услуг без обеспечения проживания</name>
                </activity>
                <activity>
                    <okved>
                        <code>85.14.2</code>
                        <name>Деятельность вспомогательного стоматологического персонала</name>
                    </okved>
                    <name>Деятельность вспомогательного стоматологического персонала</name>
                </activity>
                <activity>
                    <okved>
                        <code>85.13</code>
                        <name>Стоматологическая практика</name>
                    </okved>
                    <name>Стоматологическая практика</name>
                </activity>
                <activity>
                    <okved>
                        <code>85.14.1</code>
                        <name>Деятельность среднего медицинского персонала</name>
                    </okved>
                    <name>Деятельность среднего медицинского персонала</name>
                </activity>
                <activity>
                    <okved>
                        <code>24.42.1</code>
                        <name>Производство медикаментов</name>
                    </okved>
                    <name>Производство медикаментов</name>
                </activity>
                <activity>
                    <okved>
                        <code>85.12</code>
                        <name>Врачебная практика</name>
                    </okved>
                    <name>Врачебная практика</name>
                </activity>
                <eMail>smoluvdmed@mail.ru</eMail>
            </additional>
            <other>
                <chief>
                    <lastName>Тимофеев</lastName>
                    <firstName>Сергей</firstName>
                    <middleName>Иванович</middleName>
                    <position>Начальник</position>
                </chief>
                <founder>
                    <regNum>0173100000062</regNum>
                    <fullName>Министерство внутренних дел Российской Федерации </fullName>
                </founder>
            </other>
            <document>
                <name>приказ о назначении руководителя</name>
                <date>2007-07-06+04:00</date>
                <url>http://bus.gov.ru/public/download/download.html?id=4494625</url>
                <type>S</type>
            </document>
            <document>
                <name>приказ МВД РФ  № 1067 о внесении изменений в приказ от 30.12.2005 № 1074</name>
                <date>2007-11-16+03:00</date>
                <url>http://bus.gov.ru/public/download/download.html?id=4494626</url>
                <type>F</type>
            </document>
            <document>
                <name>приказ МВД РФ  № 487 о внесении изменений в приказ от 30.12.2005 № 10 74</name>
                <date>2011-05-31+04:00</date>
                <url>http://bus.gov.ru/public/download/download.html?id=4494627</url>
                <type>F</type>
            </document>
            <document>
                <name>приказ МВД РФ об утверждении устава</name>
                <date>2005-12-30+03:00</date>
                <url>http://bus.gov.ru/public/download/download.html?id=4494628</url>
                <type>F</type>
            </document>
            <document>
                <name>Отчет о деятельности учреждения 5</name>
                <date>2012-04-02+04:00</date>
                <url>http://bus.gov.ru/public/download/download.html?id=4494629</url>
                <type>O</type>
            </document>
            <document>
                <name>Отчет о деятельности учреждения 6</name>
                <date>2012-04-02+04:00</date>
                <url>http://bus.gov.ru/public/download/download.html?id=4494630</url>
                <type>O</type>
            </document>
            <document>
                <name>Отчет о деятельности учреждения 3</name>
                <date>2012-04-02+04:00</date>
                <url>http://bus.gov.ru/public/download/download.html?id=4494634</url>
                <type>O</type>
            </document>
            <document>
                <name>отчет о деятельности учреждения 2</name>
                <date>2012-04-02+04:00</date>
                <url>http://bus.gov.ru/public/download/download.html?id=4494631</url>
                <type>O</type>
            </document>
            <document>
                <name>Отчет о деятельности учреждения 1</name>
                <date>2012-04-02+04:00</date>
                <url>http://bus.gov.ru/public/download/download.html?id=4494632</url>
                <type>O</type>
            </document>
            <document>
                <name>Отчет о деятельности учреждения 4</name>
                <date>2012-04-02+04:00</date>
                <url>http://bus.gov.ru/public/download/download.html?id=4494633</url>
                <type>O</type>
            </document>
            <document>
                <name>Свидетельство о постановке на налоговый учет</name>
                <date>2006-02-08+03:00</date>
                <url>http://bus.gov.ru/public/download/download.html?id=4494635</url>
                <type>O</type>
            </document>
            <document>
                <name>ЕГРЮЛ</name>
                <date>2011-07-20+04:00</date>
                <url>http://bus.gov.ru/public/download/download.html?id=4494636</url>
                <type>E</type>
            </document>
        </ns2:position>
    
<ns2:position xmlns:ns2="http://bus.gov.ru/external/1" xmlns="http://bus.gov.ru/types/1" xmlns:xsi="http://www.w3.org/2001/XMLSchema-instance" xmlns:ns3="http://bus.gov.ru/fk/1">
            <positionId>6334157e-4e83-4ab1-9a79-b5e9913e2841</positionId>
            <changeDate>2012-09-28T16:45:38.405+04:00</changeDate>
            <placer>
                <regNum>0895100000342</regNum>
                <fullName>федеральное казенное учреждение "Центр хозяйственного и сервисного обеспечения Управления Министерства внутренних дел Российской Федерации по Смоленской области"</fullName>
                <inn>6732041503</inn>
                <kpp>673201001</kpp>
            </placer>
            <initiator>
                <regNum>0895100000342</regNum>
                <fullName>федеральное казенное учреждение "Центр хозяйственного и сервисного обеспечения Управления Министерства внутренних дел Российской Федерации по Смоленской области"</fullName>
                <inn>6732041503</inn>
                <kpp>673201001</kpp>
            </initiator>
            <versionNumber>0</versionNumber>
            <main>
                <shortName>ФКУ "ЦХиСО УМВД России по Смоленской области"</shortName>
                <ogrn>1126732010030</ogrn>
                <rbs>
                    <regNum>0163100000001</regNum>
                    <fullName>Управление Министерства внутренних дел Российской Федерации по Смоленской области</fullName>
                </rbs>
                <grbs>
                    <regNum>0173100000062</regNum>
                    <fullName>Министерство внутренних дел Российской Федерации</fullName>
                </grbs>
                <orgType>08</orgType>
                <classifier>
                    <okfs>
                        <code>12</code>
                        <name>Федеральная собственность</name>
                    </okfs>
                    <okopf>
                        <code>74</code>
                        <name>Казенные учреждения</name>
                    </okopf>
                    <okogu>
                        <code>1310500</code>
                        <name>Министерство внутренних дел Российской Федерации</name>
                    </okogu>
                    <okpo>
                        <code>08684669</code>
                    </okpo>
                    <okato>
                        <code>66401000000</code>
                        <name>Смоленск</name>
                    </okato>
                    <okved>
                        <code>75.24.1</code>
                        <name>Деятельность органов внутренних дел</name>
                        <type>C</type>
                    </okved>
                </classifier>
                <address>
                    <zip>214000</zip>
                    <subject>
                        <code>67000000000</code>
                        <name>Смоленская обл</name>
                    </subject>
                    <city>
                        <code>67000003000</code>
                        <name>Смоленск г</name>
                    </city>
                    <street>
                        <code>670000030000440</code>
                        <name>Реввоенсовета ул</name>
                    </street>
                    <building>11</building>
                </address>
            </main>
            <additional>
                <institutionType>
                    <code>0900000</code>
                    <name>Национальная оборона</name>
                </institutionType>
                <ppo>
                    <code>00000000000</code>
                    <name>Российская Федерация</name>
                    <okato>
                        <code>00000000000</code>
                        <name>Объекты административно-территориального деления, кроме сельских населенных пунктов</name>
                    </okato>
                    <oktmo>
                        <code>66701000</code>
                        <name>Город Смоленск</name>
                    </oktmo>
                </ppo>
                <phone>7-4812-393435</phone>
                <section>188</section>
                <oktmo>
                    <code>66701000</code>
                    <name>Город Смоленск</name>
                </oktmo>
                <activity>
                    <okved>
                        <code>75.24.1</code>
                        <name>Деятельность органов внутренних дел</name>
                    </okved>
                    <name>Деятельность органов внутренних дел</name>
                </activity>
            </additional>
            <other>
                <chief>
                    <lastName>Коросткин</lastName>
                    <firstName>Юрий</firstName>
                    <middleName> Валерьевич</middleName>
                    <position>Начальник</position>
                </chief>
                <founder>
                    <regNum>0173100000062</regNum>
                    <fullName>Министерство внутренних дел Российской Федерации</fullName>
                </founder>
            </other>
            <document>
                <name>img033</name>
                <date>2012-07-18+04:00</date>
                <url>http://bus.gov.ru/public/download/download.html?id=5495948</url>
                <type>S</type>
            </document>
            <document>
                <name>img010</name>
                <date>2012-03-30+04:00</date>
                <url>http://bus.gov.ru/public/download/download.html?id=5492705</url>
                <type>F</type>
            </document>
            <document>
                <name>img012</name>
                <date>2012-03-30+04:00</date>
                <url>http://bus.gov.ru/public/download/download.html?id=5492718</url>
                <type>F</type>
            </document>
            <document>
                <name>img009</name>
                <date>2012-03-30+04:00</date>
                <url>http://bus.gov.ru/public/download/download.html?id=5492693</url>
                <type>F</type>
            </document>
            <document>
                <name>img015</name>
                <date>2012-03-30+04:00</date>
                <url>http://bus.gov.ru/public/download/download.html?id=5492835</url>
                <type>F</type>
            </document>
            <document>
                <name>img019</name>
                <date>2012-03-30+04:00</date>
                <url>http://bus.gov.ru/public/download/download.html?id=5492862</url>
                <type>F</type>
            </document>
            <document>
                <name>img008</name>
                <date>2012-03-30+04:00</date>
                <url>http://bus.gov.ru/public/download/download.html?id=5492689</url>
                <type>F</type>
            </document>
            <document>
                <name>img018</name>
                <date>2012-03-30+04:00</date>
                <url>http://bus.gov.ru/public/download/download.html?id=5492853</url>
                <type>F</type>
            </document>
            <document>
                <name>img022</name>
                <date>2012-03-30+04:00</date>
                <url>http://bus.gov.ru/public/download/download.html?id=5492873</url>
                <type>F</type>
            </document>
            <document>
                <name>img016</name>
                <date>2012-03-30+04:00</date>
                <url>http://bus.gov.ru/public/download/download.html?id=5492839</url>
                <type>F</type>
            </document>
            <document>
                <name>img020</name>
                <date>2012-03-30+04:00</date>
                <url>http://bus.gov.ru/public/download/download.html?id=5492870</url>
                <type>F</type>
            </document>
            <document>
                <name>img021</name>
                <date>2012-03-30+04:00</date>
                <url>http://bus.gov.ru/public/download/download.html?id=5492872</url>
                <type>F</type>
            </document>
            <document>
                <name>img011</name>
                <date>2012-03-30+04:00</date>
                <url>http://bus.gov.ru/public/download/download.html?id=5492707</url>
                <type>F</type>
            </document>
            <document>
                <name>img013</name>
                <date>2012-03-30+04:00</date>
                <url>http://bus.gov.ru/public/download/download.html?id=5492727</url>
                <type>F</type>
            </document>
            <document>
                <name>img014</name>
                <date>2012-03-30+04:00</date>
                <url>http://bus.gov.ru/public/download/download.html?id=5492824</url>
                <type>F</type>
            </document>
            <document>
                <name>img017</name>
                <date>2012-03-30+04:00</date>
                <url>http://bus.gov.ru/public/download/download.html?id=5492844</url>
                <type>F</type>
            </document>
            <document>
                <name>img034</name>
                <date>2012-08-01+04:00</date>
                <url>http://bus.gov.ru/public/download/download.html?id=5496109</url>
                <type>E</type>
            </document>
            <document>
                <name>img035</name>
                <date>2012-08-01+04:00</date>
                <url>http://bus.gov.ru/public/download/download.html?id=5496131</url>
                <type>E</type>
            </document>
        </ns2:position>
    
<ns2:position xmlns:ns2="http://bus.gov.ru/external/1" xmlns="http://bus.gov.ru/types/1" xmlns:xsi="http://www.w3.org/2001/XMLSchema-instance" xmlns:ns3="http://bus.gov.ru/fk/1">
            <positionId>71ddf939-d71f-4d16-9f0a-19b5e5d77779</positionId>
            <changeDate>2012-10-19T11:39:07.701+04:00</changeDate>
            <placer>
                <regNum>0363100000020</regNum>
                <fullName>федеральное государственное казенное учреждение "Управление вневедомственной охраны Управления Министерства внутренних дел Российской Федерации по Смоленской области"</fullName>
                <inn>6732041528</inn>
                <kpp>673201001</kpp>
            </placer>
            <initiator>
                <regNum>0363100000020</regNum>
                <fullName>федеральное государственное казенное учреждение "Управление вневедомственной охраны Управления Министерства внутренних дел Российской Федерации по Смоленской области"</fullName>
                <inn>6732041528</inn>
                <kpp>673201001</kpp>
            </initiator>
            <versionNumber>0</versionNumber>
            <main>
                <shortName>ФГКУ УВО УМВД России по Смоленской области</shortName>
                <ogrn>1126732010052</ogrn>
                <rbs>
                    <regNum>0163100000001</regNum>
                    <fullName>Управление Министерства внутренних дел Российской Федерации по Смоленской области</fullName>
                </rbs>
                <grbs>
                    <regNum>0173100000054</regNum>
                    <fullName>Министерство внутренних дел Российской Федерации</fullName>
                </grbs>
                <orgType>08</orgType>
                <classifier>
                    <okfs>
                        <code>12</code>
                        <name>Федеральная собственность</name>
                    </okfs>
                    <okopf>
                        <code>74</code>
                        <name>Казенные учреждения</name>
                    </okopf>
                    <okogu>
                        <code>1310500</code>
                        <name>Министерство внутренних дел Российской Федерации</name>
                    </okogu>
                    <okpo>
                        <code>08683984</code>
                    </okpo>
                    <okato>
                        <code>66401000000</code>
                        <name>Смоленск</name>
                    </okato>
                    <okved>
                        <code>75.24</code>
                        <name>Деятельность по обеспечению общественного порядка и безопасности</name>
                        <type>C</type>
                    </okved>
                </classifier>
                <address>
                    <zip>214031</zip>
                    <subject>
                        <code>67000000000</code>
                        <name>Смоленская обл</name>
                    </subject>
                    <city>
                        <code>67000003000</code>
                        <name>Смоленск г</name>
                    </city>
                    <street>
                        <code>670000030000509</code>
                        <name>Маршала Соколовского ул</name>
                    </street>
                    <building>12б</building>
                </address>
            </main>
            <additional>
                <institutionType>
                    <code>0900000</code>
                    <name>Национальная оборона</name>
                </institutionType>
                <ppo>
                    <code>00000000000</code>
                    <name>Российская Федерация</name>
                    <okato>
                        <code>00000000000</code>
                        <name>Объекты административно-территориального деления, кроме сельских населенных пунктов</name>
                    </okato>
                    <oktmo>
                        <code>66701000</code>
                        <name>Город Смоленск</name>
                    </oktmo>
                </ppo>
                <phone>7-4812-555138</phone>
                <section>188</section>
                <oktmo>
                    <code>66701000</code>
                    <name>Город Смоленск</name>
                </oktmo>
                <activity>
                    <okved>
                        <code>75.24</code>
                        <name>Деятельность по обеспечению общественного порядка и безопасности</name>
                        <type>C</type>
                    </okved>
                    <name>Деятельность по обеспечению общественного порядка и безопасности</name>
                </activity>
            </additional>
            <other>
                <chief>
                    <lastName>Русаков</lastName>
                    <firstName>Виктор</firstName>
                    <middleName>Валентинович</middleName>
                    <position>Начальник упрвления вневедомственной охраны УМВД</position>
                </chief>
                <founder>
                    <regNum>0173100000062</regNum>
                    <fullName>Министерство внутренних дел Российской Федерации</fullName>
                </founder>
            </other>
            <document>
                <name>приказ о назначении руководителя</name>
                <date>2012-08-03+04:00</date>
                <url>http://bus.gov.ru/public/download/download.html?id=5912743</url>
                <type>S</type>
            </document>
            <document>
                <name>Велиж</name>
                <date>2012-08-03+04:00</date>
                <url>http://bus.gov.ru/public/download/download.html?id=5914257</url>
                <type>L</type>
            </document>
            <document>
                <name>Велиж</name>
                <date>2012-08-03+04:00</date>
                <url>http://bus.gov.ru/public/download/download.html?id=5913551</url>
                <type>L</type>
            </document>
            <document>
                <name>Велиж</name>
                <date>2012-08-03+04:00</date>
                <url>http://bus.gov.ru/public/download/download.html?id=5913691</url>
                <type>L</type>
            </document>
            <document>
                <name>Велиж</name>
                <date>2012-08-03+04:00</date>
                <url>http://bus.gov.ru/public/download/download.html?id=5913593</url>
                <type>L</type>
            </document>
            <document>
                <name>Велиж</name>
                <date>2012-08-03+04:00</date>
                <url>http://bus.gov.ru/public/download/download.html?id=5913582</url>
                <type>L</type>
            </document>
            <document>
                <name>Велиж</name>
                <date>2012-08-03+04:00</date>
                <url>http://bus.gov.ru/public/download/download.html?id=5913521</url>
                <type>L</type>
            </document>
            <document>
                <name>Велиж</name>
                <date>2012-08-03+04:00</date>
                <url>http://bus.gov.ru/public/download/download.html?id=5913491</url>
                <type>L</type>
            </document>
            <document>
                <name>Велиж</name>
                <date>2012-08-03+04:00</date>
                <url>http://bus.gov.ru/public/download/download.html?id=5914299</url>
                <type>L</type>
            </document>
            <document>
                <name>Велиж</name>
                <date>2012-08-03+04:00</date>
                <url>http://bus.gov.ru/public/download/download.html?id=5913443</url>
                <type>L</type>
            </document>
            <document>
                <name>Велиж</name>
                <date>2012-08-03+04:00</date>
                <url>http://bus.gov.ru/public/download/download.html?id=5914202</url>
                <type>L</type>
            </document>
            <document>
                <name>Велиж</name>
                <date>2012-08-03+04:00</date>
                <url>http://bus.gov.ru/public/download/download.html?id=5914185</url>
                <type>L</type>
            </document>
            <document>
                <name>Велиж</name>
                <date>2012-08-03+04:00</date>
                <url>http://bus.gov.ru/public/download/download.html?id=5914095</url>
                <type>L</type>
            </document>
            <document>
                <name>Велиж</name>
                <date>2012-08-03+04:00</date>
                <url>http://bus.gov.ru/public/download/download.html?id=5914145</url>
                <type>L</type>
            </document>
            <document>
                <name>Велиж</name>
                <date>2012-08-03+04:00</date>
                <url>http://bus.gov.ru/public/download/download.html?id=5913654</url>
                <type>L</type>
            </document>
            <document>
                <name>Распоряжение Правительства РФ от 30_12_2011 N 2437-р  О реор</name>
                <date>2011-12-30+04:00</date>
                <url>http://bus.gov.ru/public/download/download.html?id=5913346</url>
            </document>
            <document>
                <name>изображение 005</name>
                <date>2012-05-05+04:00</date>
                <url>http://bus.gov.ru/public/download/download.html?id=5912028</url>
                <type>F</type>
            </document>
            <document>
                <name>устав</name>
                <date>2012-05-05+04:00</date>
                <url>http://bus.gov.ru/public/download/download.html?id=5911937</url>
                <type>F</type>
            </document>
            <document>
                <name>устав</name>
                <date>2012-05-05+04:00</date>
                <url>http://bus.gov.ru/public/download/download.html?id=5894667</url>
                <type>F</type>
            </document>
            <document>
                <name>устав</name>
                <date>2012-05-05+04:00</date>
                <url>http://bus.gov.ru/public/download/download.html?id=5894623</url>
                <type>F</type>
            </document>
            <document>
                <name>изображение 000</name>
                <date>2012-05-05+04:00</date>
                <url>http://bus.gov.ru/public/download/download.html?id=5894575</url>
                <type>F</type>
            </document>
            <document>
                <name>устав</name>
                <date>2012-05-05+04:00</date>
                <url>http://bus.gov.ru/public/download/download.html?id=5912421</url>
                <type>F</type>
            </document>
            <document>
                <name>устав</name>
                <date>2012-05-05+04:00</date>
                <url>http://bus.gov.ru/public/download/download.html?id=5912389</url>
                <type>F</type>
            </document>
            <document>
                <name>устав</name>
                <date>2012-05-05+04:00</date>
                <url>http://bus.gov.ru/public/download/download.html?id=5912356</url>
                <type>F</type>
            </document>
            <document>
                <name>устав</name>
                <date>2012-05-05+04:00</date>
                <url>http://bus.gov.ru/public/download/download.html?id=5912336</url>
                <type>F</type>
            </document>
            <document>
                <name>устав</name>
                <date>2012-05-05+04:00</date>
                <url>http://bus.gov.ru/public/download/download.html?id=5912296</url>
                <type>F</type>
            </document>
            <document>
                <name>устав</name>
                <date>2012-05-05+04:00</date>
                <url>http://bus.gov.ru/public/download/download.html?id=5912251</url>
                <type>F</type>
            </document>
            <document>
                <name>изображение 008</name>
                <date>2012-05-05+04:00</date>
                <url>http://bus.gov.ru/public/download/download.html?id=5912193</url>
                <type>F</type>
            </document>
            <document>
                <name>устав</name>
                <date>2012-05-05+04:00</date>
                <url>http://bus.gov.ru/public/download/download.html?id=5912183</url>
                <type>F</type>
            </document>
            <document>
                <name>устав</name>
                <date>2012-05-05+04:00</date>
                <url>http://bus.gov.ru/public/download/download.html?id=5912110</url>
                <type>F</type>
            </document>
            <document>
                <name>устав</name>
                <date>2012-05-05+04:00</date>
                <url>http://bus.gov.ru/public/download/download.html?id=5912270</url>
                <type>F</type>
            </document>
            <document>
                <name>устав</name>
                <date>2012-05-05+04:00</date>
                <url>http://bus.gov.ru/public/download/download.html?id=5912003</url>
                <type>F</type>
            </document>
            <document>
                <name>устав</name>
                <date>2012-05-05+04:00</date>
                <url>http://bus.gov.ru/public/download/download.html?id=5912214</url>
                <type>F</type>
            </document>
            <document>
                <name>устав</name>
                <date>2012-05-05+04:00</date>
                <url>http://bus.gov.ru/public/download/download.html?id=5912227</url>
                <type>F</type>
            </document>
            <document>
                <name>ОГРН ФГКУ</name>
                <date>2012-08-01+04:00</date>
                <url>http://bus.gov.ru/public/download/download.html?id=5913030</url>
                <type>E</type>
            </document>
            <document>
                <name>инн</name>
                <date>2012-08-01+04:00</date>
                <url>http://bus.gov.ru/public/download/download.html?id=5913229</url>
                <type>E</type>
            </document>
        </ns2:position>
    
<ns2:position xmlns:ns2="http://bus.gov.ru/external/1" xmlns="http://bus.gov.ru/types/1" xmlns:xsi="http://www.w3.org/2001/XMLSchema-instance" xmlns:ns3="http://bus.gov.ru/fk/1">
            <positionId>5a4406bc-906b-4d93-bed2-656e2d8318d1</positionId>
            <changeDate>2012-07-05T13:24:46.998+04:00</changeDate>
            <placer>
                <regNum>0863100000001</regNum>
                <fullName>федеральное казенное учреждение здравоохранения "Санаторий "Борок" Министерства внутренних дел Российской Федерации"</fullName>
                <inn>6714003583</inn>
                <kpp>671401001</kpp>
            </placer>
            <initiator>
                <regNum>0863100000001</regNum>
                <fullName>федеральное казенное учреждение здравоохранения "Санаторий "Борок" Министерства внутренних дел Российской Федерации"</fullName>
                <inn>6714003583</inn>
                <kpp>671401001</kpp>
            </initiator>
            <versionNumber>1</versionNumber>
            <main>
                <shortName>ФКУЗ "Санаторий "Борок" МВД России"</shortName>
                <ogrn>1026700668500</ogrn>
                <rbs>
                    <regNum>0173100000062</regNum>
                    <fullName>Министерство внутренних дел Российской Федерации</fullName>
                </rbs>
                <grbs>
                    <regNum>0173100000062</regNum>
                    <fullName>Министерство внутренних дел Российской Федерации</fullName>
                </grbs>
                <orgType>08</orgType>
                <classifier>
                    <okfs>
                        <code>12</code>
                        <name>Федеральная собственность</name>
                    </okfs>
                    <okopf>
                        <code>72</code>
                        <name>Бюджетные учреждения</name>
                    </okopf>
                    <okogu>
                        <code>1310500</code>
                        <name>Министерство внутренних дел Российской Федерации</name>
                    </okogu>
                    <okpo>
                        <code>08735089</code>
                    </okpo>
                    <okato>
                        <code>66244836009</code>
                        <name>ст Катынь</name>
                    </okato>
                    <okved>
                        <code>85.11.2</code>
                        <name>Деятельность санаторно-курортных учреждений</name>
                        <type>C</type>
                    </okved>
                </classifier>
                <address>
                    <zip>214522</zip>
                    <subject>
                        <code>67000000000</code>
                        <name>Смоленская обл</name>
                    </subject>
                    <region>
                        <code>67001000000</code>
                        <name>Смоленский р-н</name>
                    </region>
                    <locality>
                        <code>67001000424</code>
                        <name>Катынь ст</name>
                    </locality>
                </address>
            </main>
            <additional>
                <institutionType>
                    <code>0510041</code>
                    <name>Санаторий</name>
                </institutionType>
                <ppo>
                    <code>00000000000</code>
                    <name>Российская Федерация</name>
                    <okato>
                        <code>00000000000</code>
                        <name>Объекты административно-территориального деления, кроме сельских населенных пунктов</name>
                    </okato>
                </ppo>
                <phone>8-4812-485172</phone>
                <www>http://sanborok.ru</www>
                <section>188</section>
                <oktmo>
                    <code>66644436</code>
                    <name>- Катынское</name>
                </oktmo>
                <activity>
                    <okved>
                        <code>85.11.2</code>
                        <name>Деятельность санаторно-курортных учреждений</name>
                    </okved>
                    <name>лечебно-профилактический</name>
                </activity>
                <eMail>sanborok@mail.ru</eMail>
            </additional>
            <other>
                <chief>
                    <lastName>Болотин</lastName>
                    <firstName>Михаил</firstName>
                    <middleName>Борисович</middleName>
                    <position>начальник</position>
                </chief>
                <founder>
                    <regNum>0173100000062</regNum>
                    <fullName>Министерство внутренних дел Российской Федерации</fullName>
                </founder>
            </other>
            <document>
                <name>ПРИКАЗ_(начальник)</name>
                <date>1999-04-07+04:00</date>
                <url>http://bus.gov.ru/public/download/download.html?id=2953961</url>
                <type>S</type>
            </document>
            <document>
                <name>УСТАВ_(изменения)</name>
                <date>2011-05-31+04:00</date>
                <url>http://bus.gov.ru/public/download/download.html?id=2953965</url>
                <type>F</type>
            </document>
            <document>
                <name>Справка_об_организации_санатория</name>
                <date>1937-05-04+03:00</date>
                <url>http://bus.gov.ru/public/download/download.html?id=2953962</url>
                <type>F</type>
            </document>
            <document>
                <name>УСТАВ_санатория</name>
                <date>2009-06-08+04:00</date>
                <url>http://bus.gov.ru/public/download/download.html?id=2953963</url>
                <type>F</type>
            </document>
            <document>
                <name>свидетельство_о_гос_регистрации</name>
                <date>2011-07-07+04:00</date>
                <url>http://bus.gov.ru/public/download/download.html?id=2953964</url>
                <type>E</type>
            </document>
        </ns2:position>
    
<ns2:position xmlns:ns2="http://bus.gov.ru/external/1" xmlns="http://bus.gov.ru/types/1" xmlns:xsi="http://www.w3.org/2001/XMLSchema-instance" xmlns:ns3="http://bus.gov.ru/fk/1">
            <positionId>5a4406bc-906b-4d93-bed2-656e2d8318d1</positionId>
            <changeDate>2012-07-05T13:24:46.998+04:00</changeDate>
            <placer>
                <regNum>0863100000001</regNum>
                <fullName>федеральное казенное учреждение здравоохранения "Санаторий "Борок" Министерства внутренних дел Российской Федерации"</fullName>
                <inn>6714003583</inn>
                <kpp>671401001</kpp>
            </placer>
            <initiator>
                <regNum>0863100000001</regNum>
                <fullName>федеральное казенное учреждение здравоохранения "Санаторий "Борок" Министерства внутренних дел Российской Федерации"</fullName>
                <inn>6714003583</inn>
                <kpp>671401001</kpp>
            </initiator>
            <versionNumber>1</versionNumber>
            <main>
                <shortName>ФКУЗ "Санаторий "Борок" МВД России"</shortName>
                <ogrn>1026700668500</ogrn>
                <rbs>
                    <regNum>0173100000062</regNum>
                    <fullName>Министерство внутренних дел Российской Федерации</fullName>
                </rbs>
                <grbs>
                    <regNum>0173100000062</regNum>
                    <fullName>Министерство внутренних дел Российской Федерации</fullName>
                </grbs>
                <orgType>08</orgType>
                <classifier>
                    <okfs>
                        <code>12</code>
                        <name>Федеральная собственность</name>
                    </okfs>
                    <okopf>
                        <code>72</code>
                        <name>Бюджетные учреждения</name>
                    </okopf>
                    <okogu>
                        <code>1310500</code>
                        <name>Министерство внутренних дел Российской Федерации</name>
                    </okogu>
                    <okpo>
                        <code>08735089</code>
                    </okpo>
                    <okato>
                        <code>66244836009</code>
                        <name>ст Катынь</name>
                    </okato>
                    <okved>
                        <code>85.11.2</code>
                        <name>Деятельность санаторно-курортных учреждений</name>
                        <type>C</type>
                    </okved>
                </classifier>
                <address>
                    <zip>214522</zip>
                    <subject>
                        <code>67000000000</code>
                        <name>Смоленская обл</name>
                    </subject>
                    <region>
                        <code>67001000000</code>
                        <name>Смоленский р-н</name>
                    </region>
                    <locality>
                        <code>67001000424</code>
                        <name>Катынь ст</name>
                    </locality>
                </address>
            </main>
            <additional>
                <institutionType>
                    <code>0510041</code>
                    <name>Санаторий</name>
                </institutionType>
                <ppo>
                    <code>00000000000</code>
                    <name>Российская Федерация</name>
                    <okato>
                        <code>00000000000</code>
                        <name>Объекты административно-территориального деления, кроме сельских населенных пунктов</name>
                    </okato>
                </ppo>
                <phone>8-4812-485172</phone>
                <www>http://sanborok.ru</www>
                <section>188</section>
                <oktmo>
                    <code>66644436</code>
                    <name>- Катынское</name>
                </oktmo>
                <activity>
                    <okved>
                        <code>85.11.2</code>
                        <name>Деятельность санаторно-курортных учреждений</name>
                    </okved>
                    <name>лечебно-профилактический</name>
                </activity>
                <eMail>sanborok@mail.ru</eMail>
            </additional>
            <other>
                <chief>
                    <lastName>Болотин</lastName>
                    <firstName>Михаил</firstName>
                    <middleName>Борисович</middleName>
                    <position>начальник</position>
                </chief>
                <founder>
                    <regNum>0173100000062</regNum>
                    <fullName>Министерство внутренних дел Российской Федерации</fullName>
                </founder>
            </other>
            <document>
                <name>ПРИКАЗ_(начальник)</name>
                <date>1999-04-07+04:00</date>
                <url>http://bus.gov.ru/public/download/download.html?id=2953961</url>
                <type>S</type>
            </document>
            <document>
                <name>УСТАВ_(изменения)</name>
                <date>2011-05-31+04:00</date>
                <url>http://bus.gov.ru/public/download/download.html?id=2953965</url>
                <type>F</type>
            </document>
            <document>
                <name>Справка_об_организации_санатория</name>
                <date>1937-05-04+03:00</date>
                <url>http://bus.gov.ru/public/download/download.html?id=2953962</url>
                <type>F</type>
            </document>
            <document>
                <name>УСТАВ_санатория</name>
                <date>2009-06-08+04:00</date>
                <url>http://bus.gov.ru/public/download/download.html?id=2953963</url>
                <type>F</type>
            </document>
            <document>
                <name>свидетельство_о_гос_регистрации</name>
                <date>2011-07-07+04:00</date>
                <url>http://bus.gov.ru/public/download/download.html?id=2953964</url>
                <type>E</type>
            </document>
        </ns2:position>
    

    </ns2:body>
    </ns2:institutionInfo>        
        