<?xml version="1.0" encoding="UTF-8" standalone="yes"?>
<ns2:institutionInfo xsi:schemaLocation="http://bus.gov.ru/public/schema/TFF-0.1.3.1/External.xsd" xmlns="http://bus.gov.ru/types/1" xmlns:ns2="http://bus.gov.ru/external/1" xmlns:xsi="http://www.w3.org/2001/XMLSchema-instance" xmlns:ns3="http://bus.gov.ru/fk/1">
    <ns2:body>                        
	<ns2:position xmlns:ns2="http://bus.gov.ru/external/1" xmlns="http://bus.gov.ru/types/1" xmlns:xsi="http://www.w3.org/2001/XMLSchema-instance" xmlns:ns3="http://bus.gov.ru/fk/1">
            <positionId>b0722d55-b1b5-46f2-98ce-9022cb894449</positionId>
            <changeDate>2012-05-04T16:12:27.164+04:00</changeDate>
            <placer>
                <regNum>0864100000007</regNum>
                <fullName>федеральное казенное учреждение здравоохранения "Медико-санитарная часть Министерства внутренних дел Российской Федерации по Тамбовской области"</fullName>
                <inn>6831011919</inn>
                <kpp>682901001</kpp>
            </placer>
            <initiator>
                <regNum>0864100000007</regNum>
                <fullName>федеральное казенное учреждение здравоохранения "Медико-санитарная часть Министерства внутренних дел Российской Федерации по Тамбовской области"</fullName>
                <inn>6831011919</inn>
                <kpp>682901001</kpp>
            </initiator>
            <versionNumber>3</versionNumber>
            <main>
                <shortName>ФКУЗ "МСЧ МВД России по Тамбовской области"</shortName>
                <ogrn>1026801156799</ogrn>
                <rbs>
                    <regNum>0164100000021</regNum>
                    <fullName>Управление Министерства внутренних дел Российской Федерации по Тамбовской области</fullName>
                </rbs>
                <grbs>
                    <regNum>0173100000054</regNum>
                    <fullName>Министерство внутренних дел Российской Федерации</fullName>
                </grbs>
                <orgType>08</orgType>
                <classifier>
                    <okfs>
                        <code>12</code>
                        <name>Федеральная собственность</name>
                    </okfs>
                    <okopf>
                        <code>72</code>
                        <name>Бюджетные учреждения</name>
                    </okopf>
                    <okogu>
                        <code>1310500</code>
                        <name>Министерство внутренних дел Российской Федерации</name>
                    </okogu>
                    <okpo>
                        <code>08585520</code>
                    </okpo>
                    <okato>
                        <code>68401000000</code>
                        <name>Тамбов</name>
                    </okato>
                    <okved>
                        <code>85.14.2</code>
                        <name>Деятельность вспомогательного стоматологического персонала</name>
                        <type>O</type>
                    </okved>
                    <okved>
                        <code>85.13</code>
                        <name>Стоматологическая практика</name>
                        <type>O</type>
                    </okved>
                    <okved>
                        <code>24.42.1</code>
                        <name>Производство медикаментов</name>
                        <type>O</type>
                    </okved>
                    <okved>
                        <code>85.14.5</code>
                        <name>Деятельность учреждений санитарно-эпидемиологической службы</name>
                        <type>O</type>
                    </okved>
                    <okved>
                        <code>85.14.3</code>
                        <name>Деятельность медицинских лабораторий</name>
                        <type>O</type>
                    </okved>
                    <okved>
                        <code>85.32</code>
                        <name>Предоставление социальных услуг без обеспечения проживания</name>
                        <type>O</type>
                    </okved>
                    <okved>
                        <code>85.11.1</code>
                        <name>Деятельность больничных учреждений широкого профиля и специализированных</name>
                        <type>O</type>
                    </okved>
                    <okved>
                        <code>52.32</code>
                        <name>Розничная торговля медицинскими товарами и ортопедическими изделиями</name>
                        <type>O</type>
                    </okved>
                    <okved>
                        <code>85.14.1</code>
                        <name>Деятельность среднего медицинского персонала</name>
                        <type>O</type>
                    </okved>
                    <okved>
                        <code>52.31</code>
                        <name>Розничная торговля фармацевтическими товарами</name>
                        <type>O</type>
                    </okved>
                    <okved>
                        <code>85.12</code>
                        <name>Врачебная практика</name>
                        <type>C</type>
                    </okved>
                </classifier>
                <address>
                    <zip>392002</zip>
                    <subject>
                        <code>68000000000</code>
                        <name>Тамбовская обл</name>
                    </subject>
                    <city>
                        <code>68000004000</code>
                        <name>Тамбов г</name>
                    </city>
                    <street>
                        <name>Фридриха Энгельса ул</name>
                    </street>
                    <building>39а</building>
                </address>
            </main>
            <additional>
                <institutionType>
                    <code>0509000</code>
                    <name>Медико-санитарная часть, в том числе центральная</name>
                </institutionType>
                <ppo>
                    <code>00000000000</code>
                    <name>Российская Федерация</name>
                    <okato>
                        <code>00000000000</code>
                        <name>Объекты административно-территориального деления, кроме сельских населенных пунктов</name>
                    </okato>
                </ppo>
                <phone>7-4752-725181-727119</phone>
                <www>http://www.meduvd68.ru/</www>
                <section>188</section>
                <oktmo>
                    <code>68701000</code>
                    <name>- город Тамбов</name>
                </oktmo>
                <activity>
                    <okved>
                        <code>85.14.2</code>
                        <name>Деятельность вспомогательного стоматологического персонала</name>
                    </okved>
                    <name>Деятельность вспомогательного стоматологического персонала</name>
                </activity>
                <activity>
                    <okved>
                        <code>85.13</code>
                        <name>Стоматологическая практика</name>
                    </okved>
                    <name>Стоматологическая практика</name>
                </activity>
                <activity>
                    <okved>
                        <code>24.42.1</code>
                        <name>Производство медикаментов</name>
                    </okved>
                    <name>Производство медикаментов</name>
                </activity>
                <activity>
                    <okved>
                        <code>85.14.5</code>
                        <name>Деятельность учреждений санитарно-эпидемиологической службы</name>
                    </okved>
                    <name>Деятельность учреждений санитарно-эпидемиологической службы</name>
                </activity>
                <activity>
                    <okved>
                        <code>85.14.3</code>
                        <name>Деятельность медицинских лабораторий</name>
                    </okved>
                    <name>Деятельность медицинских лабораторий</name>
                </activity>
                <activity>
                    <okved>
                        <code>85.32</code>
                        <name>Предоставление социальных услуг без обеспечения проживания</name>
                    </okved>
                    <name>Предоставление социальных услуг без обеспечения проживания</name>
                </activity>
                <activity>
                    <okved>
                        <code>85.11.1</code>
                        <name>Деятельность больничных учреждений широкого профиля и специализированных</name>
                    </okved>
                    <name>Деятельность больничных учреждений широкого профиля и специализированных</name>
                </activity>
                <activity>
                    <okved>
                        <code>52.32</code>
                        <name>Розничная торговля медицинскими товарами и ортопедическими изделиями</name>
                    </okved>
                    <name>Розничная торговля медицинскими товарами и ортопедическими изделиями</name>
                </activity>
                <activity>
                    <okved>
                        <code>85.14.1</code>
                        <name>Деятельность среднего медицинского персонала</name>
                    </okved>
                    <name>Деятельность среднего медицинского персонала</name>
                </activity>
                <activity>
                    <okved>
                        <code>52.31</code>
                        <name>Розничная торговля фармацевтическими товарами</name>
                    </okved>
                    <name>Розничная торговля фармацевтическими товарами</name>
                </activity>
                <activity>
                    <okved>
                        <code>85.12</code>
                        <name>Врачебная практика</name>
                    </okved>
                    <name>Врачебная практика</name>
                </activity>
                <eMail>feo_nk@mail.ru</eMail>
            </additional>
            <other>
                <chief>
                    <lastName>Попова</lastName>
                    <firstName>Валентина</firstName>
                    <middleName>Николаевна</middleName>
                    <position>Начальник</position>
                </chief>
                <founder>
                    <regNum>0173100000062</regNum>
                    <fullName>Управление внутренних дел по Тамбовской области</fullName>
                </founder>
            </other>
            <document>
                <name>Св-во о постановке на учет</name>
                <date>1994-11-30+03:00</date>
                <url>http://bus.gov.ru/public/download/download.html?id=3096281</url>
                <type>E</type>
            </document>
            <document>
                <name>Устав</name>
                <date>2011-05-31+04:00</date>
                <url>http://bus.gov.ru/public/download/download.html?id=3096282</url>
                <type>F</type>
            </document>
            <document>
                <name>Свидетельство о рег. права</name>
                <date>2006-06-14+04:00</date>
                <url>http://bus.gov.ru/public/download/download.html?id=3096283</url>
                <type>E</type>
            </document>
            <document>
                <name>Свидетельство о рег. права</name>
                <date>2007-02-15+03:00</date>
                <url>http://bus.gov.ru/public/download/download.html?id=3096284</url>
                <type>E</type>
            </document>
            <document>
                <name>Приказ о назначении руководителя</name>
                <date>2006-10-17+04:00</date>
                <url>http://bus.gov.ru/public/download/download.html?id=3096285</url>
                <type>S</type>
            </document>
        </ns2:position>
    
<ns2:position xmlns:ns2="http://bus.gov.ru/external/1" xmlns="http://bus.gov.ru/types/1" xmlns:xsi="http://www.w3.org/2001/XMLSchema-instance" xmlns:ns3="http://bus.gov.ru/fk/1">
            <positionId>82e80b87-e989-4e5a-94b8-2867020c0f5e</positionId>
            <changeDate>2012-10-01T10:41:36.172+04:00</changeDate>
            <placer>
                <regNum>0895100000303</regNum>
                <fullName>федеральное казенное учреждение "Центр хозяйственного и сервисного обеспечения Управления Министерства внутренних дел Российской Федерации по Тамбовской области"</fullName>
                <inn>6829084719</inn>
                <kpp>682901001</kpp>
            </placer>
            <initiator>
                <regNum>0895100000303</regNum>
                <fullName>федеральное казенное учреждение "Центр хозяйственного и сервисного обеспечения Управления Министерства внутренних дел Российской Федерации по Тамбовской области"</fullName>
                <inn>6829084719</inn>
                <kpp>682901001</kpp>
            </initiator>
            <versionNumber>0</versionNumber>
            <main>
                <shortName>ФКУ "ЦХиСО УМВД России по Тамбовской области"</shortName>
                <ogrn>1126829005786</ogrn>
                <rbs>
                    <regNum>0164100000021</regNum>
                    <fullName>Управление Министерства внутренних дел Российской Федерации по Тамбовской области</fullName>
                </rbs>
                <grbs>
                    <regNum>0173100000062</regNum>
                    <fullName>Министерство внутренних дел Российской Федерации</fullName>
                </grbs>
                <orgType>08</orgType>
                <classifier>
                    <okfs>
                        <code>12</code>
                        <name>Федеральная собственность</name>
                    </okfs>
                    <okopf>
                        <code>74</code>
                        <name>Казенные учреждения</name>
                    </okopf>
                    <okogu>
                        <code>1310500</code>
                        <name>Министерство внутренних дел Российской Федерации</name>
                    </okogu>
                    <okpo>
                        <code>08683895</code>
                    </okpo>
                    <okato>
                        <code>68401000000</code>
                        <name>Тамбов</name>
                    </okato>
                    <okved>
                        <code>60.23</code>
                        <name>Деятельность прочего сухопутного пассажирского транспорта</name>
                        <type>O</type>
                    </okved>
                    <okved>
                        <code>40.1</code>
                        <name>Производство, передача и распределение электроэнергии</name>
                        <type>O</type>
                    </okved>
                    <okved>
                        <code>93.05</code>
                        <name>Предоставление прочих персональных услуг</name>
                        <type>O</type>
                    </okved>
                    <okved>
                        <code>51.5</code>
                        <name>Оптовая торговля несельскохозяйственными промежуточными продуктами, отходами и ломом</name>
                        <type>O</type>
                    </okved>
                    <okved>
                        <code>55.1</code>
                        <name>Деятельность гостиниц</name>
                        <type>O</type>
                    </okved>
                    <okved>
                        <code>75.25.1</code>
                        <name>Деятельность по обеспечению пожарной безопасности</name>
                        <type>O</type>
                    </okved>
                    <okved>
                        <code>60.24</code>
                        <name>Деятельность автомобильного грузового транспорта</name>
                        <type>O</type>
                    </okved>
                    <okved>
                        <code>18.1</code>
                        <name>Производство одежды из кожи</name>
                        <type>O</type>
                    </okved>
                    <okved>
                        <code>85.2</code>
                        <name>Ветеринарная деятельность</name>
                        <type>O</type>
                    </okved>
                    <okved>
                        <code>45.5</code>
                        <name>Аренда строительных машин и оборудования с оператором</name>
                        <type>O</type>
                    </okved>
                    <okved>
                        <code>72.5</code>
                        <name>Техническое обслуживание и ремонт офисных машин и вычислительной техники</name>
                        <type>O</type>
                    </okved>
                    <okved>
                        <code>55.5</code>
                        <name>Деятельность столовых при предприятиях и учреждениях и поставка продукции общественного питания</name>
                        <type>O</type>
                    </okved>
                    <okved>
                        <code>60.2</code>
                        <name>Деятельность прочего сухопутного транспорта</name>
                        <type>O</type>
                    </okved>
                    <okved>
                        <code>75.24.1</code>
                        <name>Деятельность органов внутренних дел</name>
                        <type>C</type>
                    </okved>
                    <okved>
                        <code>90.0</code>
                        <name>Сбор сточных вод, отходов и аналогичная деятельность</name>
                        <type>O</type>
                    </okved>
                    <okved>
                        <code>22.2</code>
                        <name>Полиграфическая деятельность и предоставление услуг в этой области</name>
                        <type>O</type>
                    </okved>
                    <okved>
                        <code>41.0</code>
                        <name>Сбор, очистка и распределение воды</name>
                        <type>O</type>
                    </okved>
                    <okved>
                        <code>92.2</code>
                        <name>Деятельность в области радиовещания и телевидения</name>
                        <type>O</type>
                    </okved>
                    <okved>
                        <code>70.2</code>
                        <name>Сдача внаем собственного недвижимого имущества</name>
                        <type>O</type>
                    </okved>
                    <okved>
                        <code>29.6</code>
                        <name>Производство оружия и боеприпасов</name>
                        <type>O</type>
                    </okved>
                    <okved>
                        <code>18.2</code>
                        <name>Производство одежды из текстильных материалов и аксессуаров одежды</name>
                        <type>O</type>
                    </okved>
                    <okved>
                        <code>93.03</code>
                        <name>Организация похорон и предоставление связанных с ними услуг</name>
                        <type>O</type>
                    </okved>
                    <okved>
                        <code>45.4</code>
                        <name>Производство отделочных работ</name>
                        <type>O</type>
                    </okved>
                    <okved>
                        <code>55.2</code>
                        <name>Деятельность прочих мест для временного проживания</name>
                        <type>O</type>
                    </okved>
                    <okved>
                        <code>72.6</code>
                        <name>Прочая деятельность, связанная с использованием вычислительной техники и информационных технологий</name>
                        <type>O</type>
                    </okved>
                    <okved>
                        <code>63.1</code>
                        <name>Транспортная обработка грузов и хранение</name>
                        <type>O</type>
                    </okved>
                    <okved>
                        <code>92.5</code>
                        <name>Прочая деятельность в области культуры</name>
                        <type>O</type>
                    </okved>
                    <okved>
                        <code>40.3</code>
                        <name>Производство, передача и распределение пара и горячей воды (тепловой энергии)</name>
                        <type>O</type>
                    </okved>
                </classifier>
                <address>
                    <zip>392002</zip>
                    <subject>
                        <code>68000000000</code>
                        <name>Тамбовская обл</name>
                    </subject>
                    <city>
                        <code>68000004000</code>
                        <name>Тамбов г</name>
                    </city>
                    <street>
                        <code>680000040000493</code>
                        <name>Фридриха Энгельса ул</name>
                    </street>
                    <building>31</building>
                </address>
            </main>
            <additional>
                <institutionType>
                    <code>9900000</code>
                    <name>Прочие</name>
                </institutionType>
                <ppo>
                    <code>00000000000</code>
                    <name>Российская Федерация</name>
                    <okato>
                        <code>00000000000</code>
                        <name>Объекты административно-территориального деления, кроме сельских населенных пунктов</name>
                    </okato>
                    <oktmo>
                        <code>68701000</code>
                        <name>Город Тамбов</name>
                    </oktmo>
                </ppo>
                <phone>7-4752-799025</phone>
                <section>188</section>
                <oktmo>
                    <code>68701000</code>
                    <name>Город Тамбов</name>
                </oktmo>
                <activity>
                    <okved>
                        <code>60.23</code>
                        <name>Деятельность прочего сухопутного пассажирского транспорта</name>
                    </okved>
                    <name>Национальная оборона </name>
                </activity>
                <activity>
                    <okved>
                        <code>40.1</code>
                        <name>Производство, передача и распределение электроэнергии</name>
                    </okved>
                    <name>Национальная оборона</name>
                </activity>
                <activity>
                    <okved>
                        <code>93.05</code>
                        <name>Предоставление прочих персональных услуг</name>
                    </okved>
                    <name>Национальная оборона</name>
                </activity>
                <activity>
                    <okved>
                        <code>51.5</code>
                        <name>Оптовая торговля несельскохозяйственными промежуточными продуктами, отходами и ломом</name>
                    </okved>
                    <name>Национальная оборона</name>
                </activity>
                <activity>
                    <okved>
                        <code>55.1</code>
                        <name>Деятельность гостиниц</name>
                    </okved>
                    <name>Национальная оборона</name>
                </activity>
                <activity>
                    <okved>
                        <code>75.25.1</code>
                        <name>Деятельность по обеспечению пожарной безопасности</name>
                    </okved>
                    <name>Национальная оборона</name>
                </activity>
                <activity>
                    <okved>
                        <code>60.24</code>
                        <name>Деятельность автомобильного грузового транспорта</name>
                    </okved>
                    <name>Национальная оборона</name>
                </activity>
                <activity>
                    <okved>
                        <code>18.1</code>
                        <name>Производство одежды из кожи</name>
                    </okved>
                    <name>Национальная оборона</name>
                </activity>
                <activity>
                    <okved>
                        <code>85.2</code>
                        <name>Ветеринарная деятельность</name>
                    </okved>
                    <name>Национальная оборона</name>
                </activity>
                <activity>
                    <okved>
                        <code>45.5</code>
                        <name>Аренда строительных машин и оборудования с оператором</name>
                    </okved>
                    <name>Национальная оборона</name>
                </activity>
                <activity>
                    <okved>
                        <code>72.5</code>
                        <name>Техническое обслуживание и ремонт офисных машин и вычислительной техники</name>
                    </okved>
                    <name>Национальная оборона</name>
                </activity>
                <activity>
                    <okved>
                        <code>55.5</code>
                        <name>Деятельность столовых при предприятиях и учреждениях и поставка продукции общественного питания</name>
                    </okved>
                    <name>Национальная оборона</name>
                </activity>
                <activity>
                    <okved>
                        <code>60.2</code>
                        <name>Деятельность прочего сухопутного транспорта</name>
                    </okved>
                    <name>Национальная оборона</name>
                </activity>
                <activity>
                    <okved>
                        <code>75.24.1</code>
                        <name>Деятельность органов внутренних дел</name>
                    </okved>
                    <name>Национальная оборона</name>
                </activity>
                <activity>
                    <okved>
                        <code>90.0</code>
                        <name>Сбор сточных вод, отходов и аналогичная деятельность</name>
                    </okved>
                    <name>Национальная оборона</name>
                </activity>
                <activity>
                    <okved>
                        <code>22.2</code>
                        <name>Полиграфическая деятельность и предоставление услуг в этой области</name>
                    </okved>
                    <name>Национальная оборона</name>
                </activity>
                <activity>
                    <okved>
                        <code>41.0</code>
                        <name>Сбор, очистка и распределение воды</name>
                    </okved>
                    <name>Национальная оборона</name>
                </activity>
                <activity>
                    <okved>
                        <code>92.2</code>
                        <name>Деятельность в области радиовещания и телевидения</name>
                    </okved>
                    <name>Национальная оборона</name>
                </activity>
                <activity>
                    <okved>
                        <code>70.2</code>
                        <name>Сдача внаем собственного недвижимого имущества</name>
                    </okved>
                    <name>Национальная оборона</name>
                </activity>
                <activity>
                    <okved>
                        <code>29.6</code>
                        <name>Производство оружия и боеприпасов</name>
                    </okved>
                    <name>Национальная оборона</name>
                </activity>
                <activity>
                    <okved>
                        <code>18.2</code>
                        <name>Производство одежды из текстильных материалов и аксессуаров одежды</name>
                    </okved>
                    <name>Национальная оборона</name>
                </activity>
                <activity>
                    <okved>
                        <code>93.03</code>
                        <name>Организация похорон и предоставление связанных с ними услуг</name>
                    </okved>
                    <name>Национальная оборона</name>
                </activity>
                <activity>
                    <okved>
                        <code>45.4</code>
                        <name>Производство отделочных работ</name>
                    </okved>
                    <name>Национальная оборона</name>
                </activity>
                <activity>
                    <okved>
                        <code>55.2</code>
                        <name>Деятельность прочих мест для временного проживания</name>
                    </okved>
                    <name>Национальная оборона</name>
                </activity>
                <activity>
                    <okved>
                        <code>72.6</code>
                        <name>Прочая деятельность, связанная с использованием вычислительной техники и информационных технологий</name>
                    </okved>
                    <name>Национальная оборона</name>
                </activity>
                <activity>
                    <okved>
                        <code>63.1</code>
                        <name>Транспортная обработка грузов и хранение</name>
                    </okved>
                    <name>Национальная оборона</name>
                </activity>
                <activity>
                    <okved>
                        <code>92.5</code>
                        <name>Прочая деятельность в области культуры</name>
                    </okved>
                    <name>Национальная оборона</name>
                </activity>
                <activity>
                    <okved>
                        <code>40.3</code>
                        <name>Производство, передача и распределение пара и горячей воды (тепловой энергии)</name>
                    </okved>
                    <name>Национальная оборона</name>
                </activity>
                <eMail>fku.tmb@yandex.ru</eMail>
            </additional>
            <other>
                <chief>
                    <lastName>Ланин</lastName>
                    <firstName>Владимир </firstName>
                    <middleName>Валентинович</middleName>
                    <position>Начальник</position>
                </chief>
                <founder>
                    <regNum>0173100000062</regNum>
                    <fullName>Министерство внутренних дел Российской Федерации</fullName>
                </founder>
            </other>
            <document>
                <name>Приказ учредителя о наначении руководителя</name>
                <date>2012-07-02+04:00</date>
                <url>http://bus.gov.ru/public/download/download.html?id=5513200</url>
                <type>S</type>
            </document>
            <document>
                <name>Свидетельство о постановке на учёт</name>
                <date>2012-07-27+04:00</date>
                <url>http://bus.gov.ru/public/download/download.html?id=5513339</url>
            </document>
            <document>
                <name>Устав</name>
                <date>2012-03-30+04:00</date>
                <url>http://bus.gov.ru/public/download/download.html?id=5513122</url>
                <type>F</type>
            </document>
            <document>
                <name>Свидетельство</name>
                <date>2012-07-27+04:00</date>
                <url>http://bus.gov.ru/public/download/download.html?id=5513148</url>
                <type>E</type>
            </document>
        </ns2:position>
    
<ns2:position xmlns:ns2="http://bus.gov.ru/external/1" xmlns="http://bus.gov.ru/types/1" xmlns:xsi="http://www.w3.org/2001/XMLSchema-instance" xmlns:ns3="http://bus.gov.ru/fk/1">
            <positionId>b0722d55-b1b5-46f2-98ce-9022cb894449</positionId>
            <changeDate>2012-05-04T16:12:27.164+04:00</changeDate>
            <placer>
                <regNum>0864100000007</regNum>
                <fullName>федеральное казенное учреждение здравоохранения "Медико-санитарная часть Министерства внутренних дел Российской Федерации по Тамбовской области"</fullName>
                <inn>6831011919</inn>
                <kpp>682901001</kpp>
            </placer>
            <initiator>
                <regNum>0864100000007</regNum>
                <fullName>федеральное казенное учреждение здравоохранения "Медико-санитарная часть Министерства внутренних дел Российской Федерации по Тамбовской области"</fullName>
                <inn>6831011919</inn>
                <kpp>682901001</kpp>
            </initiator>
            <versionNumber>3</versionNumber>
            <main>
                <shortName>ФКУЗ "МСЧ МВД России по Тамбовской области"</shortName>
                <ogrn>1026801156799</ogrn>
                <rbs>
                    <regNum>0164100000021</regNum>
                    <fullName>Управление Министерства внутренних дел Российской Федерации по Тамбовской области</fullName>
                </rbs>
                <grbs>
                    <regNum>0173100000054</regNum>
                    <fullName>Министерство внутренних дел Российской Федерации</fullName>
                </grbs>
                <orgType>08</orgType>
                <classifier>
                    <okfs>
                        <code>12</code>
                        <name>Федеральная собственность</name>
                    </okfs>
                    <okopf>
                        <code>72</code>
                        <name>Бюджетные учреждения</name>
                    </okopf>
                    <okogu>
                        <code>1310500</code>
                        <name>Министерство внутренних дел Российской Федерации</name>
                    </okogu>
                    <okpo>
                        <code>08585520</code>
                    </okpo>
                    <okato>
                        <code>68401000000</code>
                        <name>Тамбов</name>
                    </okato>
                    <okved>
                        <code>85.14.2</code>
                        <name>Деятельность вспомогательного стоматологического персонала</name>
                        <type>O</type>
                    </okved>
                    <okved>
                        <code>85.13</code>
                        <name>Стоматологическая практика</name>
                        <type>O</type>
                    </okved>
                    <okved>
                        <code>24.42.1</code>
                        <name>Производство медикаментов</name>
                        <type>O</type>
                    </okved>
                    <okved>
                        <code>85.14.5</code>
                        <name>Деятельность учреждений санитарно-эпидемиологической службы</name>
                        <type>O</type>
                    </okved>
                    <okved>
                        <code>85.14.3</code>
                        <name>Деятельность медицинских лабораторий</name>
                        <type>O</type>
                    </okved>
                    <okved>
                        <code>85.32</code>
                        <name>Предоставление социальных услуг без обеспечения проживания</name>
                        <type>O</type>
                    </okved>
                    <okved>
                        <code>85.11.1</code>
                        <name>Деятельность больничных учреждений широкого профиля и специализированных</name>
                        <type>O</type>
                    </okved>
                    <okved>
                        <code>52.32</code>
                        <name>Розничная торговля медицинскими товарами и ортопедическими изделиями</name>
                        <type>O</type>
                    </okved>
                    <okved>
                        <code>85.14.1</code>
                        <name>Деятельность среднего медицинского персонала</name>
                        <type>O</type>
                    </okved>
                    <okved>
                        <code>52.31</code>
                        <name>Розничная торговля фармацевтическими товарами</name>
                        <type>O</type>
                    </okved>
                    <okved>
                        <code>85.12</code>
                        <name>Врачебная практика</name>
                        <type>C</type>
                    </okved>
                </classifier>
                <address>
                    <zip>392002</zip>
                    <subject>
                        <code>68000000000</code>
                        <name>Тамбовская обл</name>
                    </subject>
                    <city>
                        <code>68000004000</code>
                        <name>Тамбов г</name>
                    </city>
                    <street>
                        <name>Фридриха Энгельса ул</name>
                    </street>
                    <building>39а</building>
                </address>
            </main>
            <additional>
                <institutionType>
                    <code>0509000</code>
                    <name>Медико-санитарная часть, в том числе центральная</name>
                </institutionType>
                <ppo>
                    <code>00000000000</code>
                    <name>Российская Федерация</name>
                    <okato>
                        <code>00000000000</code>
                        <name>Объекты административно-территориального деления, кроме сельских населенных пунктов</name>
                    </okato>
                </ppo>
                <phone>7-4752-725181-727119</phone>
                <www>http://www.meduvd68.ru/</www>
                <section>188</section>
                <oktmo>
                    <code>68701000</code>
                    <name>- город Тамбов</name>
                </oktmo>
                <activity>
                    <okved>
                        <code>85.14.2</code>
                        <name>Деятельность вспомогательного стоматологического персонала</name>
                    </okved>
                    <name>Деятельность вспомогательного стоматологического персонала</name>
                </activity>
                <activity>
                    <okved>
                        <code>85.13</code>
                        <name>Стоматологическая практика</name>
                    </okved>
                    <name>Стоматологическая практика</name>
                </activity>
                <activity>
                    <okved>
                        <code>24.42.1</code>
                        <name>Производство медикаментов</name>
                    </okved>
                    <name>Производство медикаментов</name>
                </activity>
                <activity>
                    <okved>
                        <code>85.14.5</code>
                        <name>Деятельность учреждений санитарно-эпидемиологической службы</name>
                    </okved>
                    <name>Деятельность учреждений санитарно-эпидемиологической службы</name>
                </activity>
                <activity>
                    <okved>
                        <code>85.14.3</code>
                        <name>Деятельность медицинских лабораторий</name>
                    </okved>
                    <name>Деятельность медицинских лабораторий</name>
                </activity>
                <activity>
                    <okved>
                        <code>85.32</code>
                        <name>Предоставление социальных услуг без обеспечения проживания</name>
                    </okved>
                    <name>Предоставление социальных услуг без обеспечения проживания</name>
                </activity>
                <activity>
                    <okved>
                        <code>85.11.1</code>
                        <name>Деятельность больничных учреждений широкого профиля и специализированных</name>
                    </okved>
                    <name>Деятельность больничных учреждений широкого профиля и специализированных</name>
                </activity>
                <activity>
                    <okved>
                        <code>52.32</code>
                        <name>Розничная торговля медицинскими товарами и ортопедическими изделиями</name>
                    </okved>
                    <name>Розничная торговля медицинскими товарами и ортопедическими изделиями</name>
                </activity>
                <activity>
                    <okved>
                        <code>85.14.1</code>
                        <name>Деятельность среднего медицинского персонала</name>
                    </okved>
                    <name>Деятельность среднего медицинского персонала</name>
                </activity>
                <activity>
                    <okved>
                        <code>52.31</code>
                        <name>Розничная торговля фармацевтическими товарами</name>
                    </okved>
                    <name>Розничная торговля фармацевтическими товарами</name>
                </activity>
                <activity>
                    <okved>
                        <code>85.12</code>
                        <name>Врачебная практика</name>
                    </okved>
                    <name>Врачебная практика</name>
                </activity>
                <eMail>feo_nk@mail.ru</eMail>
            </additional>
            <other>
                <chief>
                    <lastName>Попова</lastName>
                    <firstName>Валентина</firstName>
                    <middleName>Николаевна</middleName>
                    <position>Начальник</position>
                </chief>
                <founder>
                    <regNum>0173100000062</regNum>
                    <fullName>Управление внутренних дел по Тамбовской области</fullName>
                </founder>
            </other>
            <document>
                <name>Св-во о постановке на учет</name>
                <date>1994-11-30+03:00</date>
                <url>http://bus.gov.ru/public/download/download.html?id=3096281</url>
                <type>E</type>
            </document>
            <document>
                <name>Устав</name>
                <date>2011-05-31+04:00</date>
                <url>http://bus.gov.ru/public/download/download.html?id=3096282</url>
                <type>F</type>
            </document>
            <document>
                <name>Свидетельство о рег. права</name>
                <date>2006-06-14+04:00</date>
                <url>http://bus.gov.ru/public/download/download.html?id=3096283</url>
                <type>E</type>
            </document>
            <document>
                <name>Свидетельство о рег. права</name>
                <date>2007-02-15+03:00</date>
                <url>http://bus.gov.ru/public/download/download.html?id=3096284</url>
                <type>E</type>
            </document>
            <document>
                <name>Приказ о назначении руководителя</name>
                <date>2006-10-17+04:00</date>
                <url>http://bus.gov.ru/public/download/download.html?id=3096285</url>
                <type>S</type>
            </document>
        </ns2:position>
    
<ns2:position xmlns:ns2="http://bus.gov.ru/external/1" xmlns="http://bus.gov.ru/types/1" xmlns:xsi="http://www.w3.org/2001/XMLSchema-instance" xmlns:ns3="http://bus.gov.ru/fk/1">
            <positionId>82e80b87-e989-4e5a-94b8-2867020c0f5e</positionId>
            <changeDate>2012-10-01T10:41:36.172+04:00</changeDate>
            <placer>
                <regNum>0895100000303</regNum>
                <fullName>федеральное казенное учреждение "Центр хозяйственного и сервисного обеспечения Управления Министерства внутренних дел Российской Федерации по Тамбовской области"</fullName>
                <inn>6829084719</inn>
                <kpp>682901001</kpp>
            </placer>
            <initiator>
                <regNum>0895100000303</regNum>
                <fullName>федеральное казенное учреждение "Центр хозяйственного и сервисного обеспечения Управления Министерства внутренних дел Российской Федерации по Тамбовской области"</fullName>
                <inn>6829084719</inn>
                <kpp>682901001</kpp>
            </initiator>
            <versionNumber>0</versionNumber>
            <main>
                <shortName>ФКУ "ЦХиСО УМВД России по Тамбовской области"</shortName>
                <ogrn>1126829005786</ogrn>
                <rbs>
                    <regNum>0164100000021</regNum>
                    <fullName>Управление Министерства внутренних дел Российской Федерации по Тамбовской области</fullName>
                </rbs>
                <grbs>
                    <regNum>0173100000062</regNum>
                    <fullName>Министерство внутренних дел Российской Федерации</fullName>
                </grbs>
                <orgType>08</orgType>
                <classifier>
                    <okfs>
                        <code>12</code>
                        <name>Федеральная собственность</name>
                    </okfs>
                    <okopf>
                        <code>74</code>
                        <name>Казенные учреждения</name>
                    </okopf>
                    <okogu>
                        <code>1310500</code>
                        <name>Министерство внутренних дел Российской Федерации</name>
                    </okogu>
                    <okpo>
                        <code>08683895</code>
                    </okpo>
                    <okato>
                        <code>68401000000</code>
                        <name>Тамбов</name>
                    </okato>
                    <okved>
                        <code>60.23</code>
                        <name>Деятельность прочего сухопутного пассажирского транспорта</name>
                        <type>O</type>
                    </okved>
                    <okved>
                        <code>40.1</code>
                        <name>Производство, передача и распределение электроэнергии</name>
                        <type>O</type>
                    </okved>
                    <okved>
                        <code>93.05</code>
                        <name>Предоставление прочих персональных услуг</name>
                        <type>O</type>
                    </okved>
                    <okved>
                        <code>51.5</code>
                        <name>Оптовая торговля несельскохозяйственными промежуточными продуктами, отходами и ломом</name>
                        <type>O</type>
                    </okved>
                    <okved>
                        <code>55.1</code>
                        <name>Деятельность гостиниц</name>
                        <type>O</type>
                    </okved>
                    <okved>
                        <code>75.25.1</code>
                        <name>Деятельность по обеспечению пожарной безопасности</name>
                        <type>O</type>
                    </okved>
                    <okved>
                        <code>60.24</code>
                        <name>Деятельность автомобильного грузового транспорта</name>
                        <type>O</type>
                    </okved>
                    <okved>
                        <code>18.1</code>
                        <name>Производство одежды из кожи</name>
                        <type>O</type>
                    </okved>
                    <okved>
                        <code>85.2</code>
                        <name>Ветеринарная деятельность</name>
                        <type>O</type>
                    </okved>
                    <okved>
                        <code>45.5</code>
                        <name>Аренда строительных машин и оборудования с оператором</name>
                        <type>O</type>
                    </okved>
                    <okved>
                        <code>72.5</code>
                        <name>Техническое обслуживание и ремонт офисных машин и вычислительной техники</name>
                        <type>O</type>
                    </okved>
                    <okved>
                        <code>55.5</code>
                        <name>Деятельность столовых при предприятиях и учреждениях и поставка продукции общественного питания</name>
                        <type>O</type>
                    </okved>
                    <okved>
                        <code>60.2</code>
                        <name>Деятельность прочего сухопутного транспорта</name>
                        <type>O</type>
                    </okved>
                    <okved>
                        <code>75.24.1</code>
                        <name>Деятельность органов внутренних дел</name>
                        <type>C</type>
                    </okved>
                    <okved>
                        <code>90.0</code>
                        <name>Сбор сточных вод, отходов и аналогичная деятельность</name>
                        <type>O</type>
                    </okved>
                    <okved>
                        <code>22.2</code>
                        <name>Полиграфическая деятельность и предоставление услуг в этой области</name>
                        <type>O</type>
                    </okved>
                    <okved>
                        <code>41.0</code>
                        <name>Сбор, очистка и распределение воды</name>
                        <type>O</type>
                    </okved>
                    <okved>
                        <code>92.2</code>
                        <name>Деятельность в области радиовещания и телевидения</name>
                        <type>O</type>
                    </okved>
                    <okved>
                        <code>70.2</code>
                        <name>Сдача внаем собственного недвижимого имущества</name>
                        <type>O</type>
                    </okved>
                    <okved>
                        <code>29.6</code>
                        <name>Производство оружия и боеприпасов</name>
                        <type>O</type>
                    </okved>
                    <okved>
                        <code>18.2</code>
                        <name>Производство одежды из текстильных материалов и аксессуаров одежды</name>
                        <type>O</type>
                    </okved>
                    <okved>
                        <code>93.03</code>
                        <name>Организация похорон и предоставление связанных с ними услуг</name>
                        <type>O</type>
                    </okved>
                    <okved>
                        <code>45.4</code>
                        <name>Производство отделочных работ</name>
                        <type>O</type>
                    </okved>
                    <okved>
                        <code>55.2</code>
                        <name>Деятельность прочих мест для временного проживания</name>
                        <type>O</type>
                    </okved>
                    <okved>
                        <code>72.6</code>
                        <name>Прочая деятельность, связанная с использованием вычислительной техники и информационных технологий</name>
                        <type>O</type>
                    </okved>
                    <okved>
                        <code>63.1</code>
                        <name>Транспортная обработка грузов и хранение</name>
                        <type>O</type>
                    </okved>
                    <okved>
                        <code>92.5</code>
                        <name>Прочая деятельность в области культуры</name>
                        <type>O</type>
                    </okved>
                    <okved>
                        <code>40.3</code>
                        <name>Производство, передача и распределение пара и горячей воды (тепловой энергии)</name>
                        <type>O</type>
                    </okved>
                </classifier>
                <address>
                    <zip>392002</zip>
                    <subject>
                        <code>68000000000</code>
                        <name>Тамбовская обл</name>
                    </subject>
                    <city>
                        <code>68000004000</code>
                        <name>Тамбов г</name>
                    </city>
                    <street>
                        <code>680000040000493</code>
                        <name>Фридриха Энгельса ул</name>
                    </street>
                    <building>31</building>
                </address>
            </main>
            <additional>
                <institutionType>
                    <code>9900000</code>
                    <name>Прочие</name>
                </institutionType>
                <ppo>
                    <code>00000000000</code>
                    <name>Российская Федерация</name>
                    <okato>
                        <code>00000000000</code>
                        <name>Объекты административно-территориального деления, кроме сельских населенных пунктов</name>
                    </okato>
                    <oktmo>
                        <code>68701000</code>
                        <name>Город Тамбов</name>
                    </oktmo>
                </ppo>
                <phone>7-4752-799025</phone>
                <section>188</section>
                <oktmo>
                    <code>68701000</code>
                    <name>Город Тамбов</name>
                </oktmo>
                <activity>
                    <okved>
                        <code>60.23</code>
                        <name>Деятельность прочего сухопутного пассажирского транспорта</name>
                    </okved>
                    <name>Национальная оборона </name>
                </activity>
                <activity>
                    <okved>
                        <code>40.1</code>
                        <name>Производство, передача и распределение электроэнергии</name>
                    </okved>
                    <name>Национальная оборона</name>
                </activity>
                <activity>
                    <okved>
                        <code>93.05</code>
                        <name>Предоставление прочих персональных услуг</name>
                    </okved>
                    <name>Национальная оборона</name>
                </activity>
                <activity>
                    <okved>
                        <code>51.5</code>
                        <name>Оптовая торговля несельскохозяйственными промежуточными продуктами, отходами и ломом</name>
                    </okved>
                    <name>Национальная оборона</name>
                </activity>
                <activity>
                    <okved>
                        <code>55.1</code>
                        <name>Деятельность гостиниц</name>
                    </okved>
                    <name>Национальная оборона</name>
                </activity>
                <activity>
                    <okved>
                        <code>75.25.1</code>
                        <name>Деятельность по обеспечению пожарной безопасности</name>
                    </okved>
                    <name>Национальная оборона</name>
                </activity>
                <activity>
                    <okved>
                        <code>60.24</code>
                        <name>Деятельность автомобильного грузового транспорта</name>
                    </okved>
                    <name>Национальная оборона</name>
                </activity>
                <activity>
                    <okved>
                        <code>18.1</code>
                        <name>Производство одежды из кожи</name>
                    </okved>
                    <name>Национальная оборона</name>
                </activity>
                <activity>
                    <okved>
                        <code>85.2</code>
                        <name>Ветеринарная деятельность</name>
                    </okved>
                    <name>Национальная оборона</name>
                </activity>
                <activity>
                    <okved>
                        <code>45.5</code>
                        <name>Аренда строительных машин и оборудования с оператором</name>
                    </okved>
                    <name>Национальная оборона</name>
                </activity>
                <activity>
                    <okved>
                        <code>72.5</code>
                        <name>Техническое обслуживание и ремонт офисных машин и вычислительной техники</name>
                    </okved>
                    <name>Национальная оборона</name>
                </activity>
                <activity>
                    <okved>
                        <code>55.5</code>
                        <name>Деятельность столовых при предприятиях и учреждениях и поставка продукции общественного питания</name>
                    </okved>
                    <name>Национальная оборона</name>
                </activity>
                <activity>
                    <okved>
                        <code>60.2</code>
                        <name>Деятельность прочего сухопутного транспорта</name>
                    </okved>
                    <name>Национальная оборона</name>
                </activity>
                <activity>
                    <okved>
                        <code>75.24.1</code>
                        <name>Деятельность органов внутренних дел</name>
                    </okved>
                    <name>Национальная оборона</name>
                </activity>
                <activity>
                    <okved>
                        <code>90.0</code>
                        <name>Сбор сточных вод, отходов и аналогичная деятельность</name>
                    </okved>
                    <name>Национальная оборона</name>
                </activity>
                <activity>
                    <okved>
                        <code>22.2</code>
                        <name>Полиграфическая деятельность и предоставление услуг в этой области</name>
                    </okved>
                    <name>Национальная оборона</name>
                </activity>
                <activity>
                    <okved>
                        <code>41.0</code>
                        <name>Сбор, очистка и распределение воды</name>
                    </okved>
                    <name>Национальная оборона</name>
                </activity>
                <activity>
                    <okved>
                        <code>92.2</code>
                        <name>Деятельность в области радиовещания и телевидения</name>
                    </okved>
                    <name>Национальная оборона</name>
                </activity>
                <activity>
                    <okved>
                        <code>70.2</code>
                        <name>Сдача внаем собственного недвижимого имущества</name>
                    </okved>
                    <name>Национальная оборона</name>
                </activity>
                <activity>
                    <okved>
                        <code>29.6</code>
                        <name>Производство оружия и боеприпасов</name>
                    </okved>
                    <name>Национальная оборона</name>
                </activity>
                <activity>
                    <okved>
                        <code>18.2</code>
                        <name>Производство одежды из текстильных материалов и аксессуаров одежды</name>
                    </okved>
                    <name>Национальная оборона</name>
                </activity>
                <activity>
                    <okved>
                        <code>93.03</code>
                        <name>Организация похорон и предоставление связанных с ними услуг</name>
                    </okved>
                    <name>Национальная оборона</name>
                </activity>
                <activity>
                    <okved>
                        <code>45.4</code>
                        <name>Производство отделочных работ</name>
                    </okved>
                    <name>Национальная оборона</name>
                </activity>
                <activity>
                    <okved>
                        <code>55.2</code>
                        <name>Деятельность прочих мест для временного проживания</name>
                    </okved>
                    <name>Национальная оборона</name>
                </activity>
                <activity>
                    <okved>
                        <code>72.6</code>
                        <name>Прочая деятельность, связанная с использованием вычислительной техники и информационных технологий</name>
                    </okved>
                    <name>Национальная оборона</name>
                </activity>
                <activity>
                    <okved>
                        <code>63.1</code>
                        <name>Транспортная обработка грузов и хранение</name>
                    </okved>
                    <name>Национальная оборона</name>
                </activity>
                <activity>
                    <okved>
                        <code>92.5</code>
                        <name>Прочая деятельность в области культуры</name>
                    </okved>
                    <name>Национальная оборона</name>
                </activity>
                <activity>
                    <okved>
                        <code>40.3</code>
                        <name>Производство, передача и распределение пара и горячей воды (тепловой энергии)</name>
                    </okved>
                    <name>Национальная оборона</name>
                </activity>
                <eMail>fku.tmb@yandex.ru</eMail>
            </additional>
            <other>
                <chief>
                    <lastName>Ланин</lastName>
                    <firstName>Владимир </firstName>
                    <middleName>Валентинович</middleName>
                    <position>Начальник</position>
                </chief>
                <founder>
                    <regNum>0173100000062</regNum>
                    <fullName>Министерство внутренних дел Российской Федерации</fullName>
                </founder>
            </other>
            <document>
                <name>Приказ учредителя о наначении руководителя</name>
                <date>2012-07-02+04:00</date>
                <url>http://bus.gov.ru/public/download/download.html?id=5513200</url>
                <type>S</type>
            </document>
            <document>
                <name>Свидетельство о постановке на учёт</name>
                <date>2012-07-27+04:00</date>
                <url>http://bus.gov.ru/public/download/download.html?id=5513339</url>
            </document>
            <document>
                <name>Устав</name>
                <date>2012-03-30+04:00</date>
                <url>http://bus.gov.ru/public/download/download.html?id=5513122</url>
                <type>F</type>
            </document>
            <document>
                <name>Свидетельство</name>
                <date>2012-07-27+04:00</date>
                <url>http://bus.gov.ru/public/download/download.html?id=5513148</url>
                <type>E</type>
            </document>
        </ns2:position>
    

    </ns2:body>
    </ns2:institutionInfo>        
        