<?xml version="1.0" encoding="UTF-8" standalone="yes"?>
<ns2:institutionInfo xsi:schemaLocation="http://bus.gov.ru/public/schema/TFF-0.1.3.1/External.xsd" xmlns="http://bus.gov.ru/types/1" xmlns:ns2="http://bus.gov.ru/external/1" xmlns:xsi="http://www.w3.org/2001/XMLSchema-instance" xmlns:ns3="http://bus.gov.ru/fk/1">
    <ns2:body>                        
	<ns2:position xmlns:ns2="http://bus.gov.ru/external/1" xmlns="http://bus.gov.ru/types/1" xmlns:xsi="http://www.w3.org/2001/XMLSchema-instance" xmlns:ns3="http://bus.gov.ru/fk/1">
            <positionId>ab34e221-c1d9-4062-9e20-70960c9e7ca7</positionId>
            <changeDate>2012-10-18T14:06:44.550+04:00</changeDate>
            <placer>
                <regNum>0895100000315</regNum>
                <fullName>федеральное государственное казенное учреждение "Управление вневедомственной охраны Управления Министерства внутренних дел Российской Федерации по Томской области"</fullName>
                <inn>7017311832</inn>
                <kpp>701701001</kpp>
            </placer>
            <initiator>
                <regNum>0895100000315</regNum>
                <fullName>федеральное государственное казенное учреждение "Управление вневедомственной охраны Управления Министерства внутренних дел Российской Федерации по Томской области"</fullName>
                <inn>7017311832</inn>
                <kpp>701701001</kpp>
            </initiator>
            <versionNumber>0</versionNumber>
            <main>
                <shortName>ФГКУ УВО УМВД России по Томской области</shortName>
                <ogrn>1127017021108</ogrn>
                <rbs>
                    <regNum>0165100000060</regNum>
                    <fullName>Управление Министерства внутренних дел Российской Федерации по Томской области</fullName>
                </rbs>
                <grbs>
                    <regNum>0173100000062</regNum>
                    <fullName>Министерство внутренних дел Российской Федерации</fullName>
                </grbs>
                <orgType>08</orgType>
                <classifier>
                    <okfs>
                        <code>12</code>
                        <name>Федеральная собственность</name>
                    </okfs>
                    <okopf>
                        <code>74</code>
                        <name>Казенные учреждения</name>
                    </okopf>
                    <okogu>
                        <code>1310500</code>
                        <name>Министерство внутренних дел Российской Федерации</name>
                    </okogu>
                    <okpo>
                        <code>08684765</code>
                    </okpo>
                    <okato>
                        <code>69401372000</code>
                        <name>Советский</name>
                    </okato>
                    <okved>
                        <code>75.24</code>
                        <name>Деятельность по обеспечению общественного порядка и безопасности</name>
                        <type>C</type>
                    </okved>
                    <okved>
                        <code>75.24.1</code>
                        <name>Деятельность органов внутренних дел</name>
                        <type>O</type>
                    </okved>
                </classifier>
                <address>
                    <zip>634021</zip>
                    <subject>
                        <code>70000000000</code>
                        <name>Томская обл</name>
                    </subject>
                    <city>
                        <code>70000001000</code>
                        <name>Томск г</name>
                    </city>
                    <street>
                        <code>700000010000833</code>
                        <name>Фрунзе пр-кт</name>
                    </street>
                    <building>105/1</building>
                </address>
            </main>
            <additional>
                <institutionType>
                    <code>9900000</code>
                    <name>Прочие</name>
                </institutionType>
                <ppo>
                    <code>00000000000</code>
                    <name>Российская Федерация</name>
                    <okato>
                        <code>00000000000</code>
                        <name>Объекты административно-территориального деления, кроме сельских населенных пунктов</name>
                    </okato>
                </ppo>
                <phone>7-3822-440882</phone>
                <www>http://uvo.tom.ru</www>
                <section>188</section>
                <oktmo>
                    <code>69701000</code>
                    <name>Город Томск</name>
                </oktmo>
                <activity>
                    <okved>
                        <code>75.24</code>
                        <name>Деятельность по обеспечению общественного порядка и безопасности</name>
                        <type>C</type>
                    </okved>
                    <name>Деятельность по обеспечению общественного порядка и безопасности</name>
                </activity>
                <activity>
                    <okved>
                        <code>75.24.1</code>
                        <name>Деятельность органов внутренних дел</name>
                        <type>O</type>
                    </okved>
                    <name>Деятельность органов внутренних дел</name>
                </activity>
                <eMail>uvotomsk@rambler.ru</eMail>
            </additional>
            <other>
                <chief>
                    <lastName>Айбатов</lastName>
                    <firstName>Раис</firstName>
                    <middleName>Рамильевич</middleName>
                    <position>начальник ФГКУ УВО УМВД России по Томской области</position>
                </chief>
                <founder>
                    <regNum>0173100000062</regNum>
                    <fullName>Министерство внутренних дел Российской Федерации</fullName>
                </founder>
            </other>
            <document>
                <name>Приказ</name>
                <date>2012-07-31+04:00</date>
                <url>http://bus.gov.ru/public/download/download.html?id=5860125</url>
                <type>S</type>
            </document>
            <document>
                <name>приказ об утверждении Устава</name>
                <date>2012-05-05+04:00</date>
                <url>http://bus.gov.ru/public/download/download.html?id=5859977</url>
                <type>F</type>
            </document>
            <document>
                <name>Свидетельство-1</name>
                <date>2012-08-08+04:00</date>
                <url>http://bus.gov.ru/public/download/download.html?id=5860058</url>
                <type>E</type>
            </document>
        </ns2:position>
    
<ns2:position xmlns:ns2="http://bus.gov.ru/external/1" xmlns="http://bus.gov.ru/types/1" xmlns:xsi="http://www.w3.org/2001/XMLSchema-instance" xmlns:ns3="http://bus.gov.ru/fk/1">
            <positionId>ab34e221-c1d9-4062-9e20-70960c9e7ca7</positionId>
            <changeDate>2012-10-18T14:06:44.550+04:00</changeDate>
            <placer>
                <regNum>0895100000315</regNum>
                <fullName>федеральное государственное казенное учреждение "Управление вневедомственной охраны Управления Министерства внутренних дел Российской Федерации по Томской области"</fullName>
                <inn>7017311832</inn>
                <kpp>701701001</kpp>
            </placer>
            <initiator>
                <regNum>0895100000315</regNum>
                <fullName>федеральное государственное казенное учреждение "Управление вневедомственной охраны Управления Министерства внутренних дел Российской Федерации по Томской области"</fullName>
                <inn>7017311832</inn>
                <kpp>701701001</kpp>
            </initiator>
            <versionNumber>0</versionNumber>
            <main>
                <shortName>ФГКУ УВО УМВД России по Томской области</shortName>
                <ogrn>1127017021108</ogrn>
                <rbs>
                    <regNum>0165100000060</regNum>
                    <fullName>Управление Министерства внутренних дел Российской Федерации по Томской области</fullName>
                </rbs>
                <grbs>
                    <regNum>0173100000062</regNum>
                    <fullName>Министерство внутренних дел Российской Федерации</fullName>
                </grbs>
                <orgType>08</orgType>
                <classifier>
                    <okfs>
                        <code>12</code>
                        <name>Федеральная собственность</name>
                    </okfs>
                    <okopf>
                        <code>74</code>
                        <name>Казенные учреждения</name>
                    </okopf>
                    <okogu>
                        <code>1310500</code>
                        <name>Министерство внутренних дел Российской Федерации</name>
                    </okogu>
                    <okpo>
                        <code>08684765</code>
                    </okpo>
                    <okato>
                        <code>69401372000</code>
                        <name>Советский</name>
                    </okato>
                    <okved>
                        <code>75.24</code>
                        <name>Деятельность по обеспечению общественного порядка и безопасности</name>
                        <type>C</type>
                    </okved>
                    <okved>
                        <code>75.24.1</code>
                        <name>Деятельность органов внутренних дел</name>
                        <type>O</type>
                    </okved>
                </classifier>
                <address>
                    <zip>634021</zip>
                    <subject>
                        <code>70000000000</code>
                        <name>Томская обл</name>
                    </subject>
                    <city>
                        <code>70000001000</code>
                        <name>Томск г</name>
                    </city>
                    <street>
                        <code>700000010000833</code>
                        <name>Фрунзе пр-кт</name>
                    </street>
                    <building>105/1</building>
                </address>
            </main>
            <additional>
                <institutionType>
                    <code>9900000</code>
                    <name>Прочие</name>
                </institutionType>
                <ppo>
                    <code>00000000000</code>
                    <name>Российская Федерация</name>
                    <okato>
                        <code>00000000000</code>
                        <name>Объекты административно-территориального деления, кроме сельских населенных пунктов</name>
                    </okato>
                </ppo>
                <phone>7-3822-440882</phone>
                <www>http://uvo.tom.ru</www>
                <section>188</section>
                <oktmo>
                    <code>69701000</code>
                    <name>Город Томск</name>
                </oktmo>
                <activity>
                    <okved>
                        <code>75.24</code>
                        <name>Деятельность по обеспечению общественного порядка и безопасности</name>
                        <type>C</type>
                    </okved>
                    <name>Деятельность по обеспечению общественного порядка и безопасности</name>
                </activity>
                <activity>
                    <okved>
                        <code>75.24.1</code>
                        <name>Деятельность органов внутренних дел</name>
                        <type>O</type>
                    </okved>
                    <name>Деятельность органов внутренних дел</name>
                </activity>
                <eMail>uvotomsk@rambler.ru</eMail>
            </additional>
            <other>
                <chief>
                    <lastName>Айбатов</lastName>
                    <firstName>Раис</firstName>
                    <middleName>Рамильевич</middleName>
                    <position>начальник ФГКУ УВО УМВД России по Томской области</position>
                </chief>
                <founder>
                    <regNum>0173100000062</regNum>
                    <fullName>Министерство внутренних дел Российской Федерации</fullName>
                </founder>
            </other>
            <document>
                <name>Приказ</name>
                <date>2012-07-31+04:00</date>
                <url>http://bus.gov.ru/public/download/download.html?id=5860125</url>
                <type>S</type>
            </document>
            <document>
                <name>приказ об утверждении Устава</name>
                <date>2012-05-05+04:00</date>
                <url>http://bus.gov.ru/public/download/download.html?id=5859977</url>
                <type>F</type>
            </document>
            <document>
                <name>Свидетельство-1</name>
                <date>2012-08-08+04:00</date>
                <url>http://bus.gov.ru/public/download/download.html?id=5860058</url>
                <type>E</type>
            </document>
        </ns2:position>
    

    </ns2:body>
    </ns2:institutionInfo>        
        