<?xml version="1.0" encoding="UTF-8" standalone="yes"?>
<ns2:institutionInfo xsi:schemaLocation="http://bus.gov.ru/public/schema/TFF-0.1.3.1/External.xsd" xmlns="http://bus.gov.ru/types/1" xmlns:ns2="http://bus.gov.ru/external/1" xmlns:xsi="http://www.w3.org/2001/XMLSchema-instance" xmlns:ns3="http://bus.gov.ru/fk/1">
    <ns2:body>                        
	<ns2:position xmlns:ns2="http://bus.gov.ru/external/1" xmlns="http://bus.gov.ru/types/1" xmlns:xsi="http://www.w3.org/2001/XMLSchema-instance" xmlns:ns3="http://bus.gov.ru/fk/1">
            <positionId>9c755b96-b564-49b0-88f3-cfbff85ec6d5</positionId>
            <changeDate>2012-04-13T12:20:23.351+04:00</changeDate>
            <placer>
                <regNum>0366100000073</regNum>
                <fullName>федеральное казенное учреждение здравоохранения "Медико-санитарная часть Министерства внутренних дел Российской Федерации по Тульской области"</fullName>
                <inn>7104050739</inn>
                <kpp>710401001</kpp>
            </placer>
            <initiator>
                <regNum>0366100000073</regNum>
                <fullName>федеральное казенное учреждение здравоохранения "Медико-санитарная часть Министерства внутренних дел Российской Федерации по Тульской области"</fullName>
                <inn>7104050739</inn>
                <kpp>710401001</kpp>
            </initiator>
            <versionNumber>1</versionNumber>
            <main>
                <shortName>ФКУЗ "МСЧ МВД России по Тульской области"</shortName>
                <ogrn>1067104013107</ogrn>
                <rbs>
                    <regNum>0166100000047</regNum>
                    <fullName>Управление Министерства внутренних дел Российской Федерации по Тульской области</fullName>
                </rbs>
                <grbs>
                    <regNum>0173100000062</regNum>
                    <fullName>Министерство внутренних дел Российской Федерации</fullName>
                </grbs>
                <orgType>08</orgType>
                <classifier>
                    <okfs>
                        <code>12</code>
                        <name>Федеральная собственность</name>
                    </okfs>
                    <okopf>
                        <code>72</code>
                        <name>Бюджетные учреждения</name>
                    </okopf>
                    <okogu>
                        <code>1310500</code>
                        <name>Министерство внутренних дел Российской Федерации</name>
                    </okogu>
                    <okpo>
                        <code>08725814</code>
                    </okpo>
                    <okato>
                        <code>70401368000</code>
                        <name>Привокзальный</name>
                    </okato>
                    <okved>
                        <code>85.11.1</code>
                        <name>Деятельность больничных учреждений широкого профиля и специализированных</name>
                        <type>C</type>
                    </okved>
                </classifier>
                <address>
                    <zip>300026</zip>
                    <subject>
                        <code>71000000000</code>
                        <name>Тульская обл</name>
                    </subject>
                    <city>
                        <code>71000001000</code>
                        <name>Тула г</name>
                    </city>
                    <street>
                        <name>Калужское ш</name>
                    </street>
                    <building>9</building>
                </address>
            </main>
            <additional>
                <institutionType>
                    <code>0500000</code>
                    <name>Здравоохранение</name>
                </institutionType>
                <ppo>
                    <code>00000000000</code>
                    <name>Российская Федерация</name>
                    <okato>
                        <code>00000000000</code>
                        <name>Объекты административно-территориального деления, кроме сельских населенных пунктов</name>
                    </okato>
                </ppo>
                <phone>7-4872-500160</phone>
                <section>188</section>
                <oktmo>
                    <code>70701000</code>
                    <name>- Город Тула</name>
                </oktmo>
                <activity>
                    <okved>
                        <code>85.11.1</code>
                        <name>Деятельность больничных учреждений широкого профиля и специализированных</name>
                    </okved>
                    <name>больничное учреждение широкого профиля </name>
                </activity>
                <eMail>msch-uvd2@mail.ru</eMail>
            </additional>
            <other>
                <chief>
                    <lastName>Сколярова</lastName>
                    <firstName>Татьяна</firstName>
                    <middleName>Яковлевна</middleName>
                    <position>Начальник</position>
                </chief>
                <founder>
                    <regNum>0173100000062</regNum>
                    <fullName>Министерство внутренних дел Российской Федерации</fullName>
                </founder>
            </other>
            <document>
                <name>Приказ №517 о внесении изменений в приказ №1124</name>
                <date>2011-05-31+04:00</date>
                <url>http://bus.gov.ru/public/download/download.html?id=2483429</url>
                <type>F</type>
            </document>
            <document>
                <name>ystav</name>
                <date>2005-12-30+03:00</date>
                <url>http://bus.gov.ru/public/download/download.html?id=2483129</url>
                <type>F</type>
            </document>
            <document>
                <name>Prikaz_MSCH</name>
                <date>2005-12-30+03:00</date>
                <url>http://bus.gov.ru/public/download/download.html?id=2483130</url>
                <type>F</type>
            </document>
            <document>
                <name>prikaz_nach</name>
                <date>2011-05-25+04:00</date>
                <url>http://bus.gov.ru/public/download/download.html?id=2483131</url>
                <type>S</type>
            </document>
            <document>
                <name>svidetelstvo</name>
                <date>2011-09-13+04:00</date>
                <url>http://bus.gov.ru/public/download/download.html?id=2483132</url>
                <type>E</type>
            </document>
            <document>
                <name>Свидетельство о постановке на учет в налоговом органе</name>
                <date>2006-02-09+03:00</date>
                <url>http://bus.gov.ru/public/download/download.html?id=2483601</url>
                <type>E</type>
            </document>
            <document>
                <name>Свидетельство о государственной регистрации права (здание)</name>
                <date>2011-10-12+04:00</date>
                <url>http://bus.gov.ru/public/download/download.html?id=2483699</url>
                <type>E</type>
            </document>
            <document>
                <name>Свидетельство о государственной регистрации права (земельный участок)</name>
                <date>2011-10-17+04:00</date>
                <url>http://bus.gov.ru/public/download/download.html?id=2483808</url>
                <type>E</type>
            </document>
        </ns2:position>
    
<ns2:position xmlns:ns2="http://bus.gov.ru/external/1" xmlns="http://bus.gov.ru/types/1" xmlns:xsi="http://www.w3.org/2001/XMLSchema-instance" xmlns:ns3="http://bus.gov.ru/fk/1">
            <positionId>9c755b96-b564-49b0-88f3-cfbff85ec6d5</positionId>
            <changeDate>2012-04-13T12:20:23.351+04:00</changeDate>
            <placer>
                <regNum>0366100000073</regNum>
                <fullName>федеральное казенное учреждение здравоохранения "Медико-санитарная часть Министерства внутренних дел Российской Федерации по Тульской области"</fullName>
                <inn>7104050739</inn>
                <kpp>710401001</kpp>
            </placer>
            <initiator>
                <regNum>0366100000073</regNum>
                <fullName>федеральное казенное учреждение здравоохранения "Медико-санитарная часть Министерства внутренних дел Российской Федерации по Тульской области"</fullName>
                <inn>7104050739</inn>
                <kpp>710401001</kpp>
            </initiator>
            <versionNumber>1</versionNumber>
            <main>
                <shortName>ФКУЗ "МСЧ МВД России по Тульской области"</shortName>
                <ogrn>1067104013107</ogrn>
                <rbs>
                    <regNum>0166100000047</regNum>
                    <fullName>Управление Министерства внутренних дел Российской Федерации по Тульской области</fullName>
                </rbs>
                <grbs>
                    <regNum>0173100000062</regNum>
                    <fullName>Министерство внутренних дел Российской Федерации</fullName>
                </grbs>
                <orgType>08</orgType>
                <classifier>
                    <okfs>
                        <code>12</code>
                        <name>Федеральная собственность</name>
                    </okfs>
                    <okopf>
                        <code>72</code>
                        <name>Бюджетные учреждения</name>
                    </okopf>
                    <okogu>
                        <code>1310500</code>
                        <name>Министерство внутренних дел Российской Федерации</name>
                    </okogu>
                    <okpo>
                        <code>08725814</code>
                    </okpo>
                    <okato>
                        <code>70401368000</code>
                        <name>Привокзальный</name>
                    </okato>
                    <okved>
                        <code>85.11.1</code>
                        <name>Деятельность больничных учреждений широкого профиля и специализированных</name>
                        <type>C</type>
                    </okved>
                </classifier>
                <address>
                    <zip>300026</zip>
                    <subject>
                        <code>71000000000</code>
                        <name>Тульская обл</name>
                    </subject>
                    <city>
                        <code>71000001000</code>
                        <name>Тула г</name>
                    </city>
                    <street>
                        <name>Калужское ш</name>
                    </street>
                    <building>9</building>
                </address>
            </main>
            <additional>
                <institutionType>
                    <code>0500000</code>
                    <name>Здравоохранение</name>
                </institutionType>
                <ppo>
                    <code>00000000000</code>
                    <name>Российская Федерация</name>
                    <okato>
                        <code>00000000000</code>
                        <name>Объекты административно-территориального деления, кроме сельских населенных пунктов</name>
                    </okato>
                </ppo>
                <phone>7-4872-500160</phone>
                <section>188</section>
                <oktmo>
                    <code>70701000</code>
                    <name>- Город Тула</name>
                </oktmo>
                <activity>
                    <okved>
                        <code>85.11.1</code>
                        <name>Деятельность больничных учреждений широкого профиля и специализированных</name>
                    </okved>
                    <name>больничное учреждение широкого профиля </name>
                </activity>
                <eMail>msch-uvd2@mail.ru</eMail>
            </additional>
            <other>
                <chief>
                    <lastName>Сколярова</lastName>
                    <firstName>Татьяна</firstName>
                    <middleName>Яковлевна</middleName>
                    <position>Начальник</position>
                </chief>
                <founder>
                    <regNum>0173100000062</regNum>
                    <fullName>Министерство внутренних дел Российской Федерации</fullName>
                </founder>
            </other>
            <document>
                <name>Приказ №517 о внесении изменений в приказ №1124</name>
                <date>2011-05-31+04:00</date>
                <url>http://bus.gov.ru/public/download/download.html?id=2483429</url>
                <type>F</type>
            </document>
            <document>
                <name>ystav</name>
                <date>2005-12-30+03:00</date>
                <url>http://bus.gov.ru/public/download/download.html?id=2483129</url>
                <type>F</type>
            </document>
            <document>
                <name>Prikaz_MSCH</name>
                <date>2005-12-30+03:00</date>
                <url>http://bus.gov.ru/public/download/download.html?id=2483130</url>
                <type>F</type>
            </document>
            <document>
                <name>prikaz_nach</name>
                <date>2011-05-25+04:00</date>
                <url>http://bus.gov.ru/public/download/download.html?id=2483131</url>
                <type>S</type>
            </document>
            <document>
                <name>svidetelstvo</name>
                <date>2011-09-13+04:00</date>
                <url>http://bus.gov.ru/public/download/download.html?id=2483132</url>
                <type>E</type>
            </document>
            <document>
                <name>Свидетельство о постановке на учет в налоговом органе</name>
                <date>2006-02-09+03:00</date>
                <url>http://bus.gov.ru/public/download/download.html?id=2483601</url>
                <type>E</type>
            </document>
            <document>
                <name>Свидетельство о государственной регистрации права (здание)</name>
                <date>2011-10-12+04:00</date>
                <url>http://bus.gov.ru/public/download/download.html?id=2483699</url>
                <type>E</type>
            </document>
            <document>
                <name>Свидетельство о государственной регистрации права (земельный участок)</name>
                <date>2011-10-17+04:00</date>
                <url>http://bus.gov.ru/public/download/download.html?id=2483808</url>
                <type>E</type>
            </document>
        </ns2:position>
    

    </ns2:body>
    </ns2:institutionInfo>        
        