<?xml version="1.0" encoding="UTF-8" standalone="yes"?>
<ns2:institutionInfo xsi:schemaLocation="http://bus.gov.ru/public/schema/TFF-0.1.3.1/External.xsd" xmlns="http://bus.gov.ru/types/1" xmlns:ns2="http://bus.gov.ru/external/1" xmlns:xsi="http://www.w3.org/2001/XMLSchema-instance" xmlns:ns3="http://bus.gov.ru/fk/1">
    <ns2:body>                        
	<ns2:position xmlns:ns2="http://bus.gov.ru/external/1" xmlns="http://bus.gov.ru/types/1" xmlns:xsi="http://www.w3.org/2001/XMLSchema-instance" xmlns:ns3="http://bus.gov.ru/fk/1">
            <positionId>6ac1eed5-79a1-4958-8474-5cb164826eaf</positionId>
            <changeDate>2012-10-12T09:34:38.403+04:00</changeDate>
            <placer>
                <regNum>0367100000091</regNum>
                <fullName>федеральное государственное казенное учреждение "Управление вневедомственной охраны Управления Министерства внутренних дел Российской Федерации по Тюменской области"</fullName>
                <inn>7203280444</inn>
                <kpp>720301001</kpp>
            </placer>
            <initiator>
                <regNum>0367100000091</regNum>
                <fullName>федеральное государственное казенное учреждение "Управление вневедомственной охраны Управления Министерства внутренних дел Российской Федерации по Тюменской области"</fullName>
                <inn>7203280444</inn>
                <kpp>720301001</kpp>
            </initiator>
            <versionNumber>0</versionNumber>
            <main>
                <shortName>ФГКУ УВО УМВД России по Тюменской области</shortName>
                <ogrn>1127232046633</ogrn>
                <rbs>
                    <regNum>0367100000009</regNum>
                    <fullName>Управление Министерства внутренних дел Российской Федерации по Тюменской области</fullName>
                </rbs>
                <grbs>
                    <regNum>0173100000054</regNum>
                    <fullName>Министерство внутренних дел Российской Федерации</fullName>
                </grbs>
                <orgType>08</orgType>
                <classifier>
                    <okfs>
                        <code>12</code>
                        <name>Федеральная собственность</name>
                    </okfs>
                    <okopf>
                        <code>74</code>
                        <name>Казенные учреждения</name>
                    </okopf>
                    <okogu>
                        <code>1310500</code>
                        <name>Министерство внутренних дел Российской Федерации</name>
                    </okogu>
                    <okpo>
                        <code>08596587</code>
                    </okpo>
                    <okato>
                        <code>71401000000</code>
                        <name>Тюмень</name>
                    </okato>
                    <okved>
                        <code>75.24.1</code>
                        <name>Деятельность органов внутренних дел</name>
                        <type>C</type>
                    </okved>
                </classifier>
                <address>
                    <zip>625014</zip>
                    <subject>
                        <code>72000000000</code>
                        <name>Тюменская обл</name>
                    </subject>
                    <city>
                        <code>72000001000</code>
                        <name>Тюмень г</name>
                    </city>
                    <street>
                        <code>720000010000166</code>
                        <name>Республики ул</name>
                    </street>
                    <building>254</building>
                </address>
            </main>
            <additional>
                <institutionType>
                    <code>9900000</code>
                    <name>Прочие</name>
                </institutionType>
                <ppo>
                    <code>00000000000</code>
                    <name>Российская Федерация</name>
                    <okato>
                        <code>00000000000</code>
                        <name>Объекты административно-территориального деления, кроме сельских населенных пунктов</name>
                    </okato>
                    <oktmo>
                        <code>71701000</code>
                        <name>Город Тюмень</name>
                    </oktmo>
                </ppo>
                <phone>7-3452-274615</phone>
                <www>http://www.uvoguvd.ru</www>
                <section>188</section>
                <oktmo>
                    <code>71701000</code>
                    <name>Город Тюмень</name>
                </oktmo>
                <activity>
                    <okved>
                        <code>75.24.1</code>
                        <name>Деятельность органов внутренних дел</name>
                    </okved>
                    <name>Услуги охраны имущества на договорной основе</name>
                </activity>
                <eMail>uvotm@mail.ru</eMail>
            </additional>
            <other>
                <chief>
                    <lastName>Гриненко</lastName>
                    <firstName>Александр</firstName>
                    <middleName>Владимирович</middleName>
                    <position>Начальник управления</position>
                </chief>
                <founder>
                    <regNum>0173100000062</regNum>
                    <fullName>Министерство внутренних дел Российской Федерации</fullName>
                </founder>
            </other>
            <document>
                <name>приказ</name>
                <date>2012-08-10+04:00</date>
                <url>http://bus.gov.ru/public/download/download.html?id=5720639</url>
                <type>S</type>
            </document>
            <document>
                <name>Распоряжение</name>
                <date>2011-12-30+04:00</date>
                <url>http://bus.gov.ru/public/download/download.html?id=5721061</url>
            </document>
            <document>
                <name>Устав</name>
                <date>2012-05-05+04:00</date>
                <url>http://bus.gov.ru/public/download/download.html?id=5720479</url>
                <type>F</type>
            </document>
            <document>
                <name>выписка из ЕРГЮЛ</name>
                <date>2012-08-28+04:00</date>
                <url>http://bus.gov.ru/public/download/download.html?id=5720689</url>
                <type>O</type>
            </document>
            <document>
                <name>св-во о регистрации юр.лица</name>
                <date>2012-08-28+04:00</date>
                <url>http://bus.gov.ru/public/download/download.html?id=5720558</url>
                <type>E</type>
            </document>
        </ns2:position>
    
<ns2:position xmlns:ns2="http://bus.gov.ru/external/1" xmlns="http://bus.gov.ru/types/1" xmlns:xsi="http://www.w3.org/2001/XMLSchema-instance" xmlns:ns3="http://bus.gov.ru/fk/1">
            <positionId>b50a5285-aec7-4301-a08c-1a64e5534220</positionId>
            <changeDate>2012-11-07T11:26:23.246+04:00</changeDate>
            <placer>
                <regNum>0867100000010</regNum>
                <fullName>федеральное государственное казенное образовательное учреждение дополнительного профессионального образования "Тюменский институт повышения квалификации сотрудников Министерства внутренних дел Российской Федерации"</fullName>
                <inn>7204006878</inn>
                <kpp>720401001</kpp>
            </placer>
            <initiator>
                <regNum>0867100000010</regNum>
                <fullName>федеральное государственное казенное образовательное учреждение дополнительного профессионального образования "Тюменский институт повышения квалификации сотрудников Министерства внутренних дел Российской Федерации"</fullName>
                <inn>7204006878</inn>
                <kpp>720401001</kpp>
            </initiator>
            <versionNumber>10</versionNumber>
            <main>
                <shortName>ТИПК МВД России, Тюменский институт повышения квалификации сотрудников МВД России, ФГКОУ ДПО "ТИПК МВД России"</shortName>
                <ogrn>1027200788262</ogrn>
                <rbs>
                    <regNum>0173100000062</regNum>
                    <fullName>Министерство внутренних дел Российской Федерации</fullName>
                </rbs>
                <grbs>
                    <regNum>0173100000062</regNum>
                    <fullName>Министерство внутренних дел Российской Федерации</fullName>
                </grbs>
                <orgType>08</orgType>
                <classifier>
                    <okfs>
                        <code>12</code>
                        <name>Федеральная собственность</name>
                    </okfs>
                    <okopf>
                        <code>72</code>
                        <name>Бюджетные учреждения</name>
                    </okopf>
                    <okogu>
                        <code>1310500</code>
                        <name>Министерство внутренних дел Российской Федерации</name>
                    </okogu>
                    <okpo>
                        <code>08572121</code>
                    </okpo>
                    <okato>
                        <code>71401364000</code>
                        <name>Калининский</name>
                    </okato>
                    <okved>
                        <code>60.24</code>
                        <name>Деятельность автомобильного грузового транспорта</name>
                        <type>O</type>
                    </okved>
                    <okved>
                        <code>22.3</code>
                        <name>Копирование записанных носителей информации</name>
                        <type>O</type>
                    </okved>
                    <okved>
                        <code>22.15</code>
                        <name>Прочие виды издательской деятельности</name>
                        <type>O</type>
                    </okved>
                    <okved>
                        <code>80.30.2</code>
                        <name>Послевузовское профессиональное образование</name>
                        <type>O</type>
                    </okved>
                    <okved>
                        <code>80.41.1</code>
                        <name>Обучение водителей автотранспортных средств</name>
                        <type>O</type>
                    </okved>
                    <okved>
                        <code>55.5</code>
                        <name>Деятельность столовых при предприятиях и учреждениях и поставка продукции общественного питания</name>
                        <type>O</type>
                    </okved>
                    <okved>
                        <code>80.30.3</code>
                        <name>Обучение в образовательных учреждениях дополнительного профессионального образования (повышения квалификации) для специалистов, имеющих высшее профессиональное образование</name>
                        <type>C</type>
                    </okved>
                    <okved>
                        <code>73.20</code>
                        <name>Научные исследования и разработки в области общественных и гуманитарных наук</name>
                        <type>O</type>
                    </okved>
                    <okved>
                        <code>55.12</code>
                        <name>Деятельность гостиниц без ресторанов</name>
                        <type>O</type>
                    </okved>
                    <okved>
                        <code>22.25</code>
                        <name>Дополнительная деятельность, связанная с печатанием</name>
                        <type>O</type>
                    </okved>
                    <okved>
                        <code>60.23</code>
                        <name>Деятельность прочего сухопутного пассажирского транспорта</name>
                        <type>O</type>
                    </okved>
                    <okved>
                        <code>92.62</code>
                        <name>Прочая деятельность в области спорта</name>
                        <type>O</type>
                    </okved>
                    <okved>
                        <code>22.11.1</code>
                        <name>Издание книг, брошюр, буклетов и аналогичных публикаций, в том числе для слепых</name>
                        <type>O</type>
                    </okved>
                    <okved>
                        <code>74.11</code>
                        <name>Деятельность в области права</name>
                        <type>O</type>
                    </okved>
                </classifier>
                <address>
                    <zip>625049</zip>
                    <subject>
                        <code>72000000000</code>
                        <name>Тюменская обл</name>
                    </subject>
                    <city>
                        <code>72000001000</code>
                        <name>Тюмень г</name>
                    </city>
                    <street>
                        <code>720000010000331</code>
                        <name>Амурская ул</name>
                    </street>
                    <building>75</building>
                </address>
            </main>
            <additional>
                <institutionType>
                    <code>1012010</code>
                    <name>Институт повышения квалификации (институт усовершенствования)</name>
                </institutionType>
                <ppo>
                    <code>00000000000</code>
                    <name>Российская Федерация</name>
                    <okato>
                        <code>00000000000</code>
                        <name>Объекты административно-территориального деления, кроме сельских населенных пунктов</name>
                    </okato>
                    <oktmo>
                        <code>45300000</code>
                        <name>Внутригородские территории города Москвы (см. также 45 900 000)</name>
                    </oktmo>
                </ppo>
                <phone>7-3452-598472</phone>
                <www>http://www.tipkmvd.ru</www>
                <section>188</section>
                <oktmo>
                    <code>71701000</code>
                    <name>Город Тюмень</name>
                </oktmo>
                <activity>
                    <okved>
                        <code>22.11.1</code>
                        <name>Издание книг, брошюр, буклетов и аналогичных публикаций, в том числе для слепых</name>
                        <type>O</type>
                    </okved>
                    <name>Редакционная и издательская деятельность</name>
                </activity>
                <activity>
                    <okved>
                        <code>60.24</code>
                        <name>Деятельность автомобильного грузового транспорта</name>
                        <type>O</type>
                    </okved>
                    <name>Транспортные услуги для личного состава</name>
                </activity>
                <activity>
                    <okved>
                        <code>22.25</code>
                        <name>Дополнительная деятельность, связанная с печатанием</name>
                        <type>O</type>
                    </okved>
                    <name>Реализация произведений учебного, научного и культурного характера</name>
                </activity>
                <activity>
                    <okved>
                        <code>80.30.3</code>
                        <name>Обучение в образовательных учреждениях дополнительного профессионального образования (повышения квалификации) для специалистов, имеющих высшее профессиональное образование</name>
                        <type>C</type>
                    </okved>
                    <name>Повышение квалификации сотрудников органов внутренних дел, федеральных государственных гражданских служащих, работников системы МВД России и иных лиц</name>
                </activity>
                <activity>
                    <okved>
                        <code>92.62</code>
                        <name>Прочая деятельность в области спорта</name>
                        <type>O</type>
                    </okved>
                    <name>Проведение спортивных мероприятий</name>
                </activity>
                <activity>
                    <okved>
                        <code>22.3</code>
                        <name>Копирование записанных носителей информации</name>
                        <type>O</type>
                    </okved>
                    <name>Копирование информации на электронный носитель из электронного каталога и файлового архива</name>
                </activity>
                <activity>
                    <okved>
                        <code>73.20</code>
                        <name>Научные исследования и разработки в области общественных и гуманитарных наук</name>
                        <type>O</type>
                    </okved>
                    <name>Выполнение научно-исследовательких работ по договорам сверх плана научной деятельности</name>
                </activity>
                <activity>
                    <okved>
                        <code>22.15</code>
                        <name>Прочие виды издательской деятельности</name>
                        <type>O</type>
                    </okved>
                    <name>Осуществление копировальных работ</name>
                </activity>
                <activity>
                    <okved>
                        <code>80.30.2</code>
                        <name>Послевузовское профессиональное образование</name>
                        <type>O</type>
                    </okved>
                    <name>Обучение по программам послевузовского профессионального образования</name>
                </activity>
                <activity>
                    <okved>
                        <code>60.23</code>
                        <name>Деятельность прочего сухопутного пассажирского транспорта</name>
                        <type>O</type>
                    </okved>
                    <name>Оказание транспортных услуг</name>
                </activity>
                <activity>
                    <okved>
                        <code>80.41.1</code>
                        <name>Обучение водителей автотранспортных средств</name>
                        <type>O</type>
                    </okved>
                    <name>Водитель автомобиля категории "В"</name>
                </activity>
                <activity>
                    <okved>
                        <code>55.5</code>
                        <name>Деятельность столовых при предприятиях и учреждениях и поставка продукции общественного питания</name>
                        <type>O</type>
                    </okved>
                    <name>Организация общественного питания, столовых, буфетов для личного состава и иных лиц, принимающих участие в деятельности учреждения</name>
                </activity>
                <activity>
                    <okved>
                        <code>74.11</code>
                        <name>Деятельность в области права</name>
                        <type>O</type>
                    </okved>
                    <name>Участие в разработке и рецензировании (экспертизе) проектов законодательных и иных нормативных правовых актов</name>
                </activity>
                <activity>
                    <okved>
                        <code>55.12</code>
                        <name>Деятельность гостиниц без ресторанов</name>
                        <type>O</type>
                    </okved>
                    <name>Оказание гостиничных услуг</name>
                </activity>
                <eMail>institut.mvd@rambler.ru</eMail>
            </additional>
            <other>
                <chief>
                    <lastName>Иоголевич</lastName>
                    <firstName>Владимир</firstName>
                    <middleName>Александрович</middleName>
                    <position>Начальник</position>
                </chief>
                <founder>
                    <regNum>0173100000062</regNum>
                    <fullName>Министерство внутренних дел Российской Федерации</fullName>
                </founder>
            </other>
            <document>
                <name>Приказ о назначении руководителя</name>
                <date>2011-09-06+04:00</date>
                <url>http://bus.gov.ru/public/download/download.html?id=6305909</url>
                <type>S</type>
            </document>
            <document>
                <name>Устав Тюменского института повышения квалификации сотрудников МВД России</name>
                <date>2011-09-20+04:00</date>
                <url>http://bus.gov.ru/public/download/download.html?id=6305910</url>
                <type>F</type>
            </document>
            <document>
                <name>Отчет о результатах деятельности ТИПК МВД России на 01.01.2012г.</name>
                <date>2012-06-28+04:00</date>
                <url>http://bus.gov.ru/public/download/download.html?id=6305911</url>
                <type>O</type>
            </document>
            <document>
                <name>Свидетельство о постановке на учет в налоговом органе</name>
                <date>2011-10-14+04:00</date>
                <url>http://bus.gov.ru/public/download/download.html?id=6305912</url>
                <type>E</type>
            </document>
            <document>
                <name>Свидетельство о внесении записи в Единый государственный реестр юридических лиц</name>
                <date>2011-10-14+04:00</date>
                <url>http://bus.gov.ru/public/download/download.html?id=6305913</url>
                <type>E</type>
            </document>
        </ns2:position>
    
<ns2:position xmlns:ns2="http://bus.gov.ru/external/1" xmlns="http://bus.gov.ru/types/1" xmlns:xsi="http://www.w3.org/2001/XMLSchema-instance" xmlns:ns3="http://bus.gov.ru/fk/1">
            <positionId>6ac1eed5-79a1-4958-8474-5cb164826eaf</positionId>
            <changeDate>2012-10-12T09:34:38.403+04:00</changeDate>
            <placer>
                <regNum>0367100000091</regNum>
                <fullName>федеральное государственное казенное учреждение "Управление вневедомственной охраны Управления Министерства внутренних дел Российской Федерации по Тюменской области"</fullName>
                <inn>7203280444</inn>
                <kpp>720301001</kpp>
            </placer>
            <initiator>
                <regNum>0367100000091</regNum>
                <fullName>федеральное государственное казенное учреждение "Управление вневедомственной охраны Управления Министерства внутренних дел Российской Федерации по Тюменской области"</fullName>
                <inn>7203280444</inn>
                <kpp>720301001</kpp>
            </initiator>
            <versionNumber>0</versionNumber>
            <main>
                <shortName>ФГКУ УВО УМВД России по Тюменской области</shortName>
                <ogrn>1127232046633</ogrn>
                <rbs>
                    <regNum>0367100000009</regNum>
                    <fullName>Управление Министерства внутренних дел Российской Федерации по Тюменской области</fullName>
                </rbs>
                <grbs>
                    <regNum>0173100000054</regNum>
                    <fullName>Министерство внутренних дел Российской Федерации</fullName>
                </grbs>
                <orgType>08</orgType>
                <classifier>
                    <okfs>
                        <code>12</code>
                        <name>Федеральная собственность</name>
                    </okfs>
                    <okopf>
                        <code>74</code>
                        <name>Казенные учреждения</name>
                    </okopf>
                    <okogu>
                        <code>1310500</code>
                        <name>Министерство внутренних дел Российской Федерации</name>
                    </okogu>
                    <okpo>
                        <code>08596587</code>
                    </okpo>
                    <okato>
                        <code>71401000000</code>
                        <name>Тюмень</name>
                    </okato>
                    <okved>
                        <code>75.24.1</code>
                        <name>Деятельность органов внутренних дел</name>
                        <type>C</type>
                    </okved>
                </classifier>
                <address>
                    <zip>625014</zip>
                    <subject>
                        <code>72000000000</code>
                        <name>Тюменская обл</name>
                    </subject>
                    <city>
                        <code>72000001000</code>
                        <name>Тюмень г</name>
                    </city>
                    <street>
                        <code>720000010000166</code>
                        <name>Республики ул</name>
                    </street>
                    <building>254</building>
                </address>
            </main>
            <additional>
                <institutionType>
                    <code>9900000</code>
                    <name>Прочие</name>
                </institutionType>
                <ppo>
                    <code>00000000000</code>
                    <name>Российская Федерация</name>
                    <okato>
                        <code>00000000000</code>
                        <name>Объекты административно-территориального деления, кроме сельских населенных пунктов</name>
                    </okato>
                    <oktmo>
                        <code>71701000</code>
                        <name>Город Тюмень</name>
                    </oktmo>
                </ppo>
                <phone>7-3452-274615</phone>
                <www>http://www.uvoguvd.ru</www>
                <section>188</section>
                <oktmo>
                    <code>71701000</code>
                    <name>Город Тюмень</name>
                </oktmo>
                <activity>
                    <okved>
                        <code>75.24.1</code>
                        <name>Деятельность органов внутренних дел</name>
                    </okved>
                    <name>Услуги охраны имущества на договорной основе</name>
                </activity>
                <eMail>uvotm@mail.ru</eMail>
            </additional>
            <other>
                <chief>
                    <lastName>Гриненко</lastName>
                    <firstName>Александр</firstName>
                    <middleName>Владимирович</middleName>
                    <position>Начальник управления</position>
                </chief>
                <founder>
                    <regNum>0173100000062</regNum>
                    <fullName>Министерство внутренних дел Российской Федерации</fullName>
                </founder>
            </other>
            <document>
                <name>приказ</name>
                <date>2012-08-10+04:00</date>
                <url>http://bus.gov.ru/public/download/download.html?id=5720639</url>
                <type>S</type>
            </document>
            <document>
                <name>Распоряжение</name>
                <date>2011-12-30+04:00</date>
                <url>http://bus.gov.ru/public/download/download.html?id=5721061</url>
            </document>
            <document>
                <name>Устав</name>
                <date>2012-05-05+04:00</date>
                <url>http://bus.gov.ru/public/download/download.html?id=5720479</url>
                <type>F</type>
            </document>
            <document>
                <name>выписка из ЕРГЮЛ</name>
                <date>2012-08-28+04:00</date>
                <url>http://bus.gov.ru/public/download/download.html?id=5720689</url>
                <type>O</type>
            </document>
            <document>
                <name>св-во о регистрации юр.лица</name>
                <date>2012-08-28+04:00</date>
                <url>http://bus.gov.ru/public/download/download.html?id=5720558</url>
                <type>E</type>
            </document>
        </ns2:position>
    
<ns2:position xmlns:ns2="http://bus.gov.ru/external/1" xmlns="http://bus.gov.ru/types/1" xmlns:xsi="http://www.w3.org/2001/XMLSchema-instance" xmlns:ns3="http://bus.gov.ru/fk/1">
            <positionId>b50a5285-aec7-4301-a08c-1a64e5534220</positionId>
            <changeDate>2012-11-07T11:26:23.246+04:00</changeDate>
            <placer>
                <regNum>0867100000010</regNum>
                <fullName>федеральное государственное казенное образовательное учреждение дополнительного профессионального образования "Тюменский институт повышения квалификации сотрудников Министерства внутренних дел Российской Федерации"</fullName>
                <inn>7204006878</inn>
                <kpp>720401001</kpp>
            </placer>
            <initiator>
                <regNum>0867100000010</regNum>
                <fullName>федеральное государственное казенное образовательное учреждение дополнительного профессионального образования "Тюменский институт повышения квалификации сотрудников Министерства внутренних дел Российской Федерации"</fullName>
                <inn>7204006878</inn>
                <kpp>720401001</kpp>
            </initiator>
            <versionNumber>10</versionNumber>
            <main>
                <shortName>ТИПК МВД России, Тюменский институт повышения квалификации сотрудников МВД России, ФГКОУ ДПО "ТИПК МВД России"</shortName>
                <ogrn>1027200788262</ogrn>
                <rbs>
                    <regNum>0173100000062</regNum>
                    <fullName>Министерство внутренних дел Российской Федерации</fullName>
                </rbs>
                <grbs>
                    <regNum>0173100000062</regNum>
                    <fullName>Министерство внутренних дел Российской Федерации</fullName>
                </grbs>
                <orgType>08</orgType>
                <classifier>
                    <okfs>
                        <code>12</code>
                        <name>Федеральная собственность</name>
                    </okfs>
                    <okopf>
                        <code>72</code>
                        <name>Бюджетные учреждения</name>
                    </okopf>
                    <okogu>
                        <code>1310500</code>
                        <name>Министерство внутренних дел Российской Федерации</name>
                    </okogu>
                    <okpo>
                        <code>08572121</code>
                    </okpo>
                    <okato>
                        <code>71401364000</code>
                        <name>Калининский</name>
                    </okato>
                    <okved>
                        <code>60.24</code>
                        <name>Деятельность автомобильного грузового транспорта</name>
                        <type>O</type>
                    </okved>
                    <okved>
                        <code>22.3</code>
                        <name>Копирование записанных носителей информации</name>
                        <type>O</type>
                    </okved>
                    <okved>
                        <code>22.15</code>
                        <name>Прочие виды издательской деятельности</name>
                        <type>O</type>
                    </okved>
                    <okved>
                        <code>80.30.2</code>
                        <name>Послевузовское профессиональное образование</name>
                        <type>O</type>
                    </okved>
                    <okved>
                        <code>80.41.1</code>
                        <name>Обучение водителей автотранспортных средств</name>
                        <type>O</type>
                    </okved>
                    <okved>
                        <code>55.5</code>
                        <name>Деятельность столовых при предприятиях и учреждениях и поставка продукции общественного питания</name>
                        <type>O</type>
                    </okved>
                    <okved>
                        <code>80.30.3</code>
                        <name>Обучение в образовательных учреждениях дополнительного профессионального образования (повышения квалификации) для специалистов, имеющих высшее профессиональное образование</name>
                        <type>C</type>
                    </okved>
                    <okved>
                        <code>73.20</code>
                        <name>Научные исследования и разработки в области общественных и гуманитарных наук</name>
                        <type>O</type>
                    </okved>
                    <okved>
                        <code>55.12</code>
                        <name>Деятельность гостиниц без ресторанов</name>
                        <type>O</type>
                    </okved>
                    <okved>
                        <code>22.25</code>
                        <name>Дополнительная деятельность, связанная с печатанием</name>
                        <type>O</type>
                    </okved>
                    <okved>
                        <code>60.23</code>
                        <name>Деятельность прочего сухопутного пассажирского транспорта</name>
                        <type>O</type>
                    </okved>
                    <okved>
                        <code>92.62</code>
                        <name>Прочая деятельность в области спорта</name>
                        <type>O</type>
                    </okved>
                    <okved>
                        <code>22.11.1</code>
                        <name>Издание книг, брошюр, буклетов и аналогичных публикаций, в том числе для слепых</name>
                        <type>O</type>
                    </okved>
                    <okved>
                        <code>74.11</code>
                        <name>Деятельность в области права</name>
                        <type>O</type>
                    </okved>
                </classifier>
                <address>
                    <zip>625049</zip>
                    <subject>
                        <code>72000000000</code>
                        <name>Тюменская обл</name>
                    </subject>
                    <city>
                        <code>72000001000</code>
                        <name>Тюмень г</name>
                    </city>
                    <street>
                        <code>720000010000331</code>
                        <name>Амурская ул</name>
                    </street>
                    <building>75</building>
                </address>
            </main>
            <additional>
                <institutionType>
                    <code>1012010</code>
                    <name>Институт повышения квалификации (институт усовершенствования)</name>
                </institutionType>
                <ppo>
                    <code>00000000000</code>
                    <name>Российская Федерация</name>
                    <okato>
                        <code>00000000000</code>
                        <name>Объекты административно-территориального деления, кроме сельских населенных пунктов</name>
                    </okato>
                    <oktmo>
                        <code>45300000</code>
                        <name>Внутригородские территории города Москвы (см. также 45 900 000)</name>
                    </oktmo>
                </ppo>
                <phone>7-3452-598472</phone>
                <www>http://www.tipkmvd.ru</www>
                <section>188</section>
                <oktmo>
                    <code>71701000</code>
                    <name>Город Тюмень</name>
                </oktmo>
                <activity>
                    <okved>
                        <code>22.11.1</code>
                        <name>Издание книг, брошюр, буклетов и аналогичных публикаций, в том числе для слепых</name>
                        <type>O</type>
                    </okved>
                    <name>Редакционная и издательская деятельность</name>
                </activity>
                <activity>
                    <okved>
                        <code>60.24</code>
                        <name>Деятельность автомобильного грузового транспорта</name>
                        <type>O</type>
                    </okved>
                    <name>Транспортные услуги для личного состава</name>
                </activity>
                <activity>
                    <okved>
                        <code>22.25</code>
                        <name>Дополнительная деятельность, связанная с печатанием</name>
                        <type>O</type>
                    </okved>
                    <name>Реализация произведений учебного, научного и культурного характера</name>
                </activity>
                <activity>
                    <okved>
                        <code>80.30.3</code>
                        <name>Обучение в образовательных учреждениях дополнительного профессионального образования (повышения квалификации) для специалистов, имеющих высшее профессиональное образование</name>
                        <type>C</type>
                    </okved>
                    <name>Повышение квалификации сотрудников органов внутренних дел, федеральных государственных гражданских служащих, работников системы МВД России и иных лиц</name>
                </activity>
                <activity>
                    <okved>
                        <code>92.62</code>
                        <name>Прочая деятельность в области спорта</name>
                        <type>O</type>
                    </okved>
                    <name>Проведение спортивных мероприятий</name>
                </activity>
                <activity>
                    <okved>
                        <code>22.3</code>
                        <name>Копирование записанных носителей информации</name>
                        <type>O</type>
                    </okved>
                    <name>Копирование информации на электронный носитель из электронного каталога и файлового архива</name>
                </activity>
                <activity>
                    <okved>
                        <code>73.20</code>
                        <name>Научные исследования и разработки в области общественных и гуманитарных наук</name>
                        <type>O</type>
                    </okved>
                    <name>Выполнение научно-исследовательких работ по договорам сверх плана научной деятельности</name>
                </activity>
                <activity>
                    <okved>
                        <code>22.15</code>
                        <name>Прочие виды издательской деятельности</name>
                        <type>O</type>
                    </okved>
                    <name>Осуществление копировальных работ</name>
                </activity>
                <activity>
                    <okved>
                        <code>80.30.2</code>
                        <name>Послевузовское профессиональное образование</name>
                        <type>O</type>
                    </okved>
                    <name>Обучение по программам послевузовского профессионального образования</name>
                </activity>
                <activity>
                    <okved>
                        <code>60.23</code>
                        <name>Деятельность прочего сухопутного пассажирского транспорта</name>
                        <type>O</type>
                    </okved>
                    <name>Оказание транспортных услуг</name>
                </activity>
                <activity>
                    <okved>
                        <code>80.41.1</code>
                        <name>Обучение водителей автотранспортных средств</name>
                        <type>O</type>
                    </okved>
                    <name>Водитель автомобиля категории "В"</name>
                </activity>
                <activity>
                    <okved>
                        <code>55.5</code>
                        <name>Деятельность столовых при предприятиях и учреждениях и поставка продукции общественного питания</name>
                        <type>O</type>
                    </okved>
                    <name>Организация общественного питания, столовых, буфетов для личного состава и иных лиц, принимающих участие в деятельности учреждения</name>
                </activity>
                <activity>
                    <okved>
                        <code>74.11</code>
                        <name>Деятельность в области права</name>
                        <type>O</type>
                    </okved>
                    <name>Участие в разработке и рецензировании (экспертизе) проектов законодательных и иных нормативных правовых актов</name>
                </activity>
                <activity>
                    <okved>
                        <code>55.12</code>
                        <name>Деятельность гостиниц без ресторанов</name>
                        <type>O</type>
                    </okved>
                    <name>Оказание гостиничных услуг</name>
                </activity>
                <eMail>institut.mvd@rambler.ru</eMail>
            </additional>
            <other>
                <chief>
                    <lastName>Иоголевич</lastName>
                    <firstName>Владимир</firstName>
                    <middleName>Александрович</middleName>
                    <position>Начальник</position>
                </chief>
                <founder>
                    <regNum>0173100000062</regNum>
                    <fullName>Министерство внутренних дел Российской Федерации</fullName>
                </founder>
            </other>
            <document>
                <name>Приказ о назначении руководителя</name>
                <date>2011-09-06+04:00</date>
                <url>http://bus.gov.ru/public/download/download.html?id=6305909</url>
                <type>S</type>
            </document>
            <document>
                <name>Устав Тюменского института повышения квалификации сотрудников МВД России</name>
                <date>2011-09-20+04:00</date>
                <url>http://bus.gov.ru/public/download/download.html?id=6305910</url>
                <type>F</type>
            </document>
            <document>
                <name>Отчет о результатах деятельности ТИПК МВД России на 01.01.2012г.</name>
                <date>2012-06-28+04:00</date>
                <url>http://bus.gov.ru/public/download/download.html?id=6305911</url>
                <type>O</type>
            </document>
            <document>
                <name>Свидетельство о постановке на учет в налоговом органе</name>
                <date>2011-10-14+04:00</date>
                <url>http://bus.gov.ru/public/download/download.html?id=6305912</url>
                <type>E</type>
            </document>
            <document>
                <name>Свидетельство о внесении записи в Единый государственный реестр юридических лиц</name>
                <date>2011-10-14+04:00</date>
                <url>http://bus.gov.ru/public/download/download.html?id=6305913</url>
                <type>E</type>
            </document>
        </ns2:position>
    

    </ns2:body>
    </ns2:institutionInfo>        
        