<?xml version="1.0" encoding="UTF-8" standalone="yes"?>
<ns2:institutionInfo xsi:schemaLocation="http://bus.gov.ru/public/schema/TFF-0.1.3.1/External.xsd" xmlns="http://bus.gov.ru/types/1" xmlns:ns2="http://bus.gov.ru/external/1" xmlns:xsi="http://www.w3.org/2001/XMLSchema-instance" xmlns:ns3="http://bus.gov.ru/fk/1">
    <ns2:body>                        
	<ns2:position xmlns:ns2="http://bus.gov.ru/external/1" xmlns="http://bus.gov.ru/types/1" xmlns:xsi="http://www.w3.org/2001/XMLSchema-instance" xmlns:ns3="http://bus.gov.ru/fk/1">
            <positionId>b5b3f444-2fba-4762-bcb3-773087f38a5c</positionId>
            <changeDate>2012-07-05T13:13:18.876+04:00</changeDate>
            <placer>
                <regNum>0868100000025</regNum>
                <fullName>федеральное казенное учреждение здравоохранения "Медико-санитарная часть Министерства внутренних дел  Российской Федерации по Ульяновской области"</fullName>
                <inn>7325059183</inn>
                <kpp>732501001</kpp>
            </placer>
            <initiator>
                <regNum>0868100000025</regNum>
                <fullName>федеральное казенное учреждение здравоохранения "Медико-санитарная часть Министерства внутренних дел  Российской Федерации по Ульяновской области"</fullName>
                <inn>7325059183</inn>
                <kpp>732501001</kpp>
            </initiator>
            <versionNumber>0</versionNumber>
            <main>
                <shortName>ФКУЗ "МСЧ МВД России по Ульяновской области"</shortName>
                <ogrn>1067325003558</ogrn>
                <rbs>
                    <regNum>0168100000019</regNum>
                    <fullName>Управление Министерства внутренних дел Российской Федерации по Ульяновской области</fullName>
                </rbs>
                <grbs>
                    <regNum>0173100000062</regNum>
                    <fullName>Министерство внутренних дел Российской Федерации</fullName>
                </grbs>
                <orgType>08</orgType>
                <classifier>
                    <okfs>
                        <code>12</code>
                        <name>Федеральная собственность</name>
                    </okfs>
                    <okopf>
                        <code>72</code>
                        <name>Бюджетные учреждения</name>
                    </okopf>
                    <okogu>
                        <code>1310500</code>
                        <name>Министерство внутренних дел Российской Федерации</name>
                    </okogu>
                    <okpo>
                        <code>08835684</code>
                    </okpo>
                    <okato>
                        <code>73401000000</code>
                        <name>Ульяновск</name>
                    </okato>
                    <okved>
                        <code>85.11.1</code>
                        <name>Деятельность больничных учреждений широкого профиля и специализированных</name>
                        <type>C</type>
                    </okved>
                </classifier>
                <address>
                    <zip>432002</zip>
                    <subject>
                        <code>73000000000</code>
                        <name>Ульяновская обл</name>
                    </subject>
                    <city>
                        <code>73000001000</code>
                        <name>Ульяновск г</name>
                    </city>
                    <street>
                        <code>730000010000486</code>
                        <name>Орлова ул</name>
                    </street>
                    <building>17</building>
                </address>
            </main>
            <additional>
                <institutionType>
                    <code>0500000</code>
                    <name>Здравоохранение</name>
                </institutionType>
                <ppo>
                    <code>00000000000</code>
                    <name>Российская Федерация</name>
                    <okato>
                        <code>00000000000</code>
                        <name>Объекты административно-территориального деления, кроме сельских населенных пунктов</name>
                    </okato>
                    <oktmo>
                        <code>73701000</code>
                        <name>- город Ульяновск</name>
                    </oktmo>
                </ppo>
                <phone>7-88422-674588</phone>
                <section>188</section>
                <oktmo>
                    <code>73701000</code>
                    <name>- город Ульяновск</name>
                </oktmo>
                <activity>
                    <okved>
                        <code>85.11.1</code>
                        <name>Деятельность больничных учреждений широкого профиля и специализированных</name>
                    </okved>
                    <name>Медицинские услуги</name>
                </activity>
                <eMail>msch_uvd@ulx.ru</eMail>
            </additional>
            <other>
                <chief>
                    <lastName>Корженевич</lastName>
                    <firstName>Владимир</firstName>
                    <middleName>Исаакович</middleName>
                    <position>Начальник</position>
                </chief>
                <founder>
                    <regNum>0173100000062</regNum>
                    <fullName>Министерство внутренних дел Российской Федерации</fullName>
                </founder>
            </other>
            <document>
                <name>Приказ о назначениии</name>
                <date>2009-09-09+04:00</date>
                <url>http://bus.gov.ru/public/download/download.html?id=4463642</url>
                <type>S</type>
            </document>
            <document>
                <name>Распоряжение правительства о создании</name>
                <date>2005-07-16+04:00</date>
                <url>http://bus.gov.ru/public/download/download.html?id=4463655</url>
                <type>C</type>
            </document>
            <document>
                <name>Устав</name>
                <date>2005-12-30+03:00</date>
                <url>http://bus.gov.ru/public/download/download.html?id=4463818</url>
                <type>F</type>
            </document>
            <document>
                <name>Свидетельство ЕГРЮЛ</name>
                <date>2011-07-15+04:00</date>
                <url>http://bus.gov.ru/public/download/download.html?id=4463497</url>
                <type>E</type>
            </document>
        </ns2:position>
    
<ns2:position xmlns:ns2="http://bus.gov.ru/external/1" xmlns="http://bus.gov.ru/types/1" xmlns:xsi="http://www.w3.org/2001/XMLSchema-instance" xmlns:ns3="http://bus.gov.ru/fk/1">
            <positionId>b5b3f444-2fba-4762-bcb3-773087f38a5c</positionId>
            <changeDate>2012-07-05T13:13:18.876+04:00</changeDate>
            <placer>
                <regNum>0868100000025</regNum>
                <fullName>федеральное казенное учреждение здравоохранения "Медико-санитарная часть Министерства внутренних дел  Российской Федерации по Ульяновской области"</fullName>
                <inn>7325059183</inn>
                <kpp>732501001</kpp>
            </placer>
            <initiator>
                <regNum>0868100000025</regNum>
                <fullName>федеральное казенное учреждение здравоохранения "Медико-санитарная часть Министерства внутренних дел  Российской Федерации по Ульяновской области"</fullName>
                <inn>7325059183</inn>
                <kpp>732501001</kpp>
            </initiator>
            <versionNumber>0</versionNumber>
            <main>
                <shortName>ФКУЗ "МСЧ МВД России по Ульяновской области"</shortName>
                <ogrn>1067325003558</ogrn>
                <rbs>
                    <regNum>0168100000019</regNum>
                    <fullName>Управление Министерства внутренних дел Российской Федерации по Ульяновской области</fullName>
                </rbs>
                <grbs>
                    <regNum>0173100000062</regNum>
                    <fullName>Министерство внутренних дел Российской Федерации</fullName>
                </grbs>
                <orgType>08</orgType>
                <classifier>
                    <okfs>
                        <code>12</code>
                        <name>Федеральная собственность</name>
                    </okfs>
                    <okopf>
                        <code>72</code>
                        <name>Бюджетные учреждения</name>
                    </okopf>
                    <okogu>
                        <code>1310500</code>
                        <name>Министерство внутренних дел Российской Федерации</name>
                    </okogu>
                    <okpo>
                        <code>08835684</code>
                    </okpo>
                    <okato>
                        <code>73401000000</code>
                        <name>Ульяновск</name>
                    </okato>
                    <okved>
                        <code>85.11.1</code>
                        <name>Деятельность больничных учреждений широкого профиля и специализированных</name>
                        <type>C</type>
                    </okved>
                </classifier>
                <address>
                    <zip>432002</zip>
                    <subject>
                        <code>73000000000</code>
                        <name>Ульяновская обл</name>
                    </subject>
                    <city>
                        <code>73000001000</code>
                        <name>Ульяновск г</name>
                    </city>
                    <street>
                        <code>730000010000486</code>
                        <name>Орлова ул</name>
                    </street>
                    <building>17</building>
                </address>
            </main>
            <additional>
                <institutionType>
                    <code>0500000</code>
                    <name>Здравоохранение</name>
                </institutionType>
                <ppo>
                    <code>00000000000</code>
                    <name>Российская Федерация</name>
                    <okato>
                        <code>00000000000</code>
                        <name>Объекты административно-территориального деления, кроме сельских населенных пунктов</name>
                    </okato>
                    <oktmo>
                        <code>73701000</code>
                        <name>- город Ульяновск</name>
                    </oktmo>
                </ppo>
                <phone>7-88422-674588</phone>
                <section>188</section>
                <oktmo>
                    <code>73701000</code>
                    <name>- город Ульяновск</name>
                </oktmo>
                <activity>
                    <okved>
                        <code>85.11.1</code>
                        <name>Деятельность больничных учреждений широкого профиля и специализированных</name>
                    </okved>
                    <name>Медицинские услуги</name>
                </activity>
                <eMail>msch_uvd@ulx.ru</eMail>
            </additional>
            <other>
                <chief>
                    <lastName>Корженевич</lastName>
                    <firstName>Владимир</firstName>
                    <middleName>Исаакович</middleName>
                    <position>Начальник</position>
                </chief>
                <founder>
                    <regNum>0173100000062</regNum>
                    <fullName>Министерство внутренних дел Российской Федерации</fullName>
                </founder>
            </other>
            <document>
                <name>Приказ о назначениии</name>
                <date>2009-09-09+04:00</date>
                <url>http://bus.gov.ru/public/download/download.html?id=4463642</url>
                <type>S</type>
            </document>
            <document>
                <name>Распоряжение правительства о создании</name>
                <date>2005-07-16+04:00</date>
                <url>http://bus.gov.ru/public/download/download.html?id=4463655</url>
                <type>C</type>
            </document>
            <document>
                <name>Устав</name>
                <date>2005-12-30+03:00</date>
                <url>http://bus.gov.ru/public/download/download.html?id=4463818</url>
                <type>F</type>
            </document>
            <document>
                <name>Свидетельство ЕГРЮЛ</name>
                <date>2011-07-15+04:00</date>
                <url>http://bus.gov.ru/public/download/download.html?id=4463497</url>
                <type>E</type>
            </document>
        </ns2:position>
    

    </ns2:body>
    </ns2:institutionInfo>        
        