<?xml version="1.0" encoding="UTF-8" standalone="yes"?>
<ns2:institutionInfo xsi:schemaLocation="http://bus.gov.ru/public/schema/TFF-0.1.3.1/External.xsd" xmlns="http://bus.gov.ru/types/1" xmlns:ns2="http://bus.gov.ru/external/1" xmlns:xsi="http://www.w3.org/2001/XMLSchema-instance" xmlns:ns3="http://bus.gov.ru/fk/1">
    <ns2:body>                        
	<ns2:position xmlns:ns2="http://bus.gov.ru/external/1" xmlns="http://bus.gov.ru/types/1" xmlns:xsi="http://www.w3.org/2001/XMLSchema-instance" xmlns:ns3="http://bus.gov.ru/fk/1">
            <positionId>6405f9f9-b95b-4f2d-9b7a-a3d5e3a852ad</positionId>
            <changeDate>2012-08-20T09:48:35.842+04:00</changeDate>
            <placer>
                <regNum>0891100000025</regNum>
                <fullName>федеральное государственное казенное общеобразовательное учреждение "Читинское суворовское военное училище Министерства внутренних дел Российской Федерации"</fullName>
                <inn>7536105061</inn>
                <kpp>753601001</kpp>
            </placer>
            <initiator>
                <regNum>0891100000025</regNum>
                <fullName>федеральное государственное казенное общеобразовательное учреждение "Читинское суворовское военное училище Министерства внутренних дел Российской Федерации"</fullName>
                <inn>7536105061</inn>
                <kpp>753601001</kpp>
            </initiator>
            <versionNumber>3</versionNumber>
            <main>
                <shortName>Читинское суворовское военное училище МВД России</shortName>
                <ogrn>1097536006622</ogrn>
                <rbs>
                    <regNum>0173100000054</regNum>
                    <fullName>Министерство внутренних дел Российской Федерации</fullName>
                </rbs>
                <grbs>
                    <regNum>0173100000054</regNum>
                    <fullName>Министерство внутренних дел Российской Федерации</fullName>
                </grbs>
                <orgType>08</orgType>
                <classifier>
                    <okfs>
                        <code>12</code>
                        <name>Федеральная собственность</name>
                    </okfs>
                    <okopf>
                        <code>72</code>
                        <name>Бюджетные учреждения</name>
                    </okopf>
                    <okogu>
                        <code>1310500</code>
                        <name>Министерство внутренних дел Российской Федерации</name>
                    </okogu>
                    <okpo>
                        <code>08680537</code>
                    </okpo>
                    <okato>
                        <code>76401380000</code>
                        <name>Черновский</name>
                    </okato>
                    <okved>
                        <code>80.21.2</code>
                        <name>Среднее (полное) общее образование</name>
                        <type>C</type>
                    </okved>
                </classifier>
                <address>
                    <zip>672030</zip>
                    <subject>
                        <code>75000000000</code>
                        <name>Забайкальский край</name>
                    </subject>
                    <city>
                        <code>75000001000</code>
                        <name>Чита г</name>
                    </city>
                    <locality>
                        <code>75000001007</code>
                        <name>Текстильщиков</name>
                    </locality>
                    <street>
                        <code>750000010070015</code>
                        <name>Труда ул</name>
                    </street>
                    <building>16</building>
                </address>
            </main>
            <additional>
                <institutionType>
                    <code>1016000</code>
                    <name>Общеобразовательное учреждение</name>
                </institutionType>
                <ppo>
                    <code>00000000000</code>
                    <name>Российская Федерация</name>
                    <okato>
                        <code>00000000000</code>
                        <name>Объекты административно-территориального деления, кроме сельских населенных пунктов</name>
                    </okato>
                    <oktmo>
                        <code>76701000</code>
                        <name>- Город Чита</name>
                    </oktmo>
                </ppo>
                <phone>7-3022-396017</phone>
                <www>http://www.chsvu.ru</www>
                <section>182</section>
                <oktmo>
                    <code>76701000</code>
                    <name>- Город Чита</name>
                </oktmo>
                <activity>
                    <okved>
                        <code>80.21.2</code>
                        <name>Среднее (полное) общее образование</name>
                    </okved>
                    <name>Образовательная деятельность</name>
                </activity>
                <eMail>police_school@mail.ru</eMail>
            </additional>
            <other>
                <chief>
                    <lastName>РОМАНОВ</lastName>
                    <firstName>СУРЕН</firstName>
                    <middleName>ГРИГОРЬЕВИЧ</middleName>
                    <position>Начальник училища</position>
                </chief>
                <founder>
                    <regNum>0173100000062</regNum>
                    <fullName>Министерство внутренних дел Российской Федерации</fullName>
                </founder>
            </other>
            <document>
                <name>Выписка из приказа</name>
                <date>2011-07-06+04:00</date>
                <url>http://bus.gov.ru/public/download/download.html?id=4995108</url>
                <type>S</type>
            </document>
            <document>
                <name>Устав</name>
                <date>2009-09-25+04:00</date>
                <url>http://bus.gov.ru/public/download/download.html?id=4995109</url>
                <type>F</type>
            </document>
            <document>
                <name>Сидетельство ИНН</name>
                <date>2009-10-12+04:00</date>
                <url>http://bus.gov.ru/public/download/download.html?id=4995110</url>
                <type>O</type>
            </document>
            <document>
                <name>Свидетельство ЕГРЮЛ</name>
                <date>2009-10-12+04:00</date>
                <url>http://bus.gov.ru/public/download/download.html?id=4995111</url>
                <type>E</type>
            </document>
        </ns2:position>
    
<ns2:position xmlns:ns2="http://bus.gov.ru/external/1" xmlns="http://bus.gov.ru/types/1" xmlns:xsi="http://www.w3.org/2001/XMLSchema-instance" xmlns:ns3="http://bus.gov.ru/fk/1">
            <positionId>50eb19db-a240-4a69-84aa-6eaf3850bb36</positionId>
            <changeDate>2012-09-13T08:29:47.066+04:00</changeDate>
            <placer>
                <regNum>0395100009028</regNum>
                <fullName>филиал федерального казенного учреждения "Главный центр специальных перевозок Министерства внутренних дел Российской Федерации" "Центр специальных перевозок МВД России на Забайкальской железной дороге"</fullName>
                <inn>7702718243</inn>
                <kpp>753643001</kpp>
            </placer>
            <initiator>
                <regNum>0395100009028</regNum>
                <fullName>филиал федерального казенного учреждения "Главный центр специальных перевозок Министерства внутренних дел Российской Федерации" "Центр специальных перевозок МВД России на Забайкальской железной дороге"</fullName>
                <inn>7702718243</inn>
                <kpp>753643001</kpp>
            </initiator>
            <versionNumber>1</versionNumber>
            <main>
                <shortName>филиал ФКУ "ГЦСП МВД России" "ЦСП МВД России на Забайкальской ж.д."</shortName>
                <ogrn>1097746667061</ogrn>
                <rbs>
                    <regNum>0873100000015</regNum>
                    <fullName>федеральное казенное учреждение "Главный центр специальных перевозок Министерства внутренних дел Российской Федерации"</fullName>
                </rbs>
                <grbs>
                    <regNum>0173100000054</regNum>
                    <fullName>Министерство внутренних дел Российской Федерации</fullName>
                </grbs>
                <orgType>08</orgType>
                <classifier>
                    <okfs>
                        <code>12</code>
                        <name>Федеральная собственность</name>
                    </okfs>
                    <okopf>
                        <code>90</code>
                        <name>Представительства и филиалы</name>
                    </okopf>
                    <okogu>
                        <code>1310500</code>
                        <name>Министерство внутренних дел Российской Федерации</name>
                    </okogu>
                    <okpo>
                        <code>08680856</code>
                    </okpo>
                    <okato>
                        <code>76401373000</code>
                        <name>Центральный</name>
                    </okato>
                    <okved>
                        <code>75.24.1</code>
                        <name>Деятельность органов внутренних дел</name>
                        <type>C</type>
                    </okved>
                </classifier>
                <address>
                    <zip>672000</zip>
                    <subject>
                        <code>75000000000</code>
                        <name>Забайкальский</name>
                    </subject>
                    <city>
                        <code>75000001000</code>
                        <name>Чита</name>
                    </city>
                    <street>
                        <name>Ленинградская</name>
                    </street>
                    <building>34</building>
                    <office>618</office>
                </address>
            </main>
            <additional>
                <institutionType>
                    <code>1500000</code>
                    <name>Транспорт и дорожное обслуживание</name>
                </institutionType>
                <ppo>
                    <code>00000000000</code>
                    <name>Российская Федерация</name>
                    <okato>
                        <code>00000000000</code>
                        <name>Объекты административно-территориального деления, кроме сельских населенных пунктов</name>
                    </okato>
                </ppo>
                <phone>7-3022-225665</phone>
                <section>188</section>
                <oktmo>
                    <code>76701000</code>
                    <name>Город Чита</name>
                </oktmo>
                <activity>
                    <okved>
                        <code>75.24.1</code>
                        <name>Деятельность органов внутренних дел</name>
                    </okved>
                    <name>Деятельность органов внутренних дел</name>
                </activity>
                <eMail>cspzab@mail.ru</eMail>
            </additional>
            <other>
                <chief>
                    <lastName>Яценко</lastName>
                    <firstName>Артур</firstName>
                    <middleName>Николаевич</middleName>
                    <position>Начальник центра</position>
                </chief>
                <founder>
                    <regNum>0173100000062</regNum>
                    <fullName>Министерство внутренних дел Российской Федерации</fullName>
                </founder>
            </other>
            <document>
                <name>Приказ о назначении руководителя</name>
                <date>2011-04-11+04:00</date>
                <url>http://bus.gov.ru/public/download/download.html?id=5071417</url>
                <type>S</type>
            </document>
            <document>
                <name>Положение о филиале ФКУ ГЦСП МВД России</name>
                <date>2011-05-03+04:00</date>
                <url>http://bus.gov.ru/public/download/download.html?id=5071418</url>
                <type>F</type>
            </document>
            <document>
                <name>Приказ о создании филиала ЦСП МВД РФ на Забайкальской ЖД</name>
                <date>2011-05-03+04:00</date>
                <url>http://bus.gov.ru/public/download/download.html?id=5071419</url>
                <type>O</type>
            </document>
            <document>
                <name>Устав</name>
                <date>2009-10-06+04:00</date>
                <url>http://bus.gov.ru/public/download/download.html?id=5071420</url>
                <type>O</type>
            </document>
            <document>
                <name>Уведомление о постановке на учет в ИФНС</name>
                <date>2009-10-29+03:00</date>
                <url>http://bus.gov.ru/public/download/download.html?id=5071421</url>
                <type>E</type>
            </document>
        </ns2:position>
    
<ns2:position xmlns:ns2="http://bus.gov.ru/external/1" xmlns="http://bus.gov.ru/types/1" xmlns:xsi="http://www.w3.org/2001/XMLSchema-instance" xmlns:ns3="http://bus.gov.ru/fk/1">
            <positionId>3f1ef398-1f6f-4ec5-94ab-8afbd55df1da</positionId>
            <changeDate>2012-08-28T08:10:12.504+04:00</changeDate>
            <placer>
                <regNum>0891100000006</regNum>
                <fullName>федеральное казенное  учреждение здравоохранения "Медико-санитарная часть Министерства внутренних дел Российской Федерации по Забайкальскому краю"</fullName>
                <inn>7536067320</inn>
                <kpp>753601001</kpp>
            </placer>
            <initiator>
                <regNum>0891100000006</regNum>
                <fullName>федеральное казенное  учреждение здравоохранения "Медико-санитарная часть Министерства внутренних дел Российской Федерации по Забайкальскому краю"</fullName>
                <inn>7536067320</inn>
                <kpp>753601001</kpp>
            </initiator>
            <versionNumber>1</versionNumber>
            <main>
                <shortName>ФКУЗ "МСЧ МВД России по Забайкальскому краю"</shortName>
                <ogrn>1067536006801</ogrn>
                <rbs>
                    <regNum>0391100000074</regNum>
                    <fullName>Управление Министерства внутренних дел Российской Федерации по Забайкальскому краю</fullName>
                </rbs>
                <grbs>
                    <regNum>0173100000054</regNum>
                    <fullName>Министерство внутренних дел Российской Федерации</fullName>
                </grbs>
                <orgType>08</orgType>
                <classifier>
                    <okfs>
                        <code>12</code>
                        <name>Федеральная собственность</name>
                    </okfs>
                    <okopf>
                        <code>81</code>
                        <name>Учреждения</name>
                    </okopf>
                    <okogu>
                        <code>1310500</code>
                        <name>Министерство внутренних дел Российской Федерации</name>
                    </okogu>
                    <okpo>
                        <code>08811258</code>
                    </okpo>
                    <okato>
                        <code>76401000000</code>
                        <name>Чита</name>
                    </okato>
                    <okved>
                        <code>85.14.1</code>
                        <name>Деятельность среднего медицинского персонала</name>
                        <type>O</type>
                    </okved>
                    <okved>
                        <code>52.31</code>
                        <name>Розничная торговля фармацевтическими товарами</name>
                        <type>O</type>
                    </okved>
                    <okved>
                        <code>85.32</code>
                        <name>Предоставление социальных услуг без обеспечения проживания</name>
                        <type>O</type>
                    </okved>
                    <okved>
                        <code>85.14.5</code>
                        <name>Деятельность учреждений санитарно-эпидемиологической службы</name>
                        <type>O</type>
                    </okved>
                    <okved>
                        <code>85.13</code>
                        <name>Стоматологическая практика</name>
                        <type>O</type>
                    </okved>
                    <okved>
                        <code>85.11.1</code>
                        <name>Деятельность больничных учреждений широкого профиля и специализированных</name>
                        <type>C</type>
                    </okved>
                    <okved>
                        <code>85.12</code>
                        <name>Врачебная практика</name>
                        <type>O</type>
                    </okved>
                    <okved>
                        <code>85.14.3</code>
                        <name>Деятельность медицинских лабораторий</name>
                        <type>O</type>
                    </okved>
                    <okved>
                        <code>24.42.1</code>
                        <name>Производство медикаментов</name>
                        <type>O</type>
                    </okved>
                    <okved>
                        <code>85.14.2</code>
                        <name>Деятельность вспомогательного стоматологического персонала</name>
                        <type>O</type>
                    </okved>
                </classifier>
                <address>
                    <zip>672039</zip>
                    <subject>
                        <code>75000000000</code>
                        <name>Забайкальский край</name>
                    </subject>
                    <city>
                        <code>75000001000</code>
                        <name>Чита г</name>
                    </city>
                    <street>
                        <code>750000010000522</code>
                        <name>Столярова ул</name>
                    </street>
                    <building>72</building>
                </address>
            </main>
            <additional>
                <institutionType>
                    <code>0500000</code>
                    <name>Здравоохранение</name>
                </institutionType>
                <ppo>
                    <code>00000000000</code>
                    <name>Российская Федерация</name>
                    <okato>
                        <code>00000000000</code>
                        <name>Объекты административно-территориального деления, кроме сельских населенных пунктов</name>
                    </okato>
                    <oktmo>
                        <code>76701000</code>
                        <name>Город Чита</name>
                    </oktmo>
                </ppo>
                <phone>8-3022-456830</phone>
                <section>188</section>
                <oktmo>
                    <code>76701000</code>
                    <name>Город Чита</name>
                </oktmo>
                <activity>
                    <okved>
                        <code>85.14.1</code>
                        <name>Деятельность среднего медицинского персонала</name>
                    </okved>
                    <name>Деятельность среднего медицинского персонала</name>
                </activity>
                <activity>
                    <okved>
                        <code>52.31</code>
                        <name>Розничная торговля фармацевтическими товарами</name>
                    </okved>
                    <name>Розничная торговля фармацевтическими товарами</name>
                </activity>
                <activity>
                    <okved>
                        <code>85.32</code>
                        <name>Предоставление социальных услуг без обеспечения проживания</name>
                    </okved>
                    <name>Предоставление социальных услуг без обеспечения проживания</name>
                </activity>
                <activity>
                    <okved>
                        <code>85.14.5</code>
                        <name>Деятельность учреждений санитарно-эпидемиологической службы</name>
                    </okved>
                    <name>Деятельность учреждений санитарно-эпидемиологической службы</name>
                </activity>
                <activity>
                    <okved>
                        <code>85.13</code>
                        <name>Стоматологическая практика</name>
                    </okved>
                    <name>Стоматологическая практика</name>
                </activity>
                <activity>
                    <okved>
                        <code>85.11.1</code>
                        <name>Деятельность больничных учреждений широкого профиля и специализированных</name>
                    </okved>
                    <name>Деятельность больничных учреждений широкого профиля и специализированных</name>
                </activity>
                <activity>
                    <okved>
                        <code>85.12</code>
                        <name>Врачебная практика</name>
                    </okved>
                    <name>Врачебная практика</name>
                </activity>
                <activity>
                    <okved>
                        <code>85.14.3</code>
                        <name>Деятельность медицинских лабораторий</name>
                    </okved>
                    <name>Деятельность медицинских лабораторий</name>
                </activity>
                <activity>
                    <okved>
                        <code>24.42.1</code>
                        <name>Производство медикаментов</name>
                    </okved>
                    <name>Производство медикаментов</name>
                </activity>
                <activity>
                    <okved>
                        <code>85.14.2</code>
                        <name>Деятельность вспомогательного стоматологического персонала</name>
                    </okved>
                    <name>Деятельность вспомогательного стоматологического персонала</name>
                </activity>
                <eMail>medchastuvdchita@rambler.ru</eMail>
            </additional>
            <other>
                <chief>
                    <lastName>Шабалина</lastName>
                    <firstName>Лариса</firstName>
                    <middleName>Николаевна</middleName>
                    <position>Начальник</position>
                </chief>
                <founder>
                    <regNum>0173100000062</regNum>
                    <fullName>Министерство внутренних дел Российской Федерации</fullName>
                </founder>
            </other>
            <document>
                <name>приказ шабалина</name>
                <date>2006-08-30+04:00</date>
                <url>http://bus.gov.ru/public/download/download.html?id=5086443</url>
                <type>S</type>
            </document>
            <document>
                <name>Изображение 001</name>
                <date>2011-05-31+04:00</date>
                <url>http://bus.gov.ru/public/download/download.html?id=5086444</url>
                <type>F</type>
            </document>
            <document>
                <name>пр 30.12.05-14</name>
                <date>2005-12-30+03:00</date>
                <url>http://bus.gov.ru/public/download/download.html?id=5086468</url>
                <type>F</type>
            </document>
            <document>
                <name>Изображение</name>
                <date>2007-11-16+03:00</date>
                <url>http://bus.gov.ru/public/download/download.html?id=5086445</url>
                <type>F</type>
            </document>
            <document>
                <name>пр 30.12.05-1</name>
                <date>2005-12-30+03:00</date>
                <url>http://bus.gov.ru/public/download/download.html?id=5086446</url>
                <type>F</type>
            </document>
            <document>
                <name>пр 30.12.05-2</name>
                <date>2005-12-30+03:00</date>
                <url>http://bus.gov.ru/public/download/download.html?id=5086447</url>
                <type>F</type>
            </document>
            <document>
                <name>пр 30.12.05-3</name>
                <date>2005-12-30+03:00</date>
                <url>http://bus.gov.ru/public/download/download.html?id=5086448</url>
                <type>F</type>
            </document>
            <document>
                <name>пр 30.12.05-4</name>
                <date>2005-12-30+03:00</date>
                <url>http://bus.gov.ru/public/download/download.html?id=5086449</url>
                <type>F</type>
            </document>
            <document>
                <name>Изображение</name>
                <date>2009-04-02+04:00</date>
                <url>http://bus.gov.ru/public/download/download.html?id=5086450</url>
                <type>F</type>
            </document>
            <document>
                <name>Изображение 001</name>
                <date>2009-04-02+04:00</date>
                <url>http://bus.gov.ru/public/download/download.html?id=5086451</url>
                <type>F</type>
            </document>
            <document>
                <name>Изображение 002</name>
                <date>2009-04-02+04:00</date>
                <url>http://bus.gov.ru/public/download/download.html?id=5086452</url>
                <type>F</type>
            </document>
            <document>
                <name>Изображение 003</name>
                <date>2009-04-02+04:00</date>
                <url>http://bus.gov.ru/public/download/download.html?id=5086453</url>
                <type>F</type>
            </document>
            <document>
                <name>Изображение 004</name>
                <date>2009-04-02+04:00</date>
                <url>http://bus.gov.ru/public/download/download.html?id=5086454</url>
                <type>F</type>
            </document>
            <document>
                <name>Изображение</name>
                <date>2011-05-31+04:00</date>
                <url>http://bus.gov.ru/public/download/download.html?id=5086455</url>
                <type>F</type>
            </document>
            <document>
                <name>Изображение 001</name>
                <date>2007-11-16+03:00</date>
                <url>http://bus.gov.ru/public/download/download.html?id=5086456</url>
                <type>F</type>
            </document>
            <document>
                <name>Изображение 002</name>
                <date>2011-05-31+04:00</date>
                <url>http://bus.gov.ru/public/download/download.html?id=5086457</url>
                <type>F</type>
            </document>
            <document>
                <name>Изображение 003</name>
                <date>2011-05-31+04:00</date>
                <url>http://bus.gov.ru/public/download/download.html?id=5086458</url>
                <type>F</type>
            </document>
            <document>
                <name>пр 30.12.05-5</name>
                <date>2005-12-30+03:00</date>
                <url>http://bus.gov.ru/public/download/download.html?id=5086459</url>
                <type>F</type>
            </document>
            <document>
                <name>пр 30.12.05-6</name>
                <date>2005-12-30+03:00</date>
                <url>http://bus.gov.ru/public/download/download.html?id=5086460</url>
                <type>F</type>
            </document>
            <document>
                <name>пр 30.12.05-7</name>
                <date>2005-12-30+03:00</date>
                <url>http://bus.gov.ru/public/download/download.html?id=5086461</url>
                <type>F</type>
            </document>
            <document>
                <name>пр 30.12.05-8</name>
                <date>2005-12-30+03:00</date>
                <url>http://bus.gov.ru/public/download/download.html?id=5086462</url>
                <type>F</type>
            </document>
            <document>
                <name>пр 30.12.05-9</name>
                <date>2005-12-30+03:00</date>
                <url>http://bus.gov.ru/public/download/download.html?id=5086463</url>
                <type>F</type>
            </document>
            <document>
                <name>пр 30.12.05-10</name>
                <date>2005-12-30+03:00</date>
                <url>http://bus.gov.ru/public/download/download.html?id=5086464</url>
                <type>F</type>
            </document>
            <document>
                <name>пр 30.12.05-11</name>
                <date>2005-12-30+03:00</date>
                <url>http://bus.gov.ru/public/download/download.html?id=5086465</url>
                <type>F</type>
            </document>
            <document>
                <name>пр 30.12.05-12</name>
                <date>2005-12-30+03:00</date>
                <url>http://bus.gov.ru/public/download/download.html?id=5086466</url>
                <type>F</type>
            </document>
            <document>
                <name>пр 30.12.05-13</name>
                <date>2005-12-30+03:00</date>
                <url>http://bus.gov.ru/public/download/download.html?id=5086467</url>
                <type>F</type>
            </document>
            <document>
                <name>Форма св-во</name>
                <date>2006-02-06+03:00</date>
                <url>http://bus.gov.ru/public/download/download.html?id=5086469</url>
                <type>E</type>
            </document>
            <document>
                <name>Форма св-во 1</name>
                <date>2011-07-18+04:00</date>
                <url>http://bus.gov.ru/public/download/download.html?id=5086470</url>
                <type>E</type>
            </document>
        </ns2:position>
    
<ns2:position xmlns:ns2="http://bus.gov.ru/external/1" xmlns="http://bus.gov.ru/types/1" xmlns:xsi="http://www.w3.org/2001/XMLSchema-instance" xmlns:ns3="http://bus.gov.ru/fk/1">
            <positionId>6405f9f9-b95b-4f2d-9b7a-a3d5e3a852ad</positionId>
            <changeDate>2012-08-20T09:48:35.842+04:00</changeDate>
            <placer>
                <regNum>0891100000025</regNum>
                <fullName>федеральное государственное казенное общеобразовательное учреждение "Читинское суворовское военное училище Министерства внутренних дел Российской Федерации"</fullName>
                <inn>7536105061</inn>
                <kpp>753601001</kpp>
            </placer>
            <initiator>
                <regNum>0891100000025</regNum>
                <fullName>федеральное государственное казенное общеобразовательное учреждение "Читинское суворовское военное училище Министерства внутренних дел Российской Федерации"</fullName>
                <inn>7536105061</inn>
                <kpp>753601001</kpp>
            </initiator>
            <versionNumber>3</versionNumber>
            <main>
                <shortName>Читинское суворовское военное училище МВД России</shortName>
                <ogrn>1097536006622</ogrn>
                <rbs>
                    <regNum>0173100000054</regNum>
                    <fullName>Министерство внутренних дел Российской Федерации</fullName>
                </rbs>
                <grbs>
                    <regNum>0173100000054</regNum>
                    <fullName>Министерство внутренних дел Российской Федерации</fullName>
                </grbs>
                <orgType>08</orgType>
                <classifier>
                    <okfs>
                        <code>12</code>
                        <name>Федеральная собственность</name>
                    </okfs>
                    <okopf>
                        <code>72</code>
                        <name>Бюджетные учреждения</name>
                    </okopf>
                    <okogu>
                        <code>1310500</code>
                        <name>Министерство внутренних дел Российской Федерации</name>
                    </okogu>
                    <okpo>
                        <code>08680537</code>
                    </okpo>
                    <okato>
                        <code>76401380000</code>
                        <name>Черновский</name>
                    </okato>
                    <okved>
                        <code>80.21.2</code>
                        <name>Среднее (полное) общее образование</name>
                        <type>C</type>
                    </okved>
                </classifier>
                <address>
                    <zip>672030</zip>
                    <subject>
                        <code>75000000000</code>
                        <name>Забайкальский край</name>
                    </subject>
                    <city>
                        <code>75000001000</code>
                        <name>Чита г</name>
                    </city>
                    <locality>
                        <code>75000001007</code>
                        <name>Текстильщиков</name>
                    </locality>
                    <street>
                        <code>750000010070015</code>
                        <name>Труда ул</name>
                    </street>
                    <building>16</building>
                </address>
            </main>
            <additional>
                <institutionType>
                    <code>1016000</code>
                    <name>Общеобразовательное учреждение</name>
                </institutionType>
                <ppo>
                    <code>00000000000</code>
                    <name>Российская Федерация</name>
                    <okato>
                        <code>00000000000</code>
                        <name>Объекты административно-территориального деления, кроме сельских населенных пунктов</name>
                    </okato>
                    <oktmo>
                        <code>76701000</code>
                        <name>- Город Чита</name>
                    </oktmo>
                </ppo>
                <phone>7-3022-396017</phone>
                <www>http://www.chsvu.ru</www>
                <section>182</section>
                <oktmo>
                    <code>76701000</code>
                    <name>- Город Чита</name>
                </oktmo>
                <activity>
                    <okved>
                        <code>80.21.2</code>
                        <name>Среднее (полное) общее образование</name>
                    </okved>
                    <name>Образовательная деятельность</name>
                </activity>
                <eMail>police_school@mail.ru</eMail>
            </additional>
            <other>
                <chief>
                    <lastName>РОМАНОВ</lastName>
                    <firstName>СУРЕН</firstName>
                    <middleName>ГРИГОРЬЕВИЧ</middleName>
                    <position>Начальник училища</position>
                </chief>
                <founder>
                    <regNum>0173100000062</regNum>
                    <fullName>Министерство внутренних дел Российской Федерации</fullName>
                </founder>
            </other>
            <document>
                <name>Выписка из приказа</name>
                <date>2011-07-06+04:00</date>
                <url>http://bus.gov.ru/public/download/download.html?id=4995108</url>
                <type>S</type>
            </document>
            <document>
                <name>Устав</name>
                <date>2009-09-25+04:00</date>
                <url>http://bus.gov.ru/public/download/download.html?id=4995109</url>
                <type>F</type>
            </document>
            <document>
                <name>Сидетельство ИНН</name>
                <date>2009-10-12+04:00</date>
                <url>http://bus.gov.ru/public/download/download.html?id=4995110</url>
                <type>O</type>
            </document>
            <document>
                <name>Свидетельство ЕГРЮЛ</name>
                <date>2009-10-12+04:00</date>
                <url>http://bus.gov.ru/public/download/download.html?id=4995111</url>
                <type>E</type>
            </document>
        </ns2:position>
    
<ns2:position xmlns:ns2="http://bus.gov.ru/external/1" xmlns="http://bus.gov.ru/types/1" xmlns:xsi="http://www.w3.org/2001/XMLSchema-instance" xmlns:ns3="http://bus.gov.ru/fk/1">
            <positionId>50eb19db-a240-4a69-84aa-6eaf3850bb36</positionId>
            <changeDate>2012-09-13T08:29:47.066+04:00</changeDate>
            <placer>
                <regNum>0395100009028</regNum>
                <fullName>филиал федерального казенного учреждения "Главный центр специальных перевозок Министерства внутренних дел Российской Федерации" "Центр специальных перевозок МВД России на Забайкальской железной дороге"</fullName>
                <inn>7702718243</inn>
                <kpp>753643001</kpp>
            </placer>
            <initiator>
                <regNum>0395100009028</regNum>
                <fullName>филиал федерального казенного учреждения "Главный центр специальных перевозок Министерства внутренних дел Российской Федерации" "Центр специальных перевозок МВД России на Забайкальской железной дороге"</fullName>
                <inn>7702718243</inn>
                <kpp>753643001</kpp>
            </initiator>
            <versionNumber>1</versionNumber>
            <main>
                <shortName>филиал ФКУ "ГЦСП МВД России" "ЦСП МВД России на Забайкальской ж.д."</shortName>
                <ogrn>1097746667061</ogrn>
                <rbs>
                    <regNum>0873100000015</regNum>
                    <fullName>федеральное казенное учреждение "Главный центр специальных перевозок Министерства внутренних дел Российской Федерации"</fullName>
                </rbs>
                <grbs>
                    <regNum>0173100000054</regNum>
                    <fullName>Министерство внутренних дел Российской Федерации</fullName>
                </grbs>
                <orgType>08</orgType>
                <classifier>
                    <okfs>
                        <code>12</code>
                        <name>Федеральная собственность</name>
                    </okfs>
                    <okopf>
                        <code>90</code>
                        <name>Представительства и филиалы</name>
                    </okopf>
                    <okogu>
                        <code>1310500</code>
                        <name>Министерство внутренних дел Российской Федерации</name>
                    </okogu>
                    <okpo>
                        <code>08680856</code>
                    </okpo>
                    <okato>
                        <code>76401373000</code>
                        <name>Центральный</name>
                    </okato>
                    <okved>
                        <code>75.24.1</code>
                        <name>Деятельность органов внутренних дел</name>
                        <type>C</type>
                    </okved>
                </classifier>
                <address>
                    <zip>672000</zip>
                    <subject>
                        <code>75000000000</code>
                        <name>Забайкальский</name>
                    </subject>
                    <city>
                        <code>75000001000</code>
                        <name>Чита</name>
                    </city>
                    <street>
                        <name>Ленинградская</name>
                    </street>
                    <building>34</building>
                    <office>618</office>
                </address>
            </main>
            <additional>
                <institutionType>
                    <code>1500000</code>
                    <name>Транспорт и дорожное обслуживание</name>
                </institutionType>
                <ppo>
                    <code>00000000000</code>
                    <name>Российская Федерация</name>
                    <okato>
                        <code>00000000000</code>
                        <name>Объекты административно-территориального деления, кроме сельских населенных пунктов</name>
                    </okato>
                </ppo>
                <phone>7-3022-225665</phone>
                <section>188</section>
                <oktmo>
                    <code>76701000</code>
                    <name>Город Чита</name>
                </oktmo>
                <activity>
                    <okved>
                        <code>75.24.1</code>
                        <name>Деятельность органов внутренних дел</name>
                    </okved>
                    <name>Деятельность органов внутренних дел</name>
                </activity>
                <eMail>cspzab@mail.ru</eMail>
            </additional>
            <other>
                <chief>
                    <lastName>Яценко</lastName>
                    <firstName>Артур</firstName>
                    <middleName>Николаевич</middleName>
                    <position>Начальник центра</position>
                </chief>
                <founder>
                    <regNum>0173100000062</regNum>
                    <fullName>Министерство внутренних дел Российской Федерации</fullName>
                </founder>
            </other>
            <document>
                <name>Приказ о назначении руководителя</name>
                <date>2011-04-11+04:00</date>
                <url>http://bus.gov.ru/public/download/download.html?id=5071417</url>
                <type>S</type>
            </document>
            <document>
                <name>Положение о филиале ФКУ ГЦСП МВД России</name>
                <date>2011-05-03+04:00</date>
                <url>http://bus.gov.ru/public/download/download.html?id=5071418</url>
                <type>F</type>
            </document>
            <document>
                <name>Приказ о создании филиала ЦСП МВД РФ на Забайкальской ЖД</name>
                <date>2011-05-03+04:00</date>
                <url>http://bus.gov.ru/public/download/download.html?id=5071419</url>
                <type>O</type>
            </document>
            <document>
                <name>Устав</name>
                <date>2009-10-06+04:00</date>
                <url>http://bus.gov.ru/public/download/download.html?id=5071420</url>
                <type>O</type>
            </document>
            <document>
                <name>Уведомление о постановке на учет в ИФНС</name>
                <date>2009-10-29+03:00</date>
                <url>http://bus.gov.ru/public/download/download.html?id=5071421</url>
                <type>E</type>
            </document>
        </ns2:position>
    
<ns2:position xmlns:ns2="http://bus.gov.ru/external/1" xmlns="http://bus.gov.ru/types/1" xmlns:xsi="http://www.w3.org/2001/XMLSchema-instance" xmlns:ns3="http://bus.gov.ru/fk/1">
            <positionId>3f1ef398-1f6f-4ec5-94ab-8afbd55df1da</positionId>
            <changeDate>2012-08-28T08:10:12.504+04:00</changeDate>
            <placer>
                <regNum>0891100000006</regNum>
                <fullName>федеральное казенное  учреждение здравоохранения "Медико-санитарная часть Министерства внутренних дел Российской Федерации по Забайкальскому краю"</fullName>
                <inn>7536067320</inn>
                <kpp>753601001</kpp>
            </placer>
            <initiator>
                <regNum>0891100000006</regNum>
                <fullName>федеральное казенное  учреждение здравоохранения "Медико-санитарная часть Министерства внутренних дел Российской Федерации по Забайкальскому краю"</fullName>
                <inn>7536067320</inn>
                <kpp>753601001</kpp>
            </initiator>
            <versionNumber>1</versionNumber>
            <main>
                <shortName>ФКУЗ "МСЧ МВД России по Забайкальскому краю"</shortName>
                <ogrn>1067536006801</ogrn>
                <rbs>
                    <regNum>0391100000074</regNum>
                    <fullName>Управление Министерства внутренних дел Российской Федерации по Забайкальскому краю</fullName>
                </rbs>
                <grbs>
                    <regNum>0173100000054</regNum>
                    <fullName>Министерство внутренних дел Российской Федерации</fullName>
                </grbs>
                <orgType>08</orgType>
                <classifier>
                    <okfs>
                        <code>12</code>
                        <name>Федеральная собственность</name>
                    </okfs>
                    <okopf>
                        <code>81</code>
                        <name>Учреждения</name>
                    </okopf>
                    <okogu>
                        <code>1310500</code>
                        <name>Министерство внутренних дел Российской Федерации</name>
                    </okogu>
                    <okpo>
                        <code>08811258</code>
                    </okpo>
                    <okato>
                        <code>76401000000</code>
                        <name>Чита</name>
                    </okato>
                    <okved>
                        <code>85.14.1</code>
                        <name>Деятельность среднего медицинского персонала</name>
                        <type>O</type>
                    </okved>
                    <okved>
                        <code>52.31</code>
                        <name>Розничная торговля фармацевтическими товарами</name>
                        <type>O</type>
                    </okved>
                    <okved>
                        <code>85.32</code>
                        <name>Предоставление социальных услуг без обеспечения проживания</name>
                        <type>O</type>
                    </okved>
                    <okved>
                        <code>85.14.5</code>
                        <name>Деятельность учреждений санитарно-эпидемиологической службы</name>
                        <type>O</type>
                    </okved>
                    <okved>
                        <code>85.13</code>
                        <name>Стоматологическая практика</name>
                        <type>O</type>
                    </okved>
                    <okved>
                        <code>85.11.1</code>
                        <name>Деятельность больничных учреждений широкого профиля и специализированных</name>
                        <type>C</type>
                    </okved>
                    <okved>
                        <code>85.12</code>
                        <name>Врачебная практика</name>
                        <type>O</type>
                    </okved>
                    <okved>
                        <code>85.14.3</code>
                        <name>Деятельность медицинских лабораторий</name>
                        <type>O</type>
                    </okved>
                    <okved>
                        <code>24.42.1</code>
                        <name>Производство медикаментов</name>
                        <type>O</type>
                    </okved>
                    <okved>
                        <code>85.14.2</code>
                        <name>Деятельность вспомогательного стоматологического персонала</name>
                        <type>O</type>
                    </okved>
                </classifier>
                <address>
                    <zip>672039</zip>
                    <subject>
                        <code>75000000000</code>
                        <name>Забайкальский край</name>
                    </subject>
                    <city>
                        <code>75000001000</code>
                        <name>Чита г</name>
                    </city>
                    <street>
                        <code>750000010000522</code>
                        <name>Столярова ул</name>
                    </street>
                    <building>72</building>
                </address>
            </main>
            <additional>
                <institutionType>
                    <code>0500000</code>
                    <name>Здравоохранение</name>
                </institutionType>
                <ppo>
                    <code>00000000000</code>
                    <name>Российская Федерация</name>
                    <okato>
                        <code>00000000000</code>
                        <name>Объекты административно-территориального деления, кроме сельских населенных пунктов</name>
                    </okato>
                    <oktmo>
                        <code>76701000</code>
                        <name>Город Чита</name>
                    </oktmo>
                </ppo>
                <phone>8-3022-456830</phone>
                <section>188</section>
                <oktmo>
                    <code>76701000</code>
                    <name>Город Чита</name>
                </oktmo>
                <activity>
                    <okved>
                        <code>85.14.1</code>
                        <name>Деятельность среднего медицинского персонала</name>
                    </okved>
                    <name>Деятельность среднего медицинского персонала</name>
                </activity>
                <activity>
                    <okved>
                        <code>52.31</code>
                        <name>Розничная торговля фармацевтическими товарами</name>
                    </okved>
                    <name>Розничная торговля фармацевтическими товарами</name>
                </activity>
                <activity>
                    <okved>
                        <code>85.32</code>
                        <name>Предоставление социальных услуг без обеспечения проживания</name>
                    </okved>
                    <name>Предоставление социальных услуг без обеспечения проживания</name>
                </activity>
                <activity>
                    <okved>
                        <code>85.14.5</code>
                        <name>Деятельность учреждений санитарно-эпидемиологической службы</name>
                    </okved>
                    <name>Деятельность учреждений санитарно-эпидемиологической службы</name>
                </activity>
                <activity>
                    <okved>
                        <code>85.13</code>
                        <name>Стоматологическая практика</name>
                    </okved>
                    <name>Стоматологическая практика</name>
                </activity>
                <activity>
                    <okved>
                        <code>85.11.1</code>
                        <name>Деятельность больничных учреждений широкого профиля и специализированных</name>
                    </okved>
                    <name>Деятельность больничных учреждений широкого профиля и специализированных</name>
                </activity>
                <activity>
                    <okved>
                        <code>85.12</code>
                        <name>Врачебная практика</name>
                    </okved>
                    <name>Врачебная практика</name>
                </activity>
                <activity>
                    <okved>
                        <code>85.14.3</code>
                        <name>Деятельность медицинских лабораторий</name>
                    </okved>
                    <name>Деятельность медицинских лабораторий</name>
                </activity>
                <activity>
                    <okved>
                        <code>24.42.1</code>
                        <name>Производство медикаментов</name>
                    </okved>
                    <name>Производство медикаментов</name>
                </activity>
                <activity>
                    <okved>
                        <code>85.14.2</code>
                        <name>Деятельность вспомогательного стоматологического персонала</name>
                    </okved>
                    <name>Деятельность вспомогательного стоматологического персонала</name>
                </activity>
                <eMail>medchastuvdchita@rambler.ru</eMail>
            </additional>
            <other>
                <chief>
                    <lastName>Шабалина</lastName>
                    <firstName>Лариса</firstName>
                    <middleName>Николаевна</middleName>
                    <position>Начальник</position>
                </chief>
                <founder>
                    <regNum>0173100000062</regNum>
                    <fullName>Министерство внутренних дел Российской Федерации</fullName>
                </founder>
            </other>
            <document>
                <name>приказ шабалина</name>
                <date>2006-08-30+04:00</date>
                <url>http://bus.gov.ru/public/download/download.html?id=5086443</url>
                <type>S</type>
            </document>
            <document>
                <name>Изображение 001</name>
                <date>2011-05-31+04:00</date>
                <url>http://bus.gov.ru/public/download/download.html?id=5086444</url>
                <type>F</type>
            </document>
            <document>
                <name>пр 30.12.05-14</name>
                <date>2005-12-30+03:00</date>
                <url>http://bus.gov.ru/public/download/download.html?id=5086468</url>
                <type>F</type>
            </document>
            <document>
                <name>Изображение</name>
                <date>2007-11-16+03:00</date>
                <url>http://bus.gov.ru/public/download/download.html?id=5086445</url>
                <type>F</type>
            </document>
            <document>
                <name>пр 30.12.05-1</name>
                <date>2005-12-30+03:00</date>
                <url>http://bus.gov.ru/public/download/download.html?id=5086446</url>
                <type>F</type>
            </document>
            <document>
                <name>пр 30.12.05-2</name>
                <date>2005-12-30+03:00</date>
                <url>http://bus.gov.ru/public/download/download.html?id=5086447</url>
                <type>F</type>
            </document>
            <document>
                <name>пр 30.12.05-3</name>
                <date>2005-12-30+03:00</date>
                <url>http://bus.gov.ru/public/download/download.html?id=5086448</url>
                <type>F</type>
            </document>
            <document>
                <name>пр 30.12.05-4</name>
                <date>2005-12-30+03:00</date>
                <url>http://bus.gov.ru/public/download/download.html?id=5086449</url>
                <type>F</type>
            </document>
            <document>
                <name>Изображение</name>
                <date>2009-04-02+04:00</date>
                <url>http://bus.gov.ru/public/download/download.html?id=5086450</url>
                <type>F</type>
            </document>
            <document>
                <name>Изображение 001</name>
                <date>2009-04-02+04:00</date>
                <url>http://bus.gov.ru/public/download/download.html?id=5086451</url>
                <type>F</type>
            </document>
            <document>
                <name>Изображение 002</name>
                <date>2009-04-02+04:00</date>
                <url>http://bus.gov.ru/public/download/download.html?id=5086452</url>
                <type>F</type>
            </document>
            <document>
                <name>Изображение 003</name>
                <date>2009-04-02+04:00</date>
                <url>http://bus.gov.ru/public/download/download.html?id=5086453</url>
                <type>F</type>
            </document>
            <document>
                <name>Изображение 004</name>
                <date>2009-04-02+04:00</date>
                <url>http://bus.gov.ru/public/download/download.html?id=5086454</url>
                <type>F</type>
            </document>
            <document>
                <name>Изображение</name>
                <date>2011-05-31+04:00</date>
                <url>http://bus.gov.ru/public/download/download.html?id=5086455</url>
                <type>F</type>
            </document>
            <document>
                <name>Изображение 001</name>
                <date>2007-11-16+03:00</date>
                <url>http://bus.gov.ru/public/download/download.html?id=5086456</url>
                <type>F</type>
            </document>
            <document>
                <name>Изображение 002</name>
                <date>2011-05-31+04:00</date>
                <url>http://bus.gov.ru/public/download/download.html?id=5086457</url>
                <type>F</type>
            </document>
            <document>
                <name>Изображение 003</name>
                <date>2011-05-31+04:00</date>
                <url>http://bus.gov.ru/public/download/download.html?id=5086458</url>
                <type>F</type>
            </document>
            <document>
                <name>пр 30.12.05-5</name>
                <date>2005-12-30+03:00</date>
                <url>http://bus.gov.ru/public/download/download.html?id=5086459</url>
                <type>F</type>
            </document>
            <document>
                <name>пр 30.12.05-6</name>
                <date>2005-12-30+03:00</date>
                <url>http://bus.gov.ru/public/download/download.html?id=5086460</url>
                <type>F</type>
            </document>
            <document>
                <name>пр 30.12.05-7</name>
                <date>2005-12-30+03:00</date>
                <url>http://bus.gov.ru/public/download/download.html?id=5086461</url>
                <type>F</type>
            </document>
            <document>
                <name>пр 30.12.05-8</name>
                <date>2005-12-30+03:00</date>
                <url>http://bus.gov.ru/public/download/download.html?id=5086462</url>
                <type>F</type>
            </document>
            <document>
                <name>пр 30.12.05-9</name>
                <date>2005-12-30+03:00</date>
                <url>http://bus.gov.ru/public/download/download.html?id=5086463</url>
                <type>F</type>
            </document>
            <document>
                <name>пр 30.12.05-10</name>
                <date>2005-12-30+03:00</date>
                <url>http://bus.gov.ru/public/download/download.html?id=5086464</url>
                <type>F</type>
            </document>
            <document>
                <name>пр 30.12.05-11</name>
                <date>2005-12-30+03:00</date>
                <url>http://bus.gov.ru/public/download/download.html?id=5086465</url>
                <type>F</type>
            </document>
            <document>
                <name>пр 30.12.05-12</name>
                <date>2005-12-30+03:00</date>
                <url>http://bus.gov.ru/public/download/download.html?id=5086466</url>
                <type>F</type>
            </document>
            <document>
                <name>пр 30.12.05-13</name>
                <date>2005-12-30+03:00</date>
                <url>http://bus.gov.ru/public/download/download.html?id=5086467</url>
                <type>F</type>
            </document>
            <document>
                <name>Форма св-во</name>
                <date>2006-02-06+03:00</date>
                <url>http://bus.gov.ru/public/download/download.html?id=5086469</url>
                <type>E</type>
            </document>
            <document>
                <name>Форма св-во 1</name>
                <date>2011-07-18+04:00</date>
                <url>http://bus.gov.ru/public/download/download.html?id=5086470</url>
                <type>E</type>
            </document>
        </ns2:position>
    
<ns2:position xmlns:ns2="http://bus.gov.ru/external/1" xmlns="http://bus.gov.ru/types/1" xmlns:xsi="http://www.w3.org/2001/XMLSchema-instance" xmlns:ns3="http://bus.gov.ru/fk/1">
            <positionId>f809d73e-0820-4628-ad23-8df9eb86ab81</positionId>
            <changeDate>2012-10-30T10:03:25.940+04:00</changeDate>
            <placer>
                <regNum>0895100000542</regNum>
                <fullName>федеральное государственное казенное учреждение "Управление вневедомственной охраны Управления Министерства внутренних дел Российской Федерации по Забайкальскому краю"</fullName>
                <inn>7536128816</inn>
                <kpp>753601001</kpp>
            </placer>
            <initiator>
                <regNum>0895100000542</regNum>
                <fullName>федеральное государственное казенное учреждение "Управление вневедомственной охраны Управления Министерства внутренних дел Российской Федерации по Забайкальскому краю"</fullName>
                <inn>7536128816</inn>
                <kpp>753601001</kpp>
            </initiator>
            <versionNumber>1</versionNumber>
            <main>
                <shortName>ФГКУ УВО УМВД России по Забайкальскому краю</shortName>
                <ogrn>1127536004980</ogrn>
                <rbs>
                    <regNum>0391100000074</regNum>
                    <fullName>Управление Министерства внутренних дел Российской Федерации по Забайкальскому краю</fullName>
                </rbs>
                <grbs>
                    <regNum>0173100000062</regNum>
                    <fullName>Министерство внутренних дел Российской Федерации</fullName>
                </grbs>
                <orgType>08</orgType>
                <classifier>
                    <okfs>
                        <code>12</code>
                        <name>Федеральная собственность</name>
                    </okfs>
                    <okopf>
                        <code>74</code>
                        <name>Казенные учреждения</name>
                    </okopf>
                    <okogu>
                        <code>1310500</code>
                        <name>Министерство внутренних дел Российской Федерации</name>
                    </okogu>
                    <okpo>
                        <code>08685078</code>
                    </okpo>
                    <okato>
                        <code>76401373000</code>
                        <name>Центральный</name>
                    </okato>
                    <okved>
                        <code>75.24.1</code>
                        <name>Деятельность органов внутренних дел</name>
                        <type>C</type>
                    </okved>
                </classifier>
                <address>
                    <zip>672090</zip>
                    <subject>
                        <code>75000000000</code>
                        <name>Забайкальский</name>
                    </subject>
                    <city>
                        <code>75000001000</code>
                        <name>Чита</name>
                    </city>
                    <street>
                        <name>Забайкальского Рабочего</name>
                    </street>
                    <building>73</building>
                </address>
            </main>
            <additional>
                <institutionType>
                    <code>9900000</code>
                    <name>Прочие</name>
                </institutionType>
                <ppo>
                    <code>00000000000</code>
                    <name>Российская Федерация</name>
                    <okato>
                        <code>00000000000</code>
                        <name>Объекты административно-территориального деления, кроме сельских населенных пунктов</name>
                    </okato>
                </ppo>
                <phone>7-3022-260965</phone>
                <www>http://uvozabkray.ru/</www>
                <branch>
                    <regNum>0895100001034</regNum>
                    <fullName>Отделение вневедомственной охраны по Нерчинскому району-филиал федерального государственного казенного учреждения "Управление вневедомственной охраны Управления Министерства внутренних дел Российской Федерации по Забайкальскому краю"</fullName>
                    <type>01</type>
                </branch>
                <branch>
                    <regNum>0895100001032</regNum>
                    <fullName>Шилкинский отдел вневедомственной охраны - филиал федерального государственного казенного учреждения "Управление вневедомственной охраны Управления Министерства внутренних дел Российской Федерации по Забайкальскому краю"</fullName>
                    <type>01</type>
                </branch>
                <branch>
                    <regNum>0895100001048</regNum>
                    <fullName>Агинский отдел вневедомственной охраны - филиал федерального государственного казенного учреждения "Управление вневедомственной охраны Управления Министерства внутренних дел Российской Федерации по Забайкальскому краю"</fullName>
                    <type>01</type>
                </branch>
                <branch>
                    <regNum>0895100001047</regNum>
                    <fullName>Акшинское отделение вневедомственной охраны - филиал федерального государственного казенного учреждения "Управление вневедомственной охраны Управления Министерства внутренних дел Российской Федерации по Забайкальскому краю"</fullName>
                    <type>01</type>
                </branch>
                <branch>
                    <regNum>0895100001083</regNum>
                    <fullName>Красночикойское отделение вневедомственной охраны - филиал федерального государственного казенного учреждения "Управление вневедомственной охраны Управления Министерства внутренних дел Российской Федерации по Забайкальскому краю"</fullName>
                    <type>01</type>
                </branch>
                <branch>
                    <regNum>0895100001013</regNum>
                    <fullName>Балейское отделение вневедомственной охраны - филиал федерального государственного казенного учреждения "Управление вневедомственной охраны Управления Министерства внутренних дел Российской Федерации по Забайкальскому краю"</fullName>
                    <type>01</type>
                </branch>
                <branch>
                    <regNum>0895100001015</regNum>
                    <fullName>Приаргунское отделение вневедомственной охраны - филиал федерального государственного казенного учреждения "Управление вневедомственной охраны Управления Министерства внутренних дел Российской Федерации по Забайкальскому краю"</fullName>
                    <type>01</type>
                </branch>
                <branch>
                    <regNum>0895100001011</regNum>
                    <fullName>Отделение вневедомственной охраны по Забайкальскому району - филиал федерального государственного казенного учреждения "Управление вневедомственной охраны Управления Министерства внутренних дел Российской Федерации по Забайкальскому краю"</fullName>
                    <type>01</type>
                </branch>
                <branch>
                    <regNum>0895100001010</regNum>
                    <fullName>Отдел вневедомственной охраны по г. Краснокаменску и Краснокаменскому району - филиал федерального государственного казенного учреждения "Управление вневедомственной охраны Управления Министерства внутренних дел Российской Федерации по Забайкальскому краю"</fullName>
                    <type>01</type>
                </branch>
                <branch>
                    <regNum>0895100001035</regNum>
                    <fullName>Могочинское отделение вневедомственной охраны - филиал федерального государственного казенного учреждения "Управление вневедомственной охраны Управления Министерства внутренних дел Российской Федерации по Забайкальскому краю"</fullName>
                    <type>01</type>
                </branch>
                <branch>
                    <regNum>0895100001016</regNum>
                    <fullName>Кыринское отделение вневедомственной охраны - филиал федерального государственного казенного учреждения "Управление вневедомственной охраны Управления Министерства внутренних дел Российской Федерации по Забайкальскому краю"</fullName>
                    <type>01</type>
                </branch>
                <section>188</section>
                <oktmo>
                    <code>76701000</code>
                    <name>Город Чита</name>
                </oktmo>
                <activity>
                    <okved>
                        <code>75.24.1</code>
                        <name>Деятельность органов внутренних дел</name>
                        <type>C</type>
                    </okved>
                    <name>Деятельность органов внутренних дел .
Деятельность, связанная с управлением и функционированием системы органов внутренних дел, в том числе подразделений вневедомственной охраны.
</name>
                </activity>
                <eMail>feouvo65@mail.ru</eMail>
            </additional>
            <other>
                <chief>
                    <lastName>Сапожников</lastName>
                    <firstName>Алексей</firstName>
                    <middleName>Викторович</middleName>
                    <position>Начальник Управления</position>
                </chief>
                <founder>
                    <regNum>0173100000062</regNum>
                    <fullName>Министерство внутренних дел Российской Федерации</fullName>
                </founder>
            </other>
            <document>
                <name>Приказ о назначении начальника ФГКУ</name>
                <date>2012-07-26+04:00</date>
                <url>http://bus.gov.ru/public/download/download.html?id=6143568</url>
                <type>S</type>
            </document>
            <document>
                <name>ПОЛОЖЕНИЯ О ФИЛИАЛАХ</name>
                <date>2012-08-08+04:00</date>
                <url>http://bus.gov.ru/public/download/download.html?id=6143569</url>
                <type>L</type>
            </document>
            <document>
                <name>РАСПОРЯЖЕНИЕ ПРАВИТЕЛЬСТВА РФ</name>
                <date>2011-12-30+04:00</date>
                <url>http://bus.gov.ru/public/download/download.html?id=6143570</url>
                <type>C</type>
            </document>
            <document>
                <name>Устав</name>
                <date>2012-05-05+04:00</date>
                <url>http://bus.gov.ru/public/download/download.html?id=6143571</url>
                <type>F</type>
            </document>
            <document>
                <name>Свидетельство о государственной регистрации юридического лица</name>
                <date>2012-08-03+04:00</date>
                <url>http://bus.gov.ru/public/download/download.html?id=6143572</url>
                <type>E</type>
            </document>
            <document>
                <name>Свидетельство о постановке на учет в налоговом органе</name>
                <date>2012-08-03+04:00</date>
                <url>http://bus.gov.ru/public/download/download.html?id=6143573</url>
                <type>E</type>
            </document>
        </ns2:position>
    
<ns2:position xmlns:ns2="http://bus.gov.ru/external/1" xmlns="http://bus.gov.ru/types/1" xmlns:xsi="http://www.w3.org/2001/XMLSchema-instance" xmlns:ns3="http://bus.gov.ru/fk/1">
            <positionId>f809d73e-0820-4628-ad23-8df9eb86ab81</positionId>
            <changeDate>2012-10-30T10:03:25.940+04:00</changeDate>
            <placer>
                <regNum>0895100000542</regNum>
                <fullName>федеральное государственное казенное учреждение "Управление вневедомственной охраны Управления Министерства внутренних дел Российской Федерации по Забайкальскому краю"</fullName>
                <inn>7536128816</inn>
                <kpp>753601001</kpp>
            </placer>
            <initiator>
                <regNum>0895100000542</regNum>
                <fullName>федеральное государственное казенное учреждение "Управление вневедомственной охраны Управления Министерства внутренних дел Российской Федерации по Забайкальскому краю"</fullName>
                <inn>7536128816</inn>
                <kpp>753601001</kpp>
            </initiator>
            <versionNumber>1</versionNumber>
            <main>
                <shortName>ФГКУ УВО УМВД России по Забайкальскому краю</shortName>
                <ogrn>1127536004980</ogrn>
                <rbs>
                    <regNum>0391100000074</regNum>
                    <fullName>Управление Министерства внутренних дел Российской Федерации по Забайкальскому краю</fullName>
                </rbs>
                <grbs>
                    <regNum>0173100000062</regNum>
                    <fullName>Министерство внутренних дел Российской Федерации</fullName>
                </grbs>
                <orgType>08</orgType>
                <classifier>
                    <okfs>
                        <code>12</code>
                        <name>Федеральная собственность</name>
                    </okfs>
                    <okopf>
                        <code>74</code>
                        <name>Казенные учреждения</name>
                    </okopf>
                    <okogu>
                        <code>1310500</code>
                        <name>Министерство внутренних дел Российской Федерации</name>
                    </okogu>
                    <okpo>
                        <code>08685078</code>
                    </okpo>
                    <okato>
                        <code>76401373000</code>
                        <name>Центральный</name>
                    </okato>
                    <okved>
                        <code>75.24.1</code>
                        <name>Деятельность органов внутренних дел</name>
                        <type>C</type>
                    </okved>
                </classifier>
                <address>
                    <zip>672090</zip>
                    <subject>
                        <code>75000000000</code>
                        <name>Забайкальский</name>
                    </subject>
                    <city>
                        <code>75000001000</code>
                        <name>Чита</name>
                    </city>
                    <street>
                        <name>Забайкальского Рабочего</name>
                    </street>
                    <building>73</building>
                </address>
            </main>
            <additional>
                <institutionType>
                    <code>9900000</code>
                    <name>Прочие</name>
                </institutionType>
                <ppo>
                    <code>00000000000</code>
                    <name>Российская Федерация</name>
                    <okato>
                        <code>00000000000</code>
                        <name>Объекты административно-территориального деления, кроме сельских населенных пунктов</name>
                    </okato>
                </ppo>
                <phone>7-3022-260965</phone>
                <www>http://uvozabkray.ru/</www>
                <branch>
                    <regNum>0895100001034</regNum>
                    <fullName>Отделение вневедомственной охраны по Нерчинскому району-филиал федерального государственного казенного учреждения "Управление вневедомственной охраны Управления Министерства внутренних дел Российской Федерации по Забайкальскому краю"</fullName>
                    <type>01</type>
                </branch>
                <branch>
                    <regNum>0895100001032</regNum>
                    <fullName>Шилкинский отдел вневедомственной охраны - филиал федерального государственного казенного учреждения "Управление вневедомственной охраны Управления Министерства внутренних дел Российской Федерации по Забайкальскому краю"</fullName>
                    <type>01</type>
                </branch>
                <branch>
                    <regNum>0895100001048</regNum>
                    <fullName>Агинский отдел вневедомственной охраны - филиал федерального государственного казенного учреждения "Управление вневедомственной охраны Управления Министерства внутренних дел Российской Федерации по Забайкальскому краю"</fullName>
                    <type>01</type>
                </branch>
                <branch>
                    <regNum>0895100001047</regNum>
                    <fullName>Акшинское отделение вневедомственной охраны - филиал федерального государственного казенного учреждения "Управление вневедомственной охраны Управления Министерства внутренних дел Российской Федерации по Забайкальскому краю"</fullName>
                    <type>01</type>
                </branch>
                <branch>
                    <regNum>0895100001083</regNum>
                    <fullName>Красночикойское отделение вневедомственной охраны - филиал федерального государственного казенного учреждения "Управление вневедомственной охраны Управления Министерства внутренних дел Российской Федерации по Забайкальскому краю"</fullName>
                    <type>01</type>
                </branch>
                <branch>
                    <regNum>0895100001013</regNum>
                    <fullName>Балейское отделение вневедомственной охраны - филиал федерального государственного казенного учреждения "Управление вневедомственной охраны Управления Министерства внутренних дел Российской Федерации по Забайкальскому краю"</fullName>
                    <type>01</type>
                </branch>
                <branch>
                    <regNum>0895100001015</regNum>
                    <fullName>Приаргунское отделение вневедомственной охраны - филиал федерального государственного казенного учреждения "Управление вневедомственной охраны Управления Министерства внутренних дел Российской Федерации по Забайкальскому краю"</fullName>
                    <type>01</type>
                </branch>
                <branch>
                    <regNum>0895100001011</regNum>
                    <fullName>Отделение вневедомственной охраны по Забайкальскому району - филиал федерального государственного казенного учреждения "Управление вневедомственной охраны Управления Министерства внутренних дел Российской Федерации по Забайкальскому краю"</fullName>
                    <type>01</type>
                </branch>
                <branch>
                    <regNum>0895100001010</regNum>
                    <fullName>Отдел вневедомственной охраны по г. Краснокаменску и Краснокаменскому району - филиал федерального государственного казенного учреждения "Управление вневедомственной охраны Управления Министерства внутренних дел Российской Федерации по Забайкальскому краю"</fullName>
                    <type>01</type>
                </branch>
                <branch>
                    <regNum>0895100001035</regNum>
                    <fullName>Могочинское отделение вневедомственной охраны - филиал федерального государственного казенного учреждения "Управление вневедомственной охраны Управления Министерства внутренних дел Российской Федерации по Забайкальскому краю"</fullName>
                    <type>01</type>
                </branch>
                <branch>
                    <regNum>0895100001016</regNum>
                    <fullName>Кыринское отделение вневедомственной охраны - филиал федерального государственного казенного учреждения "Управление вневедомственной охраны Управления Министерства внутренних дел Российской Федерации по Забайкальскому краю"</fullName>
                    <type>01</type>
                </branch>
                <section>188</section>
                <oktmo>
                    <code>76701000</code>
                    <name>Город Чита</name>
                </oktmo>
                <activity>
                    <okved>
                        <code>75.24.1</code>
                        <name>Деятельность органов внутренних дел</name>
                        <type>C</type>
                    </okved>
                    <name>Деятельность органов внутренних дел .
Деятельность, связанная с управлением и функционированием системы органов внутренних дел, в том числе подразделений вневедомственной охраны.
</name>
                </activity>
                <eMail>feouvo65@mail.ru</eMail>
            </additional>
            <other>
                <chief>
                    <lastName>Сапожников</lastName>
                    <firstName>Алексей</firstName>
                    <middleName>Викторович</middleName>
                    <position>Начальник Управления</position>
                </chief>
                <founder>
                    <regNum>0173100000062</regNum>
                    <fullName>Министерство внутренних дел Российской Федерации</fullName>
                </founder>
            </other>
            <document>
                <name>Приказ о назначении начальника ФГКУ</name>
                <date>2012-07-26+04:00</date>
                <url>http://bus.gov.ru/public/download/download.html?id=6143568</url>
                <type>S</type>
            </document>
            <document>
                <name>ПОЛОЖЕНИЯ О ФИЛИАЛАХ</name>
                <date>2012-08-08+04:00</date>
                <url>http://bus.gov.ru/public/download/download.html?id=6143569</url>
                <type>L</type>
            </document>
            <document>
                <name>РАСПОРЯЖЕНИЕ ПРАВИТЕЛЬСТВА РФ</name>
                <date>2011-12-30+04:00</date>
                <url>http://bus.gov.ru/public/download/download.html?id=6143570</url>
                <type>C</type>
            </document>
            <document>
                <name>Устав</name>
                <date>2012-05-05+04:00</date>
                <url>http://bus.gov.ru/public/download/download.html?id=6143571</url>
                <type>F</type>
            </document>
            <document>
                <name>Свидетельство о государственной регистрации юридического лица</name>
                <date>2012-08-03+04:00</date>
                <url>http://bus.gov.ru/public/download/download.html?id=6143572</url>
                <type>E</type>
            </document>
            <document>
                <name>Свидетельство о постановке на учет в налоговом органе</name>
                <date>2012-08-03+04:00</date>
                <url>http://bus.gov.ru/public/download/download.html?id=6143573</url>
                <type>E</type>
            </document>
        </ns2:position>
    

    </ns2:body>
    </ns2:institutionInfo>        
        