<?xml version="1.0" encoding="UTF-8" standalone="yes"?>
<ns2:institutionInfo xsi:schemaLocation="http://bus.gov.ru/public/schema/TFF-0.1.3.1/External.xsd" xmlns="http://bus.gov.ru/types/1" xmlns:ns2="http://bus.gov.ru/external/1" xmlns:xsi="http://www.w3.org/2001/XMLSchema-instance" xmlns:ns3="http://bus.gov.ru/fk/1">
    <ns2:body>                        
	<ns2:position xmlns:ns2="http://bus.gov.ru/external/1" xmlns="http://bus.gov.ru/types/1" xmlns:xsi="http://www.w3.org/2001/XMLSchema-instance" xmlns:ns3="http://bus.gov.ru/fk/1">
            <positionId>89578688-7fa7-4cc4-94d5-d7a6eebd3e18</positionId>
            <changeDate>2012-07-25T18:06:48.206+04:00</changeDate>
            <placer>
                <regNum>0371100000019</regNum>
                <fullName>Федеральное казенное учреждение войсковая часть 2667</fullName>
                <inn>7606055184</inn>
                <kpp>760601001</kpp>
            </placer>
            <initiator>
                <regNum>0371100000019</regNum>
                <fullName>Федеральное казенное учреждение войсковая часть 2667</fullName>
                <inn>7606055184</inn>
                <kpp>760601001</kpp>
            </initiator>
            <versionNumber>0</versionNumber>
            <main>
                <shortName>ФКУ Войсковая часть 2667</shortName>
                <ogrn>1057601156304</ogrn>
                <rbs>
                    <regNum>0373100000668</regNum>
                    <fullName>ВОЙСКОВАЯ ЧАСТЬ 5401</fullName>
                </rbs>
                <grbs>
                    <regNum>0173100000062</regNum>
                    <fullName>Министерство внутренних дел Российской Федерации</fullName>
                </grbs>
                <orgType>08</orgType>
                <classifier>
                    <okfs>
                        <code>12</code>
                        <name>Федеральная собственность</name>
                    </okfs>
                    <okopf>
                        <code>81</code>
                        <name>Учреждения</name>
                    </okopf>
                    <okogu>
                        <code>1310500</code>
                        <name>Министерство внутренних дел Российской Федерации</name>
                    </okogu>
                    <okpo>
                        <code>08608646</code>
                    </okpo>
                    <okato>
                        <code>78401380000</code>
                        <name>Ленинский</name>
                    </okato>
                    <okved>
                        <code>75.24</code>
                        <name>Деятельность по обеспечению общественного порядка и безопасности</name>
                        <type>C</type>
                    </okved>
                </classifier>
                <address>
                    <zip>150031</zip>
                    <subject>
                        <code>76000000000</code>
                        <name>Ярославская обл</name>
                    </subject>
                    <city>
                        <code>76000001000</code>
                        <name>Ярославль г</name>
                    </city>
                    <street>
                        <code>760000010001023</code>
                        <name>Угличская ул</name>
                    </street>
                    <building>58</building>
                </address>
            </main>
            <additional>
                <institutionType>
                    <code>9900000</code>
                    <name>Прочие</name>
                </institutionType>
                <ppo>
                    <code>00000000000</code>
                    <name>Российская Федерация</name>
                    <okato>
                        <code>00000000000</code>
                        <name>Объекты административно-территориального деления, кроме сельских населенных пунктов</name>
                    </okato>
                </ppo>
                <phone>7-4852-517710</phone>
                <section>188</section>
                <oktmo>
                    <code>78701000</code>
                    <name>- Город Ярославль</name>
                </oktmo>
                <activity>
                    <okved>
                        <code>75.24</code>
                        <name>Деятельность по обеспечению общественного порядка и безопасности</name>
                    </okved>
                    <name>Деятельность по обеспечению общественного порядка и безопасности</name>
                </activity>
            </additional>
            <other>
                <chief>
                    <lastName>Зайцев</lastName>
                    <firstName>Александр</firstName>
                    <middleName>Михайлович</middleName>
                    <position>Командир</position>
                </chief>
                <founder>
                    <regNum>0173100000062</regNum>
                    <fullName>Министерство внутренних дел Российской Федерации</fullName>
                </founder>
            </other>
            <document>
                <name>регистрационные документы</name>
                <date>2012-07-25+04:00</date>
                <url>http://bus.gov.ru/public/download/download.html?id=4727280</url>
                <type>S</type>
            </document>
            <document>
                <name>Общее положение</name>
                <date>2012-07-25+04:00</date>
                <url>http://bus.gov.ru/public/download/download.html?id=4727253</url>
                <type>F</type>
            </document>
            <document>
                <name>регистрационные документы</name>
                <date>2012-07-25+04:00</date>
                <url>http://bus.gov.ru/public/download/download.html?id=4727290</url>
                <type>E</type>
            </document>
        </ns2:position>
    
<ns2:position xmlns:ns2="http://bus.gov.ru/external/1" xmlns="http://bus.gov.ru/types/1" xmlns:xsi="http://www.w3.org/2001/XMLSchema-instance" xmlns:ns3="http://bus.gov.ru/fk/1">
            <positionId>e86d9819-b46a-4195-bb6c-50fd37e70e85</positionId>
            <changeDate>2012-09-19T16:14:19.448+04:00</changeDate>
            <placer>
                <regNum>0395100003260</regNum>
                <fullName>филиал федерального казенного учреждения "Главный центр специальных перевозок Министерства внутренних дел Российской Федерации" "Центр специальных перевозок МВД России на Северной железной дороге"</fullName>
                <inn>7702718243</inn>
                <kpp>760643001</kpp>
            </placer>
            <initiator>
                <regNum>0395100003260</regNum>
                <fullName>филиал федерального казенного учреждения "Главный центр специальных перевозок Министерства внутренних дел Российской Федерации" "Центр специальных перевозок МВД России на Северной железной дороге"</fullName>
                <inn>7702718243</inn>
                <kpp>760643001</kpp>
            </initiator>
            <versionNumber>0</versionNumber>
            <main>
                <shortName>филиал ФКУ "ГЦСП МВД России" "ЦСП МВД России на Северной ж.д."</shortName>
                <ogrn>1097746667061</ogrn>
                <rbs>
                    <fullName>федеральное государственное бюджетное учреждение "Главный центр специальных перевозок Министерства внутренних дел Российской Федерации"</fullName>
                </rbs>
                <grbs>
                    <regNum>0173100000054</regNum>
                    <fullName>Министерство внутренних дел Российской Федерации</fullName>
                </grbs>
                <orgType>08</orgType>
                <classifier>
                    <okfs>
                        <code>12</code>
                        <name>Федеральная собственность</name>
                    </okfs>
                    <okopf>
                        <code>90</code>
                        <name>Представительства и филиалы</name>
                    </okopf>
                    <okogu>
                        <code>1310500</code>
                        <name>Министерство внутренних дел Российской Федерации</name>
                    </okogu>
                    <okpo>
                        <code>08680750</code>
                    </okpo>
                    <okato>
                        <code>78401380000</code>
                        <name>Ленинский</name>
                    </okato>
                    <okved>
                        <code>75.24.1</code>
                        <name>Деятельность органов внутренних дел</name>
                        <type>C</type>
                    </okved>
                </classifier>
                <address>
                    <zip>150054</zip>
                    <subject>
                        <code>76000000000</code>
                        <name>Ярославская</name>
                    </subject>
                    <city>
                        <code>76000001000</code>
                        <name>Ярославль</name>
                    </city>
                    <street>
                        <name>Свердлова</name>
                    </street>
                    <building>91</building>
                </address>
            </main>
            <additional>
                <institutionType>
                    <code>1500000</code>
                    <name>Транспорт и дорожное обслуживание</name>
                </institutionType>
                <ppo>
                    <code>00000000000</code>
                    <name>Российская Федерация</name>
                    <okato>
                        <code>00000000000</code>
                        <name>Объекты административно-территориального деления, кроме сельских населенных пунктов</name>
                    </okato>
                    <oktmo>
                        <code>78701000</code>
                        <name>Город Ярославль</name>
                    </oktmo>
                </ppo>
                <phone>7-4852-794025</phone>
                <section>188</section>
                <oktmo>
                    <code>78701000</code>
                    <name>Город Ярославль</name>
                </oktmo>
                <activity>
                    <okved>
                        <code>75.24.1</code>
                        <name>Деятельность органов внутренних дел</name>
                    </okved>
                    <name>Деятельность органов внутренних дел</name>
                </activity>
                <eMail>cspmvdnrr@mail.ru</eMail>
            </additional>
            <other>
                <chief>
                    <lastName>Лыков</lastName>
                    <firstName>Сергей</firstName>
                    <middleName>Алексеевич</middleName>
                    <position>Начальник центра</position>
                </chief>
                <founder>
                    <regNum>0173100000062</regNum>
                    <fullName>Министерство внутренних дел Российской Федерации</fullName>
                </founder>
            </other>
            <document>
                <name>Приказ</name>
                <date>2012-09-19+04:00</date>
                <url>http://bus.gov.ru/public/download/download.html?id=5371223</url>
                <type>S</type>
            </document>
            <document>
                <name>Положение о филиале ФКУ</name>
                <date>2012-09-19+04:00</date>
                <url>http://bus.gov.ru/public/download/download.html?id=5371042</url>
                <type>F</type>
            </document>
            <document>
                <name>Устав ФКУ</name>
                <date>2012-09-19+04:00</date>
                <url>http://bus.gov.ru/public/download/download.html?id=5371027</url>
                <type>F</type>
            </document>
            <document>
                <name>img241</name>
                <date>2012-09-19+04:00</date>
                <url>http://bus.gov.ru/public/download/download.html?id=5371211</url>
                <type>E</type>
            </document>
        </ns2:position>
    
<ns2:position xmlns:ns2="http://bus.gov.ru/external/1" xmlns="http://bus.gov.ru/types/1" xmlns:xsi="http://www.w3.org/2001/XMLSchema-instance" xmlns:ns3="http://bus.gov.ru/fk/1">
            <positionId>89578688-7fa7-4cc4-94d5-d7a6eebd3e18</positionId>
            <changeDate>2012-07-25T18:06:48.206+04:00</changeDate>
            <placer>
                <regNum>0371100000019</regNum>
                <fullName>Федеральное казенное учреждение войсковая часть 2667</fullName>
                <inn>7606055184</inn>
                <kpp>760601001</kpp>
            </placer>
            <initiator>
                <regNum>0371100000019</regNum>
                <fullName>Федеральное казенное учреждение войсковая часть 2667</fullName>
                <inn>7606055184</inn>
                <kpp>760601001</kpp>
            </initiator>
            <versionNumber>0</versionNumber>
            <main>
                <shortName>ФКУ Войсковая часть 2667</shortName>
                <ogrn>1057601156304</ogrn>
                <rbs>
                    <regNum>0373100000668</regNum>
                    <fullName>ВОЙСКОВАЯ ЧАСТЬ 5401</fullName>
                </rbs>
                <grbs>
                    <regNum>0173100000062</regNum>
                    <fullName>Министерство внутренних дел Российской Федерации</fullName>
                </grbs>
                <orgType>08</orgType>
                <classifier>
                    <okfs>
                        <code>12</code>
                        <name>Федеральная собственность</name>
                    </okfs>
                    <okopf>
                        <code>81</code>
                        <name>Учреждения</name>
                    </okopf>
                    <okogu>
                        <code>1310500</code>
                        <name>Министерство внутренних дел Российской Федерации</name>
                    </okogu>
                    <okpo>
                        <code>08608646</code>
                    </okpo>
                    <okato>
                        <code>78401380000</code>
                        <name>Ленинский</name>
                    </okato>
                    <okved>
                        <code>75.24</code>
                        <name>Деятельность по обеспечению общественного порядка и безопасности</name>
                        <type>C</type>
                    </okved>
                </classifier>
                <address>
                    <zip>150031</zip>
                    <subject>
                        <code>76000000000</code>
                        <name>Ярославская обл</name>
                    </subject>
                    <city>
                        <code>76000001000</code>
                        <name>Ярославль г</name>
                    </city>
                    <street>
                        <code>760000010001023</code>
                        <name>Угличская ул</name>
                    </street>
                    <building>58</building>
                </address>
            </main>
            <additional>
                <institutionType>
                    <code>9900000</code>
                    <name>Прочие</name>
                </institutionType>
                <ppo>
                    <code>00000000000</code>
                    <name>Российская Федерация</name>
                    <okato>
                        <code>00000000000</code>
                        <name>Объекты административно-территориального деления, кроме сельских населенных пунктов</name>
                    </okato>
                </ppo>
                <phone>7-4852-517710</phone>
                <section>188</section>
                <oktmo>
                    <code>78701000</code>
                    <name>- Город Ярославль</name>
                </oktmo>
                <activity>
                    <okved>
                        <code>75.24</code>
                        <name>Деятельность по обеспечению общественного порядка и безопасности</name>
                    </okved>
                    <name>Деятельность по обеспечению общественного порядка и безопасности</name>
                </activity>
            </additional>
            <other>
                <chief>
                    <lastName>Зайцев</lastName>
                    <firstName>Александр</firstName>
                    <middleName>Михайлович</middleName>
                    <position>Командир</position>
                </chief>
                <founder>
                    <regNum>0173100000062</regNum>
                    <fullName>Министерство внутренних дел Российской Федерации</fullName>
                </founder>
            </other>
            <document>
                <name>регистрационные документы</name>
                <date>2012-07-25+04:00</date>
                <url>http://bus.gov.ru/public/download/download.html?id=4727280</url>
                <type>S</type>
            </document>
            <document>
                <name>Общее положение</name>
                <date>2012-07-25+04:00</date>
                <url>http://bus.gov.ru/public/download/download.html?id=4727253</url>
                <type>F</type>
            </document>
            <document>
                <name>регистрационные документы</name>
                <date>2012-07-25+04:00</date>
                <url>http://bus.gov.ru/public/download/download.html?id=4727290</url>
                <type>E</type>
            </document>
        </ns2:position>
    
<ns2:position xmlns:ns2="http://bus.gov.ru/external/1" xmlns="http://bus.gov.ru/types/1" xmlns:xsi="http://www.w3.org/2001/XMLSchema-instance" xmlns:ns3="http://bus.gov.ru/fk/1">
            <positionId>e86d9819-b46a-4195-bb6c-50fd37e70e85</positionId>
            <changeDate>2012-09-19T16:14:19.448+04:00</changeDate>
            <placer>
                <regNum>0395100003260</regNum>
                <fullName>филиал федерального казенного учреждения "Главный центр специальных перевозок Министерства внутренних дел Российской Федерации" "Центр специальных перевозок МВД России на Северной железной дороге"</fullName>
                <inn>7702718243</inn>
                <kpp>760643001</kpp>
            </placer>
            <initiator>
                <regNum>0395100003260</regNum>
                <fullName>филиал федерального казенного учреждения "Главный центр специальных перевозок Министерства внутренних дел Российской Федерации" "Центр специальных перевозок МВД России на Северной железной дороге"</fullName>
                <inn>7702718243</inn>
                <kpp>760643001</kpp>
            </initiator>
            <versionNumber>0</versionNumber>
            <main>
                <shortName>филиал ФКУ "ГЦСП МВД России" "ЦСП МВД России на Северной ж.д."</shortName>
                <ogrn>1097746667061</ogrn>
                <rbs>
                    <fullName>федеральное государственное бюджетное учреждение "Главный центр специальных перевозок Министерства внутренних дел Российской Федерации"</fullName>
                </rbs>
                <grbs>
                    <regNum>0173100000054</regNum>
                    <fullName>Министерство внутренних дел Российской Федерации</fullName>
                </grbs>
                <orgType>08</orgType>
                <classifier>
                    <okfs>
                        <code>12</code>
                        <name>Федеральная собственность</name>
                    </okfs>
                    <okopf>
                        <code>90</code>
                        <name>Представительства и филиалы</name>
                    </okopf>
                    <okogu>
                        <code>1310500</code>
                        <name>Министерство внутренних дел Российской Федерации</name>
                    </okogu>
                    <okpo>
                        <code>08680750</code>
                    </okpo>
                    <okato>
                        <code>78401380000</code>
                        <name>Ленинский</name>
                    </okato>
                    <okved>
                        <code>75.24.1</code>
                        <name>Деятельность органов внутренних дел</name>
                        <type>C</type>
                    </okved>
                </classifier>
                <address>
                    <zip>150054</zip>
                    <subject>
                        <code>76000000000</code>
                        <name>Ярославская</name>
                    </subject>
                    <city>
                        <code>76000001000</code>
                        <name>Ярославль</name>
                    </city>
                    <street>
                        <name>Свердлова</name>
                    </street>
                    <building>91</building>
                </address>
            </main>
            <additional>
                <institutionType>
                    <code>1500000</code>
                    <name>Транспорт и дорожное обслуживание</name>
                </institutionType>
                <ppo>
                    <code>00000000000</code>
                    <name>Российская Федерация</name>
                    <okato>
                        <code>00000000000</code>
                        <name>Объекты административно-территориального деления, кроме сельских населенных пунктов</name>
                    </okato>
                    <oktmo>
                        <code>78701000</code>
                        <name>Город Ярославль</name>
                    </oktmo>
                </ppo>
                <phone>7-4852-794025</phone>
                <section>188</section>
                <oktmo>
                    <code>78701000</code>
                    <name>Город Ярославль</name>
                </oktmo>
                <activity>
                    <okved>
                        <code>75.24.1</code>
                        <name>Деятельность органов внутренних дел</name>
                    </okved>
                    <name>Деятельность органов внутренних дел</name>
                </activity>
                <eMail>cspmvdnrr@mail.ru</eMail>
            </additional>
            <other>
                <chief>
                    <lastName>Лыков</lastName>
                    <firstName>Сергей</firstName>
                    <middleName>Алексеевич</middleName>
                    <position>Начальник центра</position>
                </chief>
                <founder>
                    <regNum>0173100000062</regNum>
                    <fullName>Министерство внутренних дел Российской Федерации</fullName>
                </founder>
            </other>
            <document>
                <name>Приказ</name>
                <date>2012-09-19+04:00</date>
                <url>http://bus.gov.ru/public/download/download.html?id=5371223</url>
                <type>S</type>
            </document>
            <document>
                <name>Положение о филиале ФКУ</name>
                <date>2012-09-19+04:00</date>
                <url>http://bus.gov.ru/public/download/download.html?id=5371042</url>
                <type>F</type>
            </document>
            <document>
                <name>Устав ФКУ</name>
                <date>2012-09-19+04:00</date>
                <url>http://bus.gov.ru/public/download/download.html?id=5371027</url>
                <type>F</type>
            </document>
            <document>
                <name>img241</name>
                <date>2012-09-19+04:00</date>
                <url>http://bus.gov.ru/public/download/download.html?id=5371211</url>
                <type>E</type>
            </document>
        </ns2:position>
    
<ns2:position xmlns:ns2="http://bus.gov.ru/external/1" xmlns="http://bus.gov.ru/types/1" xmlns:xsi="http://www.w3.org/2001/XMLSchema-instance" xmlns:ns3="http://bus.gov.ru/fk/1">
            <positionId>61113afc-3334-4d4a-9a4b-43cdea9ce0b9</positionId>
            <changeDate>2012-10-10T13:22:53.174+04:00</changeDate>
            <placer>
                <regNum>0371100000047</regNum>
                <fullName>федеральное государственное казенное учреждение "Управление вневедомственной охраны Управления Министерства внутренних дел Российской Федерации по Ярославской области"</fullName>
                <inn>7606087860</inn>
                <kpp>760601001</kpp>
            </placer>
            <initiator>
                <regNum>0371100000047</regNum>
                <fullName>федеральное государственное казенное учреждение "Управление вневедомственной охраны Управления Министерства внутренних дел Российской Федерации по Ярославской области"</fullName>
                <inn>7606087860</inn>
                <kpp>760601001</kpp>
            </initiator>
            <versionNumber>0</versionNumber>
            <main>
                <shortName>ФГКУ УВО УМВД России по Ярославской области</shortName>
                <ogrn>1127606003887</ogrn>
                <rbs>
                    <regNum>0171100000019</regNum>
                    <fullName>Управление Министерства внутренних дел Российской Федерации по Ярославской области</fullName>
                </rbs>
                <grbs>
                    <regNum>0173100000054</regNum>
                    <fullName>Министерство внутренних дел Российской Федерации</fullName>
                </grbs>
                <orgType>08</orgType>
                <classifier>
                    <okfs>
                        <code>12</code>
                        <name>Федеральная собственность</name>
                    </okfs>
                    <okopf>
                        <code>74</code>
                        <name>Казенные учреждения</name>
                    </okopf>
                    <okogu>
                        <code>1310500</code>
                        <name>Министерство внутренних дел Российской Федерации</name>
                    </okogu>
                    <okpo>
                        <code>08684676</code>
                    </okpo>
                    <okato>
                        <code>78400000000</code>
                        <name>Города областного подчинения Ярославской области/</name>
                    </okato>
                    <okved>
                        <code>75.24.1</code>
                        <name>Деятельность органов внутренних дел</name>
                        <type>C</type>
                    </okved>
                </classifier>
                <address>
                    <zip>150003</zip>
                    <subject>
                        <code>76000000000</code>
                        <name>Ярославская</name>
                    </subject>
                    <region>
                        <code>76001000000</code>
                    </region>
                    <city>
                        <code>76000001000</code>
                        <name>Ярославль</name>
                    </city>
                    <street>
                        <code>760000010000773</code>
                        <name>Республиканский проезд</name>
                    </street>
                    <building>13</building>
                </address>
            </main>
            <additional>
                <institutionType>
                    <code>9900000</code>
                    <name>Прочие</name>
                </institutionType>
                <ppo>
                    <code>00000000000</code>
                    <name>Российская Федерация</name>
                    <okato>
                        <code>00000000000</code>
                        <name>Объекты административно-территориального деления, кроме сельских населенных пунктов</name>
                    </okato>
                </ppo>
                <phone>8-4852-744400</phone>
                <branch>
                    <regNum>0371100000030</regNum>
                    <fullName>Рыбинский межрайонный отдел вневедомственной охраны - филиал федерального государственного казенного учреждения "Управление вневедомственной охраны Управления Министерства внутренних дел Российской Федерации по Ярославской области"</fullName>
                    <type>01</type>
                </branch>
                <branch>
                    <regNum>0371100000026</regNum>
                    <fullName>Межрайонный отдел вневедомственной охраны по городу Ярославлю - филиал федерального государственного казенного учреждения "Управление вневедомственной охраны Управления Министерства внутренних дел Российской Федерации по Ярославской области"</fullName>
                    <type>01</type>
                </branch>
                <branch>
                    <regNum>0871100000045</regNum>
                    <fullName>Ростовский отдел вневедомственной охраны - филиал федерального государственного казенного учреждения "Управление вневедомственной охраны Управления Министерства внутренних дел Российской Федерации по Ярославской области"</fullName>
                    <type>01</type>
                </branch>
                <section>188</section>
                <oktmo>
                    <code>78701000</code>
                    <name>Город Ярославль</name>
                </oktmo>
                <activity>
                    <okved>
                        <code>75.24.1</code>
                        <name>Деятельность органов внутренних дел</name>
                    </okved>
                    <name>охрана имущества и объектов  по договорам</name>
                </activity>
            </additional>
            <other>
                <chief>
                    <lastName>Божинсков</lastName>
                    <firstName>Дмитрий</firstName>
                    <middleName>Александрович</middleName>
                    <position>Начальник</position>
                </chief>
                <founder>
                    <regNum>0173100000062</regNum>
                    <fullName>Министерство внутренних дел Российской Федерации</fullName>
                </founder>
            </other>
            <document>
                <name>приказ на начальника</name>
                <date>2012-10-10+04:00</date>
                <url>http://bus.gov.ru/public/download/download.html?id=5674286</url>
                <type>S</type>
            </document>
            <document>
                <name>положение филиал по г. Ярославлю</name>
                <date>2012-10-10+04:00</date>
                <url>http://bus.gov.ru/public/download/download.html?id=5674709</url>
                <type>L</type>
            </document>
            <document>
                <name>Распоряжение Правительства РФ от 30_12_2011 N 2437-р  </name>
                <date>2012-10-10+04:00</date>
                <url>http://bus.gov.ru/public/download/download.html?id=5674258</url>
            </document>
            <document>
                <name>устав</name>
                <date>2012-10-10+04:00</date>
                <url>http://bus.gov.ru/public/download/download.html?id=5673928</url>
                <type>F</type>
            </document>
            <document>
                <name>свидетельство  </name>
                <date>2012-10-10+04:00</date>
                <url>http://bus.gov.ru/public/download/download.html?id=5674167</url>
                <type>E</type>
            </document>
        </ns2:position>
    
<ns2:position xmlns:ns2="http://bus.gov.ru/external/1" xmlns="http://bus.gov.ru/types/1" xmlns:xsi="http://www.w3.org/2001/XMLSchema-instance" xmlns:ns3="http://bus.gov.ru/fk/1">
            <positionId>fcebecf9-3f0d-4e72-9c7d-ca45bf8c3271</positionId>
            <changeDate>2012-04-10T16:34:06.950+04:00</changeDate>
            <placer>
                <regNum>0871100000022</regNum>
                <fullName>федеральное казенное учреждение здравоохранения "Медико-санитарная часть Министерства внутренних дел Российской Федерации по Ярославской области"</fullName>
                <inn>7606021467</inn>
                <kpp>760601001</kpp>
            </placer>
            <initiator>
                <regNum>0871100000022</regNum>
                <fullName>федеральное казенное учреждение здравоохранения "Медико-санитарная часть Министерства внутренних дел Российской Федерации по Ярославской области"</fullName>
                <inn>7606021467</inn>
                <kpp>760601001</kpp>
            </initiator>
            <versionNumber>1</versionNumber>
            <main>
                <shortName>ФКУЗ "МСЧ МВД России по Ярославской области"</shortName>
                <ogrn>1027600848890</ogrn>
                <rbs>
                    <regNum>0173100000062</regNum>
                    <fullName>Министерство внутренних дел Российской Федерации</fullName>
                </rbs>
                <grbs>
                    <regNum>0171100000019</regNum>
                    <fullName>Управление Министерства внутренних дел Российской Федерации по Ярославской области</fullName>
                </grbs>
                <orgType>08</orgType>
                <classifier>
                    <okfs>
                        <code>12</code>
                        <name>Федеральная собственность</name>
                    </okfs>
                    <okopf>
                        <code>72</code>
                        <name>Бюджетные учреждения</name>
                    </okopf>
                    <okogu>
                        <code>1310500</code>
                        <name>Министерство внутренних дел Российской Федерации</name>
                    </okogu>
                    <okpo>
                        <code>08734084</code>
                    </okpo>
                    <okato>
                        <code>78401000000</code>
                        <name>Ярославль</name>
                    </okato>
                    <okved>
                        <code>85.14.3</code>
                        <name>Деятельность медицинских лабораторий</name>
                        <type>O</type>
                    </okved>
                    <okved>
                        <code>85.13</code>
                        <name>Стоматологическая практика</name>
                        <type>O</type>
                    </okved>
                    <okved>
                        <code>85.14.2</code>
                        <name>Деятельность вспомогательного стоматологического персонала</name>
                        <type>O</type>
                    </okved>
                    <okved>
                        <code>85.14.1</code>
                        <name>Деятельность среднего медицинского персонала</name>
                        <type>O</type>
                    </okved>
                    <okved>
                        <code>85.11.1</code>
                        <name>Деятельность больничных учреждений широкого профиля и специализированных</name>
                        <type>C</type>
                    </okved>
                </classifier>
                <address>
                    <zip>150040</zip>
                    <subject>
                        <code>76000000000</code>
                        <name>Ярославская обл</name>
                    </subject>
                    <city>
                        <code>76000001000</code>
                        <name>Ярославль г</name>
                    </city>
                    <street>
                        <name>Харитонова ул</name>
                    </street>
                    <building>4</building>
                </address>
            </main>
            <additional>
                <institutionType>
                    <code>0500000</code>
                    <name>Здравоохранение</name>
                </institutionType>
                <ppo>
                    <code>00000000000</code>
                    <name>Российская Федерация</name>
                    <okato>
                        <code>00000000000</code>
                        <name>Объекты административно-территориального деления, кроме сельских населенных пунктов</name>
                    </okato>
                    <oktmo>
                        <code>78701000</code>
                        <name>- Город Ярославль</name>
                    </oktmo>
                </ppo>
                <phone>8-4852-251906</phone>
                <section>188</section>
                <oktmo>
                    <code>78701000</code>
                    <name>- Город Ярославль</name>
                </oktmo>
                <activity>
                    <okved>
                        <code>85.11.1</code>
                        <name>Деятельность больничных учреждений широкого профиля и специализированных</name>
                    </okved>
                    <name>медицина</name>
                </activity>
                <activity>
                    <okved>
                        <code>85.14.3</code>
                        <name>Деятельность медицинских лабораторий</name>
                    </okved>
                    <name>Деятельность медицинских лабораторий</name>
                </activity>
                <activity>
                    <okved>
                        <code>85.13</code>
                        <name>Стоматологическая практика</name>
                    </okved>
                    <name>Стоматологическая практика</name>
                </activity>
                <activity>
                    <okved>
                        <code>85.14.2</code>
                        <name>Деятельность вспомогательного стоматологического персонала</name>
                    </okved>
                    <name>Деятельность вспомогательного стоматологического персонала</name>
                </activity>
                <activity>
                    <okved>
                        <code>85.14.1</code>
                        <name>Деятельность среднего медицинского персонала</name>
                    </okved>
                    <name>Деятельность среднего медицинского персонала</name>
                </activity>
                <eMail>boluvdyr@nordnet.ru</eMail>
            </additional>
            <other>
                <chief>
                    <lastName>Балашин</lastName>
                    <firstName>Владимир</firstName>
                    <middleName>Иванович</middleName>
                    <position>Начальник</position>
                </chief>
                <founder>
                    <fullName>Министерство внутренних дел Российской Федерации </fullName>
                </founder>
            </other>
            <document>
                <name>Отчет1</name>
                <date>2012-04-06+04:00</date>
                <url>http://bus.gov.ru/public/download/download.html?id=2271042</url>
                <type>O</type>
            </document>
            <document>
                <name>Приказ № 32 лист 3</name>
                <date>2007-12-30+03:00</date>
                <url>http://bus.gov.ru/public/download/download.html?id=2270964</url>
                <type>L</type>
            </document>
            <document>
                <name>Приказ № 32 лист 6</name>
                <date>2007-12-30+03:00</date>
                <url>http://bus.gov.ru/public/download/download.html?id=2270965</url>
                <type>L</type>
            </document>
            <document>
                <name>Приказ № 32 лист 9</name>
                <date>2007-12-30+03:00</date>
                <url>http://bus.gov.ru/public/download/download.html?id=2270966</url>
                <type>L</type>
            </document>
            <document>
                <name>Приказ № 32 лист 2</name>
                <date>2007-12-30+03:00</date>
                <url>http://bus.gov.ru/public/download/download.html?id=2270967</url>
                <type>L</type>
            </document>
            <document>
                <name>Приказ № 32 лист 11</name>
                <date>2007-12-30+03:00</date>
                <url>http://bus.gov.ru/public/download/download.html?id=2270968</url>
                <type>L</type>
            </document>
            <document>
                <name>Приказ № 32 лист 12</name>
                <date>2007-12-30+03:00</date>
                <url>http://bus.gov.ru/public/download/download.html?id=2270969</url>
                <type>L</type>
            </document>
            <document>
                <name>приказ МСЧ УВД по Ярославской области № 32 от 30.12.2007 года</name>
                <date>2007-12-30+03:00</date>
                <url>http://bus.gov.ru/public/download/download.html?id=2270970</url>
                <type>L</type>
            </document>
            <document>
                <name>Приказ № 32 лист 4</name>
                <date>2007-12-30+03:00</date>
                <url>http://bus.gov.ru/public/download/download.html?id=2270971</url>
                <type>L</type>
            </document>
            <document>
                <name>Приказ № 32 лист 5</name>
                <date>2007-12-30+03:00</date>
                <url>http://bus.gov.ru/public/download/download.html?id=2270972</url>
                <type>L</type>
            </document>
            <document>
                <name>Приказ № 32 лист 8</name>
                <date>2007-12-30+03:00</date>
                <url>http://bus.gov.ru/public/download/download.html?id=2270973</url>
                <type>L</type>
            </document>
            <document>
                <name>Приказ № 32 лист 10</name>
                <date>2007-12-30+03:00</date>
                <url>http://bus.gov.ru/public/download/download.html?id=2270974</url>
                <type>L</type>
            </document>
            <document>
                <name>Приказ № 32 лист 7</name>
                <date>2007-12-30+03:00</date>
                <url>http://bus.gov.ru/public/download/download.html?id=2270975</url>
                <type>L</type>
            </document>
            <document>
                <name>ПРИКАЗ № 738 2 ЛИСТ</name>
                <date>2005-09-10+04:00</date>
                <url>http://bus.gov.ru/public/download/download.html?id=2270976</url>
                <type>F</type>
            </document>
            <document>
                <name>ПРИКАЗ 1107 9 ЛИСТ</name>
                <date>2005-12-30+03:00</date>
                <url>http://bus.gov.ru/public/download/download.html?id=2270977</url>
                <type>F</type>
            </document>
            <document>
                <name>ПРИКАЗ № 1107 10 ЛИСТ</name>
                <date>2005-12-30+03:00</date>
                <url>http://bus.gov.ru/public/download/download.html?id=2270978</url>
                <type>F</type>
            </document>
            <document>
                <name>ПРИКАЗ 1107 11 ЛИСТ </name>
                <date>2005-12-30+03:00</date>
                <url>http://bus.gov.ru/public/download/download.html?id=2270979</url>
                <type>F</type>
            </document>
            <document>
                <name>ПРИКАЗ 1107 12 ЛИСТ</name>
                <date>2005-12-30+03:00</date>
                <url>http://bus.gov.ru/public/download/download.html?id=2270980</url>
                <type>F</type>
            </document>
            <document>
                <name>ПРИКАЗ 1107 13 ЛИСТ</name>
                <date>2005-12-30+03:00</date>
                <url>http://bus.gov.ru/public/download/download.html?id=2270981</url>
                <type>F</type>
            </document>
            <document>
                <name>ПРИКАЗ О НАЗНАЧЕНИИ НАЧАЛЬНИКА</name>
                <date>2006-01-31+03:00</date>
                <url>http://bus.gov.ru/public/download/download.html?id=2270982</url>
                <type>S</type>
            </document>
            <document>
                <name>СВИДЕТЕЛЬСТВО 16.10.2006</name>
                <date>2006-10-16+04:00</date>
                <url>http://bus.gov.ru/public/download/download.html?id=2270983</url>
                <type>E</type>
            </document>
            <document>
                <name>СВИДЕТЕЛЬСТВО 20.12.2007</name>
                <date>2007-12-20+03:00</date>
                <url>http://bus.gov.ru/public/download/download.html?id=2270984</url>
                <type>E</type>
            </document>
            <document>
                <name>СВИДЕТЕЛЬСТВО О ГОСРЕГИСТРАЦИИ</name>
                <date>2011-07-27+04:00</date>
                <url>http://bus.gov.ru/public/download/download.html?id=2270985</url>
                <type>E</type>
            </document>
            <document>
                <name>ПРИКАЗ № 738 1 ЛИСТ</name>
                <date>2005-09-10+04:00</date>
                <url>http://bus.gov.ru/public/download/download.html?id=2270986</url>
                <type>F</type>
            </document>
            <document>
                <name>ПРИКАЗ № 738 3ЛИСТ</name>
                <date>2005-09-10+04:00</date>
                <url>http://bus.gov.ru/public/download/download.html?id=2270987</url>
                <type>F</type>
            </document>
            <document>
                <name>ПРИКАЗ 1107 2 ЛИСТ</name>
                <date>2005-12-30+03:00</date>
                <url>http://bus.gov.ru/public/download/download.html?id=2270988</url>
                <type>F</type>
            </document>
            <document>
                <name>ПРИАЗ 1107 15 ЛИСТ</name>
                <date>2005-12-30+03:00</date>
                <url>http://bus.gov.ru/public/download/download.html?id=2270989</url>
                <type>F</type>
            </document>
            <document>
                <name>ПРИКАЗ 1107 14 ЛИСТ</name>
                <date>2005-12-30+03:00</date>
                <url>http://bus.gov.ru/public/download/download.html?id=2270990</url>
                <type>F</type>
            </document>
            <document>
                <name>ПРИКАЗ № 485 2 ЛИСТ</name>
                <date>2011-05-30+04:00</date>
                <url>http://bus.gov.ru/public/download/download.html?id=2270991</url>
                <type>F</type>
            </document>
            <document>
                <name>ПРИКАЗ № 485 3 ЛИСТ</name>
                <date>2011-05-30+04:00</date>
                <url>http://bus.gov.ru/public/download/download.html?id=2270992</url>
                <type>F</type>
            </document>
            <document>
                <name>ПРИКАЗ № 485  5 ЛИСТ</name>
                <date>2011-05-30+04:00</date>
                <url>http://bus.gov.ru/public/download/download.html?id=2270993</url>
                <type>F</type>
            </document>
            <document>
                <name>ПРИКАЗ № 485 6 ЛИСТ</name>
                <date>2011-05-30+04:00</date>
                <url>http://bus.gov.ru/public/download/download.html?id=2270994</url>
                <type>F</type>
            </document>
            <document>
                <name>ПРИКАЗ № 485 4 ЛИСТ</name>
                <date>2011-05-30+04:00</date>
                <url>http://bus.gov.ru/public/download/download.html?id=2270995</url>
                <type>F</type>
            </document>
            <document>
                <name>ИЗМЕНЕНИЯ В УСТАВ</name>
                <date>2007-11-16+03:00</date>
                <url>http://bus.gov.ru/public/download/download.html?id=2270996</url>
                <type>F</type>
            </document>
            <document>
                <name>ПРИКАЗ № 738 4 ЛИСТ</name>
                <date>2005-09-10+04:00</date>
                <url>http://bus.gov.ru/public/download/download.html?id=2270997</url>
                <type>F</type>
            </document>
            <document>
                <name>ПРИКАЗ 1107  1 ЛИСТ</name>
                <date>2005-12-30+03:00</date>
                <url>http://bus.gov.ru/public/download/download.html?id=2270998</url>
                <type>F</type>
            </document>
            <document>
                <name>ПРИКАЗ 1107 3 ЛИСТ</name>
                <date>2005-12-30+03:00</date>
                <url>http://bus.gov.ru/public/download/download.html?id=2270999</url>
                <type>F</type>
            </document>
            <document>
                <name>ПРИКАЗ 1107 4 ЛИСТ</name>
                <date>2005-12-30+03:00</date>
                <url>http://bus.gov.ru/public/download/download.html?id=2271000</url>
                <type>F</type>
            </document>
            <document>
                <name>ПРИКАЗ 1107 5 ЛИСТ</name>
                <date>2005-12-30+03:00</date>
                <url>http://bus.gov.ru/public/download/download.html?id=2271001</url>
                <type>F</type>
            </document>
            <document>
                <name>ПРИКАЗ 1107 6 ЛИСТ</name>
                <date>2005-12-30+03:00</date>
                <url>http://bus.gov.ru/public/download/download.html?id=2271002</url>
                <type>F</type>
            </document>
            <document>
                <name>ПРИКАЗ 1107 7 ЛИСТ</name>
                <date>2005-12-30+03:00</date>
                <url>http://bus.gov.ru/public/download/download.html?id=2271003</url>
                <type>F</type>
            </document>
            <document>
                <name>ПРИКАЗ 1107 8 ЛИСТ</name>
                <date>2005-12-30+03:00</date>
                <url>http://bus.gov.ru/public/download/download.html?id=2271004</url>
                <type>F</type>
            </document>
            <document>
                <name>ПРИКАЗ №485 1 ЛИСТ</name>
                <date>2011-05-30+04:00</date>
                <url>http://bus.gov.ru/public/download/download.html?id=2271005</url>
                <type>F</type>
            </document>
            <document>
                <name>приказ 1088 от 16.11.2007</name>
                <date>2007-11-16+03:00</date>
                <url>http://bus.gov.ru/public/download/download.html?id=2271006</url>
                <type>F</type>
            </document>
        </ns2:position>
    
<ns2:position xmlns:ns2="http://bus.gov.ru/external/1" xmlns="http://bus.gov.ru/types/1" xmlns:xsi="http://www.w3.org/2001/XMLSchema-instance" xmlns:ns3="http://bus.gov.ru/fk/1">
            <positionId>61113afc-3334-4d4a-9a4b-43cdea9ce0b9</positionId>
            <changeDate>2012-10-10T13:22:53.174+04:00</changeDate>
            <placer>
                <regNum>0371100000047</regNum>
                <fullName>федеральное государственное казенное учреждение "Управление вневедомственной охраны Управления Министерства внутренних дел Российской Федерации по Ярославской области"</fullName>
                <inn>7606087860</inn>
                <kpp>760601001</kpp>
            </placer>
            <initiator>
                <regNum>0371100000047</regNum>
                <fullName>федеральное государственное казенное учреждение "Управление вневедомственной охраны Управления Министерства внутренних дел Российской Федерации по Ярославской области"</fullName>
                <inn>7606087860</inn>
                <kpp>760601001</kpp>
            </initiator>
            <versionNumber>0</versionNumber>
            <main>
                <shortName>ФГКУ УВО УМВД России по Ярославской области</shortName>
                <ogrn>1127606003887</ogrn>
                <rbs>
                    <regNum>0171100000019</regNum>
                    <fullName>Управление Министерства внутренних дел Российской Федерации по Ярославской области</fullName>
                </rbs>
                <grbs>
                    <regNum>0173100000054</regNum>
                    <fullName>Министерство внутренних дел Российской Федерации</fullName>
                </grbs>
                <orgType>08</orgType>
                <classifier>
                    <okfs>
                        <code>12</code>
                        <name>Федеральная собственность</name>
                    </okfs>
                    <okopf>
                        <code>74</code>
                        <name>Казенные учреждения</name>
                    </okopf>
                    <okogu>
                        <code>1310500</code>
                        <name>Министерство внутренних дел Российской Федерации</name>
                    </okogu>
                    <okpo>
                        <code>08684676</code>
                    </okpo>
                    <okato>
                        <code>78400000000</code>
                        <name>Города областного подчинения Ярославской области/</name>
                    </okato>
                    <okved>
                        <code>75.24.1</code>
                        <name>Деятельность органов внутренних дел</name>
                        <type>C</type>
                    </okved>
                </classifier>
                <address>
                    <zip>150003</zip>
                    <subject>
                        <code>76000000000</code>
                        <name>Ярославская</name>
                    </subject>
                    <region>
                        <code>76001000000</code>
                    </region>
                    <city>
                        <code>76000001000</code>
                        <name>Ярославль</name>
                    </city>
                    <street>
                        <code>760000010000773</code>
                        <name>Республиканский проезд</name>
                    </street>
                    <building>13</building>
                </address>
            </main>
            <additional>
                <institutionType>
                    <code>9900000</code>
                    <name>Прочие</name>
                </institutionType>
                <ppo>
                    <code>00000000000</code>
                    <name>Российская Федерация</name>
                    <okato>
                        <code>00000000000</code>
                        <name>Объекты административно-территориального деления, кроме сельских населенных пунктов</name>
                    </okato>
                </ppo>
                <phone>8-4852-744400</phone>
                <branch>
                    <regNum>0371100000030</regNum>
                    <fullName>Рыбинский межрайонный отдел вневедомственной охраны - филиал федерального государственного казенного учреждения "Управление вневедомственной охраны Управления Министерства внутренних дел Российской Федерации по Ярославской области"</fullName>
                    <type>01</type>
                </branch>
                <branch>
                    <regNum>0371100000026</regNum>
                    <fullName>Межрайонный отдел вневедомственной охраны по городу Ярославлю - филиал федерального государственного казенного учреждения "Управление вневедомственной охраны Управления Министерства внутренних дел Российской Федерации по Ярославской области"</fullName>
                    <type>01</type>
                </branch>
                <branch>
                    <regNum>0871100000045</regNum>
                    <fullName>Ростовский отдел вневедомственной охраны - филиал федерального государственного казенного учреждения "Управление вневедомственной охраны Управления Министерства внутренних дел Российской Федерации по Ярославской области"</fullName>
                    <type>01</type>
                </branch>
                <section>188</section>
                <oktmo>
                    <code>78701000</code>
                    <name>Город Ярославль</name>
                </oktmo>
                <activity>
                    <okved>
                        <code>75.24.1</code>
                        <name>Деятельность органов внутренних дел</name>
                    </okved>
                    <name>охрана имущества и объектов  по договорам</name>
                </activity>
            </additional>
            <other>
                <chief>
                    <lastName>Божинсков</lastName>
                    <firstName>Дмитрий</firstName>
                    <middleName>Александрович</middleName>
                    <position>Начальник</position>
                </chief>
                <founder>
                    <regNum>0173100000062</regNum>
                    <fullName>Министерство внутренних дел Российской Федерации</fullName>
                </founder>
            </other>
            <document>
                <name>приказ на начальника</name>
                <date>2012-10-10+04:00</date>
                <url>http://bus.gov.ru/public/download/download.html?id=5674286</url>
                <type>S</type>
            </document>
            <document>
                <name>положение филиал по г. Ярославлю</name>
                <date>2012-10-10+04:00</date>
                <url>http://bus.gov.ru/public/download/download.html?id=5674709</url>
                <type>L</type>
            </document>
            <document>
                <name>Распоряжение Правительства РФ от 30_12_2011 N 2437-р  </name>
                <date>2012-10-10+04:00</date>
                <url>http://bus.gov.ru/public/download/download.html?id=5674258</url>
            </document>
            <document>
                <name>устав</name>
                <date>2012-10-10+04:00</date>
                <url>http://bus.gov.ru/public/download/download.html?id=5673928</url>
                <type>F</type>
            </document>
            <document>
                <name>свидетельство  </name>
                <date>2012-10-10+04:00</date>
                <url>http://bus.gov.ru/public/download/download.html?id=5674167</url>
                <type>E</type>
            </document>
        </ns2:position>
    
<ns2:position xmlns:ns2="http://bus.gov.ru/external/1" xmlns="http://bus.gov.ru/types/1" xmlns:xsi="http://www.w3.org/2001/XMLSchema-instance" xmlns:ns3="http://bus.gov.ru/fk/1">
            <positionId>fcebecf9-3f0d-4e72-9c7d-ca45bf8c3271</positionId>
            <changeDate>2012-04-10T16:34:06.950+04:00</changeDate>
            <placer>
                <regNum>0871100000022</regNum>
                <fullName>федеральное казенное учреждение здравоохранения "Медико-санитарная часть Министерства внутренних дел Российской Федерации по Ярославской области"</fullName>
                <inn>7606021467</inn>
                <kpp>760601001</kpp>
            </placer>
            <initiator>
                <regNum>0871100000022</regNum>
                <fullName>федеральное казенное учреждение здравоохранения "Медико-санитарная часть Министерства внутренних дел Российской Федерации по Ярославской области"</fullName>
                <inn>7606021467</inn>
                <kpp>760601001</kpp>
            </initiator>
            <versionNumber>1</versionNumber>
            <main>
                <shortName>ФКУЗ "МСЧ МВД России по Ярославской области"</shortName>
                <ogrn>1027600848890</ogrn>
                <rbs>
                    <regNum>0173100000062</regNum>
                    <fullName>Министерство внутренних дел Российской Федерации</fullName>
                </rbs>
                <grbs>
                    <regNum>0171100000019</regNum>
                    <fullName>Управление Министерства внутренних дел Российской Федерации по Ярославской области</fullName>
                </grbs>
                <orgType>08</orgType>
                <classifier>
                    <okfs>
                        <code>12</code>
                        <name>Федеральная собственность</name>
                    </okfs>
                    <okopf>
                        <code>72</code>
                        <name>Бюджетные учреждения</name>
                    </okopf>
                    <okogu>
                        <code>1310500</code>
                        <name>Министерство внутренних дел Российской Федерации</name>
                    </okogu>
                    <okpo>
                        <code>08734084</code>
                    </okpo>
                    <okato>
                        <code>78401000000</code>
                        <name>Ярославль</name>
                    </okato>
                    <okved>
                        <code>85.14.3</code>
                        <name>Деятельность медицинских лабораторий</name>
                        <type>O</type>
                    </okved>
                    <okved>
                        <code>85.13</code>
                        <name>Стоматологическая практика</name>
                        <type>O</type>
                    </okved>
                    <okved>
                        <code>85.14.2</code>
                        <name>Деятельность вспомогательного стоматологического персонала</name>
                        <type>O</type>
                    </okved>
                    <okved>
                        <code>85.14.1</code>
                        <name>Деятельность среднего медицинского персонала</name>
                        <type>O</type>
                    </okved>
                    <okved>
                        <code>85.11.1</code>
                        <name>Деятельность больничных учреждений широкого профиля и специализированных</name>
                        <type>C</type>
                    </okved>
                </classifier>
                <address>
                    <zip>150040</zip>
                    <subject>
                        <code>76000000000</code>
                        <name>Ярославская обл</name>
                    </subject>
                    <city>
                        <code>76000001000</code>
                        <name>Ярославль г</name>
                    </city>
                    <street>
                        <name>Харитонова ул</name>
                    </street>
                    <building>4</building>
                </address>
            </main>
            <additional>
                <institutionType>
                    <code>0500000</code>
                    <name>Здравоохранение</name>
                </institutionType>
                <ppo>
                    <code>00000000000</code>
                    <name>Российская Федерация</name>
                    <okato>
                        <code>00000000000</code>
                        <name>Объекты административно-территориального деления, кроме сельских населенных пунктов</name>
                    </okato>
                    <oktmo>
                        <code>78701000</code>
                        <name>- Город Ярославль</name>
                    </oktmo>
                </ppo>
                <phone>8-4852-251906</phone>
                <section>188</section>
                <oktmo>
                    <code>78701000</code>
                    <name>- Город Ярославль</name>
                </oktmo>
                <activity>
                    <okved>
                        <code>85.11.1</code>
                        <name>Деятельность больничных учреждений широкого профиля и специализированных</name>
                    </okved>
                    <name>медицина</name>
                </activity>
                <activity>
                    <okved>
                        <code>85.14.3</code>
                        <name>Деятельность медицинских лабораторий</name>
                    </okved>
                    <name>Деятельность медицинских лабораторий</name>
                </activity>
                <activity>
                    <okved>
                        <code>85.13</code>
                        <name>Стоматологическая практика</name>
                    </okved>
                    <name>Стоматологическая практика</name>
                </activity>
                <activity>
                    <okved>
                        <code>85.14.2</code>
                        <name>Деятельность вспомогательного стоматологического персонала</name>
                    </okved>
                    <name>Деятельность вспомогательного стоматологического персонала</name>
                </activity>
                <activity>
                    <okved>
                        <code>85.14.1</code>
                        <name>Деятельность среднего медицинского персонала</name>
                    </okved>
                    <name>Деятельность среднего медицинского персонала</name>
                </activity>
                <eMail>boluvdyr@nordnet.ru</eMail>
            </additional>
            <other>
                <chief>
                    <lastName>Балашин</lastName>
                    <firstName>Владимир</firstName>
                    <middleName>Иванович</middleName>
                    <position>Начальник</position>
                </chief>
                <founder>
                    <fullName>Министерство внутренних дел Российской Федерации </fullName>
                </founder>
            </other>
            <document>
                <name>Отчет1</name>
                <date>2012-04-06+04:00</date>
                <url>http://bus.gov.ru/public/download/download.html?id=2271042</url>
                <type>O</type>
            </document>
            <document>
                <name>Приказ № 32 лист 3</name>
                <date>2007-12-30+03:00</date>
                <url>http://bus.gov.ru/public/download/download.html?id=2270964</url>
                <type>L</type>
            </document>
            <document>
                <name>Приказ № 32 лист 6</name>
                <date>2007-12-30+03:00</date>
                <url>http://bus.gov.ru/public/download/download.html?id=2270965</url>
                <type>L</type>
            </document>
            <document>
                <name>Приказ № 32 лист 9</name>
                <date>2007-12-30+03:00</date>
                <url>http://bus.gov.ru/public/download/download.html?id=2270966</url>
                <type>L</type>
            </document>
            <document>
                <name>Приказ № 32 лист 2</name>
                <date>2007-12-30+03:00</date>
                <url>http://bus.gov.ru/public/download/download.html?id=2270967</url>
                <type>L</type>
            </document>
            <document>
                <name>Приказ № 32 лист 11</name>
                <date>2007-12-30+03:00</date>
                <url>http://bus.gov.ru/public/download/download.html?id=2270968</url>
                <type>L</type>
            </document>
            <document>
                <name>Приказ № 32 лист 12</name>
                <date>2007-12-30+03:00</date>
                <url>http://bus.gov.ru/public/download/download.html?id=2270969</url>
                <type>L</type>
            </document>
            <document>
                <name>приказ МСЧ УВД по Ярославской области № 32 от 30.12.2007 года</name>
                <date>2007-12-30+03:00</date>
                <url>http://bus.gov.ru/public/download/download.html?id=2270970</url>
                <type>L</type>
            </document>
            <document>
                <name>Приказ № 32 лист 4</name>
                <date>2007-12-30+03:00</date>
                <url>http://bus.gov.ru/public/download/download.html?id=2270971</url>
                <type>L</type>
            </document>
            <document>
                <name>Приказ № 32 лист 5</name>
                <date>2007-12-30+03:00</date>
                <url>http://bus.gov.ru/public/download/download.html?id=2270972</url>
                <type>L</type>
            </document>
            <document>
                <name>Приказ № 32 лист 8</name>
                <date>2007-12-30+03:00</date>
                <url>http://bus.gov.ru/public/download/download.html?id=2270973</url>
                <type>L</type>
            </document>
            <document>
                <name>Приказ № 32 лист 10</name>
                <date>2007-12-30+03:00</date>
                <url>http://bus.gov.ru/public/download/download.html?id=2270974</url>
                <type>L</type>
            </document>
            <document>
                <name>Приказ № 32 лист 7</name>
                <date>2007-12-30+03:00</date>
                <url>http://bus.gov.ru/public/download/download.html?id=2270975</url>
                <type>L</type>
            </document>
            <document>
                <name>ПРИКАЗ № 738 2 ЛИСТ</name>
                <date>2005-09-10+04:00</date>
                <url>http://bus.gov.ru/public/download/download.html?id=2270976</url>
                <type>F</type>
            </document>
            <document>
                <name>ПРИКАЗ 1107 9 ЛИСТ</name>
                <date>2005-12-30+03:00</date>
                <url>http://bus.gov.ru/public/download/download.html?id=2270977</url>
                <type>F</type>
            </document>
            <document>
                <name>ПРИКАЗ № 1107 10 ЛИСТ</name>
                <date>2005-12-30+03:00</date>
                <url>http://bus.gov.ru/public/download/download.html?id=2270978</url>
                <type>F</type>
            </document>
            <document>
                <name>ПРИКАЗ 1107 11 ЛИСТ </name>
                <date>2005-12-30+03:00</date>
                <url>http://bus.gov.ru/public/download/download.html?id=2270979</url>
                <type>F</type>
            </document>
            <document>
                <name>ПРИКАЗ 1107 12 ЛИСТ</name>
                <date>2005-12-30+03:00</date>
                <url>http://bus.gov.ru/public/download/download.html?id=2270980</url>
                <type>F</type>
            </document>
            <document>
                <name>ПРИКАЗ 1107 13 ЛИСТ</name>
                <date>2005-12-30+03:00</date>
                <url>http://bus.gov.ru/public/download/download.html?id=2270981</url>
                <type>F</type>
            </document>
            <document>
                <name>ПРИКАЗ О НАЗНАЧЕНИИ НАЧАЛЬНИКА</name>
                <date>2006-01-31+03:00</date>
                <url>http://bus.gov.ru/public/download/download.html?id=2270982</url>
                <type>S</type>
            </document>
            <document>
                <name>СВИДЕТЕЛЬСТВО 16.10.2006</name>
                <date>2006-10-16+04:00</date>
                <url>http://bus.gov.ru/public/download/download.html?id=2270983</url>
                <type>E</type>
            </document>
            <document>
                <name>СВИДЕТЕЛЬСТВО 20.12.2007</name>
                <date>2007-12-20+03:00</date>
                <url>http://bus.gov.ru/public/download/download.html?id=2270984</url>
                <type>E</type>
            </document>
            <document>
                <name>СВИДЕТЕЛЬСТВО О ГОСРЕГИСТРАЦИИ</name>
                <date>2011-07-27+04:00</date>
                <url>http://bus.gov.ru/public/download/download.html?id=2270985</url>
                <type>E</type>
            </document>
            <document>
                <name>ПРИКАЗ № 738 1 ЛИСТ</name>
                <date>2005-09-10+04:00</date>
                <url>http://bus.gov.ru/public/download/download.html?id=2270986</url>
                <type>F</type>
            </document>
            <document>
                <name>ПРИКАЗ № 738 3ЛИСТ</name>
                <date>2005-09-10+04:00</date>
                <url>http://bus.gov.ru/public/download/download.html?id=2270987</url>
                <type>F</type>
            </document>
            <document>
                <name>ПРИКАЗ 1107 2 ЛИСТ</name>
                <date>2005-12-30+03:00</date>
                <url>http://bus.gov.ru/public/download/download.html?id=2270988</url>
                <type>F</type>
            </document>
            <document>
                <name>ПРИАЗ 1107 15 ЛИСТ</name>
                <date>2005-12-30+03:00</date>
                <url>http://bus.gov.ru/public/download/download.html?id=2270989</url>
                <type>F</type>
            </document>
            <document>
                <name>ПРИКАЗ 1107 14 ЛИСТ</name>
                <date>2005-12-30+03:00</date>
                <url>http://bus.gov.ru/public/download/download.html?id=2270990</url>
                <type>F</type>
            </document>
            <document>
                <name>ПРИКАЗ № 485 2 ЛИСТ</name>
                <date>2011-05-30+04:00</date>
                <url>http://bus.gov.ru/public/download/download.html?id=2270991</url>
                <type>F</type>
            </document>
            <document>
                <name>ПРИКАЗ № 485 3 ЛИСТ</name>
                <date>2011-05-30+04:00</date>
                <url>http://bus.gov.ru/public/download/download.html?id=2270992</url>
                <type>F</type>
            </document>
            <document>
                <name>ПРИКАЗ № 485  5 ЛИСТ</name>
                <date>2011-05-30+04:00</date>
                <url>http://bus.gov.ru/public/download/download.html?id=2270993</url>
                <type>F</type>
            </document>
            <document>
                <name>ПРИКАЗ № 485 6 ЛИСТ</name>
                <date>2011-05-30+04:00</date>
                <url>http://bus.gov.ru/public/download/download.html?id=2270994</url>
                <type>F</type>
            </document>
            <document>
                <name>ПРИКАЗ № 485 4 ЛИСТ</name>
                <date>2011-05-30+04:00</date>
                <url>http://bus.gov.ru/public/download/download.html?id=2270995</url>
                <type>F</type>
            </document>
            <document>
                <name>ИЗМЕНЕНИЯ В УСТАВ</name>
                <date>2007-11-16+03:00</date>
                <url>http://bus.gov.ru/public/download/download.html?id=2270996</url>
                <type>F</type>
            </document>
            <document>
                <name>ПРИКАЗ № 738 4 ЛИСТ</name>
                <date>2005-09-10+04:00</date>
                <url>http://bus.gov.ru/public/download/download.html?id=2270997</url>
                <type>F</type>
            </document>
            <document>
                <name>ПРИКАЗ 1107  1 ЛИСТ</name>
                <date>2005-12-30+03:00</date>
                <url>http://bus.gov.ru/public/download/download.html?id=2270998</url>
                <type>F</type>
            </document>
            <document>
                <name>ПРИКАЗ 1107 3 ЛИСТ</name>
                <date>2005-12-30+03:00</date>
                <url>http://bus.gov.ru/public/download/download.html?id=2270999</url>
                <type>F</type>
            </document>
            <document>
                <name>ПРИКАЗ 1107 4 ЛИСТ</name>
                <date>2005-12-30+03:00</date>
                <url>http://bus.gov.ru/public/download/download.html?id=2271000</url>
                <type>F</type>
            </document>
            <document>
                <name>ПРИКАЗ 1107 5 ЛИСТ</name>
                <date>2005-12-30+03:00</date>
                <url>http://bus.gov.ru/public/download/download.html?id=2271001</url>
                <type>F</type>
            </document>
            <document>
                <name>ПРИКАЗ 1107 6 ЛИСТ</name>
                <date>2005-12-30+03:00</date>
                <url>http://bus.gov.ru/public/download/download.html?id=2271002</url>
                <type>F</type>
            </document>
            <document>
                <name>ПРИКАЗ 1107 7 ЛИСТ</name>
                <date>2005-12-30+03:00</date>
                <url>http://bus.gov.ru/public/download/download.html?id=2271003</url>
                <type>F</type>
            </document>
            <document>
                <name>ПРИКАЗ 1107 8 ЛИСТ</name>
                <date>2005-12-30+03:00</date>
                <url>http://bus.gov.ru/public/download/download.html?id=2271004</url>
                <type>F</type>
            </document>
            <document>
                <name>ПРИКАЗ №485 1 ЛИСТ</name>
                <date>2011-05-30+04:00</date>
                <url>http://bus.gov.ru/public/download/download.html?id=2271005</url>
                <type>F</type>
            </document>
            <document>
                <name>приказ 1088 от 16.11.2007</name>
                <date>2007-11-16+03:00</date>
                <url>http://bus.gov.ru/public/download/download.html?id=2271006</url>
                <type>F</type>
            </document>
        </ns2:position>
    

    </ns2:body>
    </ns2:institutionInfo>        
        