<?xml version="1.0" encoding="UTF-8" standalone="yes"?>
<ns2:institutionInfo xsi:schemaLocation="http://bus.gov.ru/public/schema/TFF-0.1.3.1/External.xsd" xmlns="http://bus.gov.ru/types/1" xmlns:ns2="http://bus.gov.ru/external/1" xmlns:xsi="http://www.w3.org/2001/XMLSchema-instance" xmlns:ns3="http://bus.gov.ru/fk/1">
    <ns2:body>                        
	<ns2:position xmlns:ns2="http://bus.gov.ru/external/1" xmlns="http://bus.gov.ru/types/1" xmlns:xsi="http://www.w3.org/2001/XMLSchema-instance" xmlns:ns3="http://bus.gov.ru/fk/1">
            <positionId>cc66ead4-112e-435c-9d18-16a4c530fda1</positionId>
            <changeDate>2012-11-06T04:21:17.374+04:00</changeDate>
            <placer>
                <regNum>0378100000017</regNum>
                <fullName>федеральное государственное казенное учреждение "Отдел вневедомственной охраны Управления Министерства  внутренних дел Российской Федерации по Еврейской автономной области"</fullName>
                <inn>7900001842</inn>
                <kpp>790101001</kpp>
            </placer>
            <initiator>
                <regNum>0378100000017</regNum>
                <fullName>федеральное государственное казенное учреждение "Отдел вневедомственной охраны Управления Министерства  внутренних дел Российской Федерации по Еврейской автономной области"</fullName>
                <inn>7900001842</inn>
                <kpp>790101001</kpp>
            </initiator>
            <versionNumber>0</versionNumber>
            <main>
                <shortName>ФГКУ ОВО УМВД России по Еврейской автономной области</shortName>
                <ogrn>1027900510747</ogrn>
                <rbs>
                    <regNum>0178100000013</regNum>
                    <fullName>Управление Министерства внутренних дел Российской Федерации по Еврейской автономной области</fullName>
                </rbs>
                <grbs>
                    <regNum>0173100000054</regNum>
                    <fullName>Министерство внутренних дел Российской Федерации</fullName>
                </grbs>
                <orgType>08</orgType>
                <classifier>
                    <okfs>
                        <code>12</code>
                        <name>Федеральная собственность</name>
                    </okfs>
                    <okopf>
                        <code>72</code>
                        <name>Бюджетные учреждения</name>
                    </okopf>
                    <okogu>
                        <code>1310500</code>
                        <name>Министерство внутренних дел Российской Федерации</name>
                    </okogu>
                    <okpo>
                        <code>08702687</code>
                    </okpo>
                    <okato>
                        <code>99401000000</code>
                        <name>Биробиджан</name>
                    </okato>
                    <okved>
                        <code>75.24.1</code>
                        <name>Деятельность органов внутренних дел</name>
                        <type>C</type>
                    </okved>
                </classifier>
                <address>
                    <zip>679000</zip>
                    <subject>
                        <code>79000000000</code>
                        <name>Еврейская</name>
                    </subject>
                    <city>
                        <code>79000001000</code>
                        <name>Биробиджан</name>
                    </city>
                    <street>
                        <code>790000010000041</code>
                        <name>Волочаевская</name>
                    </street>
                    <building>12</building>
                </address>
            </main>
            <additional>
                <institutionType>
                    <code>0617010</code>
                    <name>Государственное учреждение</name>
                </institutionType>
                <ppo>
                    <code>00000000000</code>
                    <name>Российская Федерация</name>
                    <okato>
                        <code>00000000000</code>
                        <name>Объекты административно-территориального деления, кроме сельских населенных пунктов</name>
                    </okato>
                    <oktmo>
                        <code>99701000</code>
                        <name>Город Биробиджан</name>
                    </oktmo>
                </ppo>
                <phone>7-42622-21925</phone>
                <www>http://ovoeao.ru</www>
                <section>188</section>
                <oktmo>
                    <code>99701000</code>
                    <name>- Город Биробиджан</name>
                </oktmo>
                <activity>
                    <okved>
                        <code>75.24.1</code>
                        <name>Деятельность органов внутренних дел</name>
                        <type>C</type>
                    </okved>
                    <name>Деятельность органов внутренних дел</name>
                </activity>
                <eMail>ovoeao@yandex.ru</eMail>
            </additional>
            <other>
                <chief>
                    <lastName>ПОПОВ</lastName>
                    <firstName>ЛЕОНИД</firstName>
                    <middleName>ВЛАДИМИРОВИЧ</middleName>
                    <position>Начальник</position>
                </chief>
                <founder>
                    <regNum>0173100000062</regNum>
                    <fullName>Министерство внутренних дел Российской Федерации</fullName>
                </founder>
            </other>
            <document>
                <name>Решение</name>
                <date>2012-06-22+04:00</date>
                <url>http://bus.gov.ru/public/download/download.html?id=4219030</url>
                <type>S</type>
            </document>
            <document>
                <name>Устав</name>
                <date>2012-03-30+04:00</date>
                <url>http://bus.gov.ru/public/download/download.html?id=4218485</url>
                <type>F</type>
            </document>
            <document>
                <name>свид о регистрации</name>
                <date>2012-05-04+04:00</date>
                <url>http://bus.gov.ru/public/download/download.html?id=4218201</url>
                <type>E</type>
            </document>
        </ns2:position>
    
<ns2:position xmlns:ns2="http://bus.gov.ru/external/1" xmlns="http://bus.gov.ru/types/1" xmlns:xsi="http://www.w3.org/2001/XMLSchema-instance" xmlns:ns3="http://bus.gov.ru/fk/1">
            <positionId>c03a97d9-2c37-49af-a1d6-228d8bb67125</positionId>
            <changeDate>2012-09-14T05:26:17.643+04:00</changeDate>
            <placer>
                <regNum>0878100000011</regNum>
                <fullName>федеральное казенное учреждение здравоохранения "Медико-санитарная часть Министерства внутренних дел Российской Федерации по Еврейской автономной области"</fullName>
                <inn>7901527469</inn>
                <kpp>790101001</kpp>
            </placer>
            <initiator>
                <regNum>0878100000011</regNum>
                <fullName>федеральное казенное учреждение здравоохранения "Медико-санитарная часть Министерства внутренних дел Российской Федерации по Еврейской автономной области"</fullName>
                <inn>7901527469</inn>
                <kpp>790101001</kpp>
            </initiator>
            <versionNumber>2</versionNumber>
            <main>
                <shortName>ФКУЗ "МСЧ МВД России по Еврейской автономной области"</shortName>
                <ogrn>1067901001090</ogrn>
                <rbs>
                    <regNum>0178100000013</regNum>
                    <fullName>Управление Министерства внутренних дел Российской Федерации по Еврейской автономной области</fullName>
                </rbs>
                <grbs>
                    <regNum>0173100000062</regNum>
                    <fullName>Министерство внутренних дел Российской Федерации</fullName>
                </grbs>
                <orgType>08</orgType>
                <classifier>
                    <okfs>
                        <code>12</code>
                        <name>Федеральная собственность</name>
                    </okfs>
                    <okopf>
                        <code>72</code>
                        <name>Бюджетные учреждения</name>
                    </okopf>
                    <okogu>
                        <code>1310500</code>
                        <name>Министерство внутренних дел Российской Федерации</name>
                    </okogu>
                    <okpo>
                        <code>74328897</code>
                    </okpo>
                    <okato>
                        <code>99401000000</code>
                        <name>Биробиджан</name>
                    </okato>
                    <okved>
                        <code>52.31</code>
                        <name>Розничная торговля фармацевтическими товарами</name>
                        <type>O</type>
                    </okved>
                    <okved>
                        <code>85.14.1</code>
                        <name>Деятельность среднего медицинского персонала</name>
                        <type>O</type>
                    </okved>
                    <okved>
                        <code>85.32</code>
                        <name>Предоставление социальных услуг без обеспечения проживания</name>
                        <type>O</type>
                    </okved>
                    <okved>
                        <code>85.12</code>
                        <name>Врачебная практика</name>
                        <type>C</type>
                    </okved>
                    <okved>
                        <code>85.13</code>
                        <name>Стоматологическая практика</name>
                        <type>O</type>
                    </okved>
                    <okved>
                        <code>85.14.3</code>
                        <name>Деятельность медицинских лабораторий</name>
                        <type>O</type>
                    </okved>
                    <okved>
                        <code>85.14.2</code>
                        <name>Деятельность вспомогательного стоматологического персонала</name>
                        <type>O</type>
                    </okved>
                </classifier>
                <address>
                    <zip>679000</zip>
                    <subject>
                        <code>79000000000</code>
                        <name>Еврейская</name>
                    </subject>
                    <city>
                        <code>79000001000</code>
                        <name>Биробиджан</name>
                    </city>
                    <street>
                        <code>790000010000112</code>
                        <name>Ленина</name>
                    </street>
                    <building>4</building>
                </address>
            </main>
            <additional>
                <institutionType>
                    <code>0509000</code>
                    <name>Медико-санитарная часть, в том числе центральная</name>
                </institutionType>
                <ppo>
                    <code>00000000000</code>
                    <name>Российская Федерация</name>
                    <okato>
                        <code>00000000000</code>
                        <name>Объекты административно-территориального деления, кроме сельских населенных пунктов</name>
                    </okato>
                </ppo>
                <phone>7-42622-63489</phone>
                <section>188</section>
                <oktmo>
                    <code>99701000</code>
                    <name>- Город Биробиджан</name>
                </oktmo>
                <activity>
                    <okved>
                        <code>85.13</code>
                        <name>Стоматологическая практика</name>
                    </okved>
                    <name>стоматология хирургическая </name>
                </activity>
                <activity>
                    <okved>
                        <code>85.32</code>
                        <name>Предоставление социальных услуг без обеспечения проживания</name>
                    </okved>
                    <name>амбулаторная помощь</name>
                </activity>
                <activity>
                    <okved>
                        <code>85.14.3</code>
                        <name>Деятельность медицинских лабораторий</name>
                    </okved>
                    <name>лабораторная диагностика</name>
                </activity>
                <activity>
                    <okved>
                        <code>85.14.2</code>
                        <name>Деятельность вспомогательного стоматологического персонала</name>
                    </okved>
                    <name>стоматология ортопедическая</name>
                </activity>
                <activity>
                    <okved>
                        <code>85.14.1</code>
                        <name>Деятельность среднего медицинского персонала</name>
                    </okved>
                    <name>организация сестринского дела</name>
                </activity>
                <activity>
                    <okved>
                        <code>52.31</code>
                        <name>Розничная торговля фармацевтическими товарами</name>
                    </okved>
                    <name>аптека ЛПУ</name>
                </activity>
                <activity>
                    <okved>
                        <code>85.12</code>
                        <name>Врачебная практика</name>
                    </okved>
                    <name>амбулаторно-поликлиническая помощь</name>
                </activity>
            </additional>
            <other>
                <chief>
                    <lastName>Киселев</lastName>
                    <firstName>Сергей</firstName>
                    <middleName>Петрович</middleName>
                    <position>Начальник</position>
                </chief>
                <founder>
                    <regNum>0173100000062</regNum>
                    <fullName>Главный центр обеспечения ресурсами Министерства внутренних дел Российской Федерации</fullName>
                </founder>
            </other>
            <document>
                <name>приказ о  назначении начальника № 83</name>
                <date>2006-02-08+03:00</date>
                <url>http://bus.gov.ru/public/download/download.html?id=4557501</url>
                <type>S</type>
            </document>
            <document>
                <name>Лист 6</name>
                <date>2005-12-30+03:00</date>
                <url>http://bus.gov.ru/public/download/download.html?id=4557502</url>
                <type>F</type>
            </document>
            <document>
                <name>Лист 5</name>
                <date>2011-05-31+04:00</date>
                <url>http://bus.gov.ru/public/download/download.html?id=4557522</url>
                <type>F</type>
            </document>
            <document>
                <name>Лист4</name>
                <date>2011-05-31+04:00</date>
                <url>http://bus.gov.ru/public/download/download.html?id=4557521</url>
                <type>F</type>
            </document>
            <document>
                <name>Лист3</name>
                <date>2005-12-30+03:00</date>
                <url>http://bus.gov.ru/public/download/download.html?id=4557503</url>
                <type>F</type>
            </document>
            <document>
                <name>Приказ 1102 </name>
                <date>2005-12-30+03:00</date>
                <url>http://bus.gov.ru/public/download/download.html?id=4557504</url>
                <type>F</type>
            </document>
            <document>
                <name>Лист14</name>
                <date>2005-12-30+03:00</date>
                <url>http://bus.gov.ru/public/download/download.html?id=4557505</url>
                <type>F</type>
            </document>
            <document>
                <name>лист 15</name>
                <date>2005-12-30+03:00</date>
                <url>http://bus.gov.ru/public/download/download.html?id=4557506</url>
                <type>F</type>
            </document>
            <document>
                <name>Лист11</name>
                <date>2005-12-30+03:00</date>
                <url>http://bus.gov.ru/public/download/download.html?id=4557507</url>
                <type>F</type>
            </document>
            <document>
                <name>Лист 6</name>
                <date>2011-05-31+04:00</date>
                <url>http://bus.gov.ru/public/download/download.html?id=4557508</url>
                <type>F</type>
            </document>
            <document>
                <name>Лист8</name>
                <date>2005-12-30+03:00</date>
                <url>http://bus.gov.ru/public/download/download.html?id=4557509</url>
                <type>F</type>
            </document>
            <document>
                <name>Лист 2</name>
                <date>2011-05-31+04:00</date>
                <url>http://bus.gov.ru/public/download/download.html?id=4557510</url>
                <type>F</type>
            </document>
            <document>
                <name>Приказ 484</name>
                <date>2011-05-31+04:00</date>
                <url>http://bus.gov.ru/public/download/download.html?id=4557511</url>
                <type>F</type>
            </document>
            <document>
                <name>Лист 2  к пр 1102</name>
                <date>2005-12-30+03:00</date>
                <url>http://bus.gov.ru/public/download/download.html?id=4557512</url>
                <type>F</type>
            </document>
            <document>
                <name>Лист4</name>
                <date>2005-12-30+03:00</date>
                <url>http://bus.gov.ru/public/download/download.html?id=4557513</url>
                <type>F</type>
            </document>
            <document>
                <name>Лист10</name>
                <date>2005-12-30+03:00</date>
                <url>http://bus.gov.ru/public/download/download.html?id=4557514</url>
                <type>F</type>
            </document>
            <document>
                <name>Лист 13</name>
                <date>2005-12-30+03:00</date>
                <url>http://bus.gov.ru/public/download/download.html?id=4557515</url>
                <type>F</type>
            </document>
            <document>
                <name>Лист3</name>
                <date>2011-05-31+04:00</date>
                <url>http://bus.gov.ru/public/download/download.html?id=4557516</url>
                <type>F</type>
            </document>
            <document>
                <name>Лист 12</name>
                <date>2005-12-30+03:00</date>
                <url>http://bus.gov.ru/public/download/download.html?id=4557517</url>
                <type>F</type>
            </document>
            <document>
                <name>Лист 5</name>
                <date>2005-12-30+03:00</date>
                <url>http://bus.gov.ru/public/download/download.html?id=4557518</url>
                <type>F</type>
            </document>
            <document>
                <name>Лист 7</name>
                <date>2005-12-30+03:00</date>
                <url>http://bus.gov.ru/public/download/download.html?id=4557519</url>
                <type>F</type>
            </document>
            <document>
                <name>Лист9</name>
                <date>2005-12-30+03:00</date>
                <url>http://bus.gov.ru/public/download/download.html?id=4557520</url>
                <type>F</type>
            </document>
            <document>
                <name>Внесение изменений в свидельства</name>
                <date>2006-02-09+03:00</date>
                <url>http://bus.gov.ru/public/download/download.html?id=4557524</url>
                <type>E</type>
            </document>
            <document>
                <name>Свидельство  о госуд.регистрации 001</name>
                <date>2006-02-09+03:00</date>
                <url>http://bus.gov.ru/public/download/download.html?id=4557523</url>
                <type>E</type>
            </document>
            <document>
                <name>свидельства0003</name>
                <date>2011-07-08+04:00</date>
                <url>http://bus.gov.ru/public/download/download.html?id=4557525</url>
                <type>E</type>
            </document>
        </ns2:position>
    
<ns2:position xmlns:ns2="http://bus.gov.ru/external/1" xmlns="http://bus.gov.ru/types/1" xmlns:xsi="http://www.w3.org/2001/XMLSchema-instance" xmlns:ns3="http://bus.gov.ru/fk/1">
            <positionId>cc66ead4-112e-435c-9d18-16a4c530fda1</positionId>
            <changeDate>2012-11-06T04:21:17.374+04:00</changeDate>
            <placer>
                <regNum>0378100000017</regNum>
                <fullName>федеральное государственное казенное учреждение "Отдел вневедомственной охраны Управления Министерства  внутренних дел Российской Федерации по Еврейской автономной области"</fullName>
                <inn>7900001842</inn>
                <kpp>790101001</kpp>
            </placer>
            <initiator>
                <regNum>0378100000017</regNum>
                <fullName>федеральное государственное казенное учреждение "Отдел вневедомственной охраны Управления Министерства  внутренних дел Российской Федерации по Еврейской автономной области"</fullName>
                <inn>7900001842</inn>
                <kpp>790101001</kpp>
            </initiator>
            <versionNumber>0</versionNumber>
            <main>
                <shortName>ФГКУ ОВО УМВД России по Еврейской автономной области</shortName>
                <ogrn>1027900510747</ogrn>
                <rbs>
                    <regNum>0178100000013</regNum>
                    <fullName>Управление Министерства внутренних дел Российской Федерации по Еврейской автономной области</fullName>
                </rbs>
                <grbs>
                    <regNum>0173100000054</regNum>
                    <fullName>Министерство внутренних дел Российской Федерации</fullName>
                </grbs>
                <orgType>08</orgType>
                <classifier>
                    <okfs>
                        <code>12</code>
                        <name>Федеральная собственность</name>
                    </okfs>
                    <okopf>
                        <code>72</code>
                        <name>Бюджетные учреждения</name>
                    </okopf>
                    <okogu>
                        <code>1310500</code>
                        <name>Министерство внутренних дел Российской Федерации</name>
                    </okogu>
                    <okpo>
                        <code>08702687</code>
                    </okpo>
                    <okato>
                        <code>99401000000</code>
                        <name>Биробиджан</name>
                    </okato>
                    <okved>
                        <code>75.24.1</code>
                        <name>Деятельность органов внутренних дел</name>
                        <type>C</type>
                    </okved>
                </classifier>
                <address>
                    <zip>679000</zip>
                    <subject>
                        <code>79000000000</code>
                        <name>Еврейская</name>
                    </subject>
                    <city>
                        <code>79000001000</code>
                        <name>Биробиджан</name>
                    </city>
                    <street>
                        <code>790000010000041</code>
                        <name>Волочаевская</name>
                    </street>
                    <building>12</building>
                </address>
            </main>
            <additional>
                <institutionType>
                    <code>0617010</code>
                    <name>Государственное учреждение</name>
                </institutionType>
                <ppo>
                    <code>00000000000</code>
                    <name>Российская Федерация</name>
                    <okato>
                        <code>00000000000</code>
                        <name>Объекты административно-территориального деления, кроме сельских населенных пунктов</name>
                    </okato>
                    <oktmo>
                        <code>99701000</code>
                        <name>Город Биробиджан</name>
                    </oktmo>
                </ppo>
                <phone>7-42622-21925</phone>
                <www>http://ovoeao.ru</www>
                <section>188</section>
                <oktmo>
                    <code>99701000</code>
                    <name>- Город Биробиджан</name>
                </oktmo>
                <activity>
                    <okved>
                        <code>75.24.1</code>
                        <name>Деятельность органов внутренних дел</name>
                        <type>C</type>
                    </okved>
                    <name>Деятельность органов внутренних дел</name>
                </activity>
                <eMail>ovoeao@yandex.ru</eMail>
            </additional>
            <other>
                <chief>
                    <lastName>ПОПОВ</lastName>
                    <firstName>ЛЕОНИД</firstName>
                    <middleName>ВЛАДИМИРОВИЧ</middleName>
                    <position>Начальник</position>
                </chief>
                <founder>
                    <regNum>0173100000062</regNum>
                    <fullName>Министерство внутренних дел Российской Федерации</fullName>
                </founder>
            </other>
            <document>
                <name>Решение</name>
                <date>2012-06-22+04:00</date>
                <url>http://bus.gov.ru/public/download/download.html?id=4219030</url>
                <type>S</type>
            </document>
            <document>
                <name>Устав</name>
                <date>2012-03-30+04:00</date>
                <url>http://bus.gov.ru/public/download/download.html?id=4218485</url>
                <type>F</type>
            </document>
            <document>
                <name>свид о регистрации</name>
                <date>2012-05-04+04:00</date>
                <url>http://bus.gov.ru/public/download/download.html?id=4218201</url>
                <type>E</type>
            </document>
        </ns2:position>
    
<ns2:position xmlns:ns2="http://bus.gov.ru/external/1" xmlns="http://bus.gov.ru/types/1" xmlns:xsi="http://www.w3.org/2001/XMLSchema-instance" xmlns:ns3="http://bus.gov.ru/fk/1">
            <positionId>c03a97d9-2c37-49af-a1d6-228d8bb67125</positionId>
            <changeDate>2012-09-14T05:26:17.643+04:00</changeDate>
            <placer>
                <regNum>0878100000011</regNum>
                <fullName>федеральное казенное учреждение здравоохранения "Медико-санитарная часть Министерства внутренних дел Российской Федерации по Еврейской автономной области"</fullName>
                <inn>7901527469</inn>
                <kpp>790101001</kpp>
            </placer>
            <initiator>
                <regNum>0878100000011</regNum>
                <fullName>федеральное казенное учреждение здравоохранения "Медико-санитарная часть Министерства внутренних дел Российской Федерации по Еврейской автономной области"</fullName>
                <inn>7901527469</inn>
                <kpp>790101001</kpp>
            </initiator>
            <versionNumber>2</versionNumber>
            <main>
                <shortName>ФКУЗ "МСЧ МВД России по Еврейской автономной области"</shortName>
                <ogrn>1067901001090</ogrn>
                <rbs>
                    <regNum>0178100000013</regNum>
                    <fullName>Управление Министерства внутренних дел Российской Федерации по Еврейской автономной области</fullName>
                </rbs>
                <grbs>
                    <regNum>0173100000062</regNum>
                    <fullName>Министерство внутренних дел Российской Федерации</fullName>
                </grbs>
                <orgType>08</orgType>
                <classifier>
                    <okfs>
                        <code>12</code>
                        <name>Федеральная собственность</name>
                    </okfs>
                    <okopf>
                        <code>72</code>
                        <name>Бюджетные учреждения</name>
                    </okopf>
                    <okogu>
                        <code>1310500</code>
                        <name>Министерство внутренних дел Российской Федерации</name>
                    </okogu>
                    <okpo>
                        <code>74328897</code>
                    </okpo>
                    <okato>
                        <code>99401000000</code>
                        <name>Биробиджан</name>
                    </okato>
                    <okved>
                        <code>52.31</code>
                        <name>Розничная торговля фармацевтическими товарами</name>
                        <type>O</type>
                    </okved>
                    <okved>
                        <code>85.14.1</code>
                        <name>Деятельность среднего медицинского персонала</name>
                        <type>O</type>
                    </okved>
                    <okved>
                        <code>85.32</code>
                        <name>Предоставление социальных услуг без обеспечения проживания</name>
                        <type>O</type>
                    </okved>
                    <okved>
                        <code>85.12</code>
                        <name>Врачебная практика</name>
                        <type>C</type>
                    </okved>
                    <okved>
                        <code>85.13</code>
                        <name>Стоматологическая практика</name>
                        <type>O</type>
                    </okved>
                    <okved>
                        <code>85.14.3</code>
                        <name>Деятельность медицинских лабораторий</name>
                        <type>O</type>
                    </okved>
                    <okved>
                        <code>85.14.2</code>
                        <name>Деятельность вспомогательного стоматологического персонала</name>
                        <type>O</type>
                    </okved>
                </classifier>
                <address>
                    <zip>679000</zip>
                    <subject>
                        <code>79000000000</code>
                        <name>Еврейская</name>
                    </subject>
                    <city>
                        <code>79000001000</code>
                        <name>Биробиджан</name>
                    </city>
                    <street>
                        <code>790000010000112</code>
                        <name>Ленина</name>
                    </street>
                    <building>4</building>
                </address>
            </main>
            <additional>
                <institutionType>
                    <code>0509000</code>
                    <name>Медико-санитарная часть, в том числе центральная</name>
                </institutionType>
                <ppo>
                    <code>00000000000</code>
                    <name>Российская Федерация</name>
                    <okato>
                        <code>00000000000</code>
                        <name>Объекты административно-территориального деления, кроме сельских населенных пунктов</name>
                    </okato>
                </ppo>
                <phone>7-42622-63489</phone>
                <section>188</section>
                <oktmo>
                    <code>99701000</code>
                    <name>- Город Биробиджан</name>
                </oktmo>
                <activity>
                    <okved>
                        <code>85.13</code>
                        <name>Стоматологическая практика</name>
                    </okved>
                    <name>стоматология хирургическая </name>
                </activity>
                <activity>
                    <okved>
                        <code>85.32</code>
                        <name>Предоставление социальных услуг без обеспечения проживания</name>
                    </okved>
                    <name>амбулаторная помощь</name>
                </activity>
                <activity>
                    <okved>
                        <code>85.14.3</code>
                        <name>Деятельность медицинских лабораторий</name>
                    </okved>
                    <name>лабораторная диагностика</name>
                </activity>
                <activity>
                    <okved>
                        <code>85.14.2</code>
                        <name>Деятельность вспомогательного стоматологического персонала</name>
                    </okved>
                    <name>стоматология ортопедическая</name>
                </activity>
                <activity>
                    <okved>
                        <code>85.14.1</code>
                        <name>Деятельность среднего медицинского персонала</name>
                    </okved>
                    <name>организация сестринского дела</name>
                </activity>
                <activity>
                    <okved>
                        <code>52.31</code>
                        <name>Розничная торговля фармацевтическими товарами</name>
                    </okved>
                    <name>аптека ЛПУ</name>
                </activity>
                <activity>
                    <okved>
                        <code>85.12</code>
                        <name>Врачебная практика</name>
                    </okved>
                    <name>амбулаторно-поликлиническая помощь</name>
                </activity>
            </additional>
            <other>
                <chief>
                    <lastName>Киселев</lastName>
                    <firstName>Сергей</firstName>
                    <middleName>Петрович</middleName>
                    <position>Начальник</position>
                </chief>
                <founder>
                    <regNum>0173100000062</regNum>
                    <fullName>Главный центр обеспечения ресурсами Министерства внутренних дел Российской Федерации</fullName>
                </founder>
            </other>
            <document>
                <name>приказ о  назначении начальника № 83</name>
                <date>2006-02-08+03:00</date>
                <url>http://bus.gov.ru/public/download/download.html?id=4557501</url>
                <type>S</type>
            </document>
            <document>
                <name>Лист 6</name>
                <date>2005-12-30+03:00</date>
                <url>http://bus.gov.ru/public/download/download.html?id=4557502</url>
                <type>F</type>
            </document>
            <document>
                <name>Лист 5</name>
                <date>2011-05-31+04:00</date>
                <url>http://bus.gov.ru/public/download/download.html?id=4557522</url>
                <type>F</type>
            </document>
            <document>
                <name>Лист4</name>
                <date>2011-05-31+04:00</date>
                <url>http://bus.gov.ru/public/download/download.html?id=4557521</url>
                <type>F</type>
            </document>
            <document>
                <name>Лист3</name>
                <date>2005-12-30+03:00</date>
                <url>http://bus.gov.ru/public/download/download.html?id=4557503</url>
                <type>F</type>
            </document>
            <document>
                <name>Приказ 1102 </name>
                <date>2005-12-30+03:00</date>
                <url>http://bus.gov.ru/public/download/download.html?id=4557504</url>
                <type>F</type>
            </document>
            <document>
                <name>Лист14</name>
                <date>2005-12-30+03:00</date>
                <url>http://bus.gov.ru/public/download/download.html?id=4557505</url>
                <type>F</type>
            </document>
            <document>
                <name>лист 15</name>
                <date>2005-12-30+03:00</date>
                <url>http://bus.gov.ru/public/download/download.html?id=4557506</url>
                <type>F</type>
            </document>
            <document>
                <name>Лист11</name>
                <date>2005-12-30+03:00</date>
                <url>http://bus.gov.ru/public/download/download.html?id=4557507</url>
                <type>F</type>
            </document>
            <document>
                <name>Лист 6</name>
                <date>2011-05-31+04:00</date>
                <url>http://bus.gov.ru/public/download/download.html?id=4557508</url>
                <type>F</type>
            </document>
            <document>
                <name>Лист8</name>
                <date>2005-12-30+03:00</date>
                <url>http://bus.gov.ru/public/download/download.html?id=4557509</url>
                <type>F</type>
            </document>
            <document>
                <name>Лист 2</name>
                <date>2011-05-31+04:00</date>
                <url>http://bus.gov.ru/public/download/download.html?id=4557510</url>
                <type>F</type>
            </document>
            <document>
                <name>Приказ 484</name>
                <date>2011-05-31+04:00</date>
                <url>http://bus.gov.ru/public/download/download.html?id=4557511</url>
                <type>F</type>
            </document>
            <document>
                <name>Лист 2  к пр 1102</name>
                <date>2005-12-30+03:00</date>
                <url>http://bus.gov.ru/public/download/download.html?id=4557512</url>
                <type>F</type>
            </document>
            <document>
                <name>Лист4</name>
                <date>2005-12-30+03:00</date>
                <url>http://bus.gov.ru/public/download/download.html?id=4557513</url>
                <type>F</type>
            </document>
            <document>
                <name>Лист10</name>
                <date>2005-12-30+03:00</date>
                <url>http://bus.gov.ru/public/download/download.html?id=4557514</url>
                <type>F</type>
            </document>
            <document>
                <name>Лист 13</name>
                <date>2005-12-30+03:00</date>
                <url>http://bus.gov.ru/public/download/download.html?id=4557515</url>
                <type>F</type>
            </document>
            <document>
                <name>Лист3</name>
                <date>2011-05-31+04:00</date>
                <url>http://bus.gov.ru/public/download/download.html?id=4557516</url>
                <type>F</type>
            </document>
            <document>
                <name>Лист 12</name>
                <date>2005-12-30+03:00</date>
                <url>http://bus.gov.ru/public/download/download.html?id=4557517</url>
                <type>F</type>
            </document>
            <document>
                <name>Лист 5</name>
                <date>2005-12-30+03:00</date>
                <url>http://bus.gov.ru/public/download/download.html?id=4557518</url>
                <type>F</type>
            </document>
            <document>
                <name>Лист 7</name>
                <date>2005-12-30+03:00</date>
                <url>http://bus.gov.ru/public/download/download.html?id=4557519</url>
                <type>F</type>
            </document>
            <document>
                <name>Лист9</name>
                <date>2005-12-30+03:00</date>
                <url>http://bus.gov.ru/public/download/download.html?id=4557520</url>
                <type>F</type>
            </document>
            <document>
                <name>Внесение изменений в свидельства</name>
                <date>2006-02-09+03:00</date>
                <url>http://bus.gov.ru/public/download/download.html?id=4557524</url>
                <type>E</type>
            </document>
            <document>
                <name>Свидельство  о госуд.регистрации 001</name>
                <date>2006-02-09+03:00</date>
                <url>http://bus.gov.ru/public/download/download.html?id=4557523</url>
                <type>E</type>
            </document>
            <document>
                <name>свидельства0003</name>
                <date>2011-07-08+04:00</date>
                <url>http://bus.gov.ru/public/download/download.html?id=4557525</url>
                <type>E</type>
            </document>
        </ns2:position>
    

    </ns2:body>
    </ns2:institutionInfo>        
        