<?xml version="1.0" encoding="UTF-8" standalone="yes"?>
<ns2:institutionInfo xsi:schemaLocation="http://bus.gov.ru/public/schema/TFF-0.1.3.1/External.xsd" xmlns="http://bus.gov.ru/types/1" xmlns:ns2="http://bus.gov.ru/external/1" xmlns:xsi="http://www.w3.org/2001/XMLSchema-instance" xmlns:ns3="http://bus.gov.ru/fk/1">
    <ns2:body>                        
	<ns2:position xmlns:ns2="http://bus.gov.ru/external/1" xmlns="http://bus.gov.ru/types/1" xmlns:xsi="http://www.w3.org/2001/XMLSchema-instance" xmlns:ns3="http://bus.gov.ru/fk/1">
            <positionId>16af82ac-09a9-4980-8c35-2766524f6f98</positionId>
            <changeDate>2012-10-19T14:36:53.586+04:00</changeDate>
            <placer>
                <regNum>0384100000004</regNum>
                <fullName>федеральное государственное казенное учреждение "Отдел вневедомственной охраны Управления Министерства  внутренних дел Российской Федерации по Ненецкому автономному округу"</fullName>
                <inn>8301150011</inn>
                <kpp>298301001</kpp>
            </placer>
            <initiator>
                <regNum>0384100000004</regNum>
                <fullName>федеральное государственное казенное учреждение "Отдел вневедомственной охраны Управления Министерства  внутренних дел Российской Федерации по Ненецкому автономному округу"</fullName>
                <inn>8301150011</inn>
                <kpp>298301001</kpp>
            </initiator>
            <versionNumber>0</versionNumber>
            <main>
                <shortName>ФГКУ ОВО УМВД России по Ненецкому автономному округу</shortName>
                <ogrn>1028301648781</ogrn>
                <rbs>
                    <regNum>0184100000010</regNum>
                    <fullName>Управление Министерства внутренних дел Российской Федерации по Ненецкому автономному округу</fullName>
                </rbs>
                <grbs>
                    <regNum>0173100000054</regNum>
                    <fullName>Министерство внутренних дел Российской Федерации</fullName>
                </grbs>
                <orgType>08</orgType>
                <classifier>
                    <okfs>
                        <code>12</code>
                        <name>Федеральная собственность</name>
                    </okfs>
                    <okopf>
                        <code>81</code>
                        <name>Учреждения</name>
                    </okopf>
                    <okogu>
                        <code>1310500</code>
                        <name>Министерство внутренних дел Российской Федерации</name>
                    </okogu>
                    <okpo>
                        <code>08598008</code>
                    </okpo>
                    <okato>
                        <code>11111000000</code>
                        <name>Нарьян-Мар</name>
                    </okato>
                    <okved>
                        <code>75.24.1</code>
                        <name>Деятельность органов внутренних дел</name>
                        <type>C</type>
                    </okved>
                </classifier>
                <address>
                    <zip>166000</zip>
                    <subject>
                        <code>83000000000</code>
                        <name>Ненецкий АО</name>
                    </subject>
                    <city>
                        <code>83000001000</code>
                        <name>Нарьян-Мар г</name>
                    </city>
                    <street>
                        <code>830000010000023</code>
                        <name>Первомайская ул</name>
                    </street>
                    <building>13/А</building>
                </address>
            </main>
            <additional>
                <institutionType>
                    <code>9900000</code>
                    <name>Прочие</name>
                </institutionType>
                <ppo>
                    <code>00000000000</code>
                    <name>Российская Федерация</name>
                    <okato>
                        <code>00000000000</code>
                        <name>Объекты административно-территориального деления, кроме сельских населенных пунктов</name>
                    </okato>
                </ppo>
                <phone>7-81853-42141</phone>
                <www>http://www.ovo-nao.ru</www>
                <section>188</section>
                <oktmo>
                    <code>11851000</code>
                    <name>Город Нарьян-Мар</name>
                </oktmo>
                <activity>
                    <okved>
                        <code>75.24.1</code>
                        <name>Деятельность органов внутренних дел</name>
                        <type>C</type>
                    </okved>
                    <name>охрана имущества физических и юридических лиц </name>
                </activity>
                <eMail>guovo83@yandex.ru</eMail>
            </additional>
            <other>
                <chief>
                    <lastName>Кудрявцев</lastName>
                    <firstName>Альберт</firstName>
                    <middleName>Викторович</middleName>
                    <position>Начальник Учреждения</position>
                </chief>
                <founder>
                    <regNum>0173100000062</regNum>
                    <fullName>Министерство внутренних дел Российской Федерации</fullName>
                    <authorities>
                        <formative>false</formative>
                        <stateTask>false</stateTask>
                        <supervisoryBoard>false</supervisoryBoard>
                    </authorities>
                </founder>
            </other>
            <document>
                <name>приказ</name>
                <date>2009-02-19+03:00</date>
                <url>http://bus.gov.ru/public/download/download.html?id=5921090</url>
                <type>S</type>
            </document>
            <document>
                <name>Устав</name>
                <date>2012-03-30+04:00</date>
                <url>http://bus.gov.ru/public/download/download.html?id=5920394</url>
                <type>F</type>
            </document>
            <document>
                <name>Свидетельство</name>
                <date>2012-10-12+04:00</date>
                <url>http://bus.gov.ru/public/download/download.html?id=5920311</url>
                <type>E</type>
            </document>
        </ns2:position>
    
<ns2:position xmlns:ns2="http://bus.gov.ru/external/1" xmlns="http://bus.gov.ru/types/1" xmlns:xsi="http://www.w3.org/2001/XMLSchema-instance" xmlns:ns3="http://bus.gov.ru/fk/1">
            <positionId>16af82ac-09a9-4980-8c35-2766524f6f98</positionId>
            <changeDate>2012-10-19T14:36:53.586+04:00</changeDate>
            <placer>
                <regNum>0384100000004</regNum>
                <fullName>федеральное государственное казенное учреждение "Отдел вневедомственной охраны Управления Министерства  внутренних дел Российской Федерации по Ненецкому автономному округу"</fullName>
                <inn>8301150011</inn>
                <kpp>298301001</kpp>
            </placer>
            <initiator>
                <regNum>0384100000004</regNum>
                <fullName>федеральное государственное казенное учреждение "Отдел вневедомственной охраны Управления Министерства  внутренних дел Российской Федерации по Ненецкому автономному округу"</fullName>
                <inn>8301150011</inn>
                <kpp>298301001</kpp>
            </initiator>
            <versionNumber>0</versionNumber>
            <main>
                <shortName>ФГКУ ОВО УМВД России по Ненецкому автономному округу</shortName>
                <ogrn>1028301648781</ogrn>
                <rbs>
                    <regNum>0184100000010</regNum>
                    <fullName>Управление Министерства внутренних дел Российской Федерации по Ненецкому автономному округу</fullName>
                </rbs>
                <grbs>
                    <regNum>0173100000054</regNum>
                    <fullName>Министерство внутренних дел Российской Федерации</fullName>
                </grbs>
                <orgType>08</orgType>
                <classifier>
                    <okfs>
                        <code>12</code>
                        <name>Федеральная собственность</name>
                    </okfs>
                    <okopf>
                        <code>81</code>
                        <name>Учреждения</name>
                    </okopf>
                    <okogu>
                        <code>1310500</code>
                        <name>Министерство внутренних дел Российской Федерации</name>
                    </okogu>
                    <okpo>
                        <code>08598008</code>
                    </okpo>
                    <okato>
                        <code>11111000000</code>
                        <name>Нарьян-Мар</name>
                    </okato>
                    <okved>
                        <code>75.24.1</code>
                        <name>Деятельность органов внутренних дел</name>
                        <type>C</type>
                    </okved>
                </classifier>
                <address>
                    <zip>166000</zip>
                    <subject>
                        <code>83000000000</code>
                        <name>Ненецкий АО</name>
                    </subject>
                    <city>
                        <code>83000001000</code>
                        <name>Нарьян-Мар г</name>
                    </city>
                    <street>
                        <code>830000010000023</code>
                        <name>Первомайская ул</name>
                    </street>
                    <building>13/А</building>
                </address>
            </main>
            <additional>
                <institutionType>
                    <code>9900000</code>
                    <name>Прочие</name>
                </institutionType>
                <ppo>
                    <code>00000000000</code>
                    <name>Российская Федерация</name>
                    <okato>
                        <code>00000000000</code>
                        <name>Объекты административно-территориального деления, кроме сельских населенных пунктов</name>
                    </okato>
                </ppo>
                <phone>7-81853-42141</phone>
                <www>http://www.ovo-nao.ru</www>
                <section>188</section>
                <oktmo>
                    <code>11851000</code>
                    <name>Город Нарьян-Мар</name>
                </oktmo>
                <activity>
                    <okved>
                        <code>75.24.1</code>
                        <name>Деятельность органов внутренних дел</name>
                        <type>C</type>
                    </okved>
                    <name>охрана имущества физических и юридических лиц </name>
                </activity>
                <eMail>guovo83@yandex.ru</eMail>
            </additional>
            <other>
                <chief>
                    <lastName>Кудрявцев</lastName>
                    <firstName>Альберт</firstName>
                    <middleName>Викторович</middleName>
                    <position>Начальник Учреждения</position>
                </chief>
                <founder>
                    <regNum>0173100000062</regNum>
                    <fullName>Министерство внутренних дел Российской Федерации</fullName>
                    <authorities>
                        <formative>false</formative>
                        <stateTask>false</stateTask>
                        <supervisoryBoard>false</supervisoryBoard>
                    </authorities>
                </founder>
            </other>
            <document>
                <name>приказ</name>
                <date>2009-02-19+03:00</date>
                <url>http://bus.gov.ru/public/download/download.html?id=5921090</url>
                <type>S</type>
            </document>
            <document>
                <name>Устав</name>
                <date>2012-03-30+04:00</date>
                <url>http://bus.gov.ru/public/download/download.html?id=5920394</url>
                <type>F</type>
            </document>
            <document>
                <name>Свидетельство</name>
                <date>2012-10-12+04:00</date>
                <url>http://bus.gov.ru/public/download/download.html?id=5920311</url>
                <type>E</type>
            </document>
        </ns2:position>
    

    </ns2:body>
    </ns2:institutionInfo>        
        