<?xml version="1.0" encoding="UTF-8" standalone="yes"?>
<ns2:institutionInfo xsi:schemaLocation="http://bus.gov.ru/public/schema/TFF-0.1.3.1/External.xsd" xmlns="http://bus.gov.ru/types/1" xmlns:ns2="http://bus.gov.ru/external/1" xmlns:xsi="http://www.w3.org/2001/XMLSchema-instance" xmlns:ns3="http://bus.gov.ru/fk/1">
    <ns2:body>                        
	<ns2:position xmlns:ns2="http://bus.gov.ru/external/1" xmlns="http://bus.gov.ru/types/1" xmlns:xsi="http://www.w3.org/2001/XMLSchema-instance" xmlns:ns3="http://bus.gov.ru/fk/1">
            <positionId>32e794b6-cc62-4550-a45f-322e27b61acb</positionId>
            <changeDate>2012-10-24T07:51:28.543+04:00</changeDate>
            <placer>
                <regNum>0895100000904</regNum>
                <fullName>федеральное государственное казенное учреждение "Управление вневедомственной охраны Управления Министерства внутренних дел Российской Федерации по Ямало-Ненецкому автономному округу"</fullName>
                <inn>8901026873</inn>
                <kpp>890101001</kpp>
            </placer>
            <initiator>
                <regNum>0895100000904</regNum>
                <fullName>федеральное государственное казенное учреждение "Управление вневедомственной охраны Управления Министерства внутренних дел Российской Федерации по Ямало-Ненецкому автономному округу"</fullName>
                <inn>8901026873</inn>
                <kpp>890101001</kpp>
            </initiator>
            <versionNumber>0</versionNumber>
            <main>
                <shortName>ФГКУ УВО УМВД России по Ямало-Ненецкому автономному округу</shortName>
                <ogrn>1128901003340</ogrn>
                <rbs>
                    <regNum>0390100000046</regNum>
                    <fullName>Управление Министерства внутренних дел Российской Федерации по Ямало-Ненецкому автономному округу</fullName>
                </rbs>
                <grbs>
                    <regNum>0173100000062</regNum>
                    <fullName>Министерство внутренних дел Российской Федерации</fullName>
                </grbs>
                <orgType>08</orgType>
                <classifier>
                    <okfs>
                        <code>12</code>
                        <name>Федеральная собственность</name>
                    </okfs>
                    <okopf>
                        <code>74</code>
                        <name>Казенные учреждения</name>
                    </okopf>
                    <okogu>
                        <code>1310500</code>
                        <name>Министерство внутренних дел Российской Федерации</name>
                    </okogu>
                    <okpo>
                        <code>08686422</code>
                    </okpo>
                    <okato>
                        <code>71171000000</code>
                        <name>Салехард</name>
                    </okato>
                    <okved>
                        <code>75.24.1</code>
                        <name>Деятельность органов внутренних дел</name>
                        <type>C</type>
                    </okved>
                </classifier>
                <address>
                    <zip>629008</zip>
                    <subject>
                        <code>89000000000</code>
                        <name>Ямало-Ненецкий</name>
                    </subject>
                    <city>
                        <code>89000001000</code>
                        <name>Салехард</name>
                    </city>
                    <street>
                        <name>Зои Космодемьянской</name>
                    </street>
                    <building>47</building>
                </address>
            </main>
            <additional>
                <institutionType>
                    <code>9900000</code>
                    <name>Прочие</name>
                </institutionType>
                <ppo>
                    <code>00000000000</code>
                    <name>Российская Федерация</name>
                    <okato>
                        <code>00000000000</code>
                        <name>Объекты административно-территориального деления, кроме сельских населенных пунктов</name>
                    </okato>
                    <oktmo>
                        <code>71951000</code>
                        <name>Город Салехард</name>
                    </oktmo>
                </ppo>
                <phone>7-34922-46231</phone>
                <section>188</section>
                <oktmo>
                    <code>71951000</code>
                    <name>Город Салехард</name>
                </oktmo>
                <activity>
                    <okved>
                        <code>75.24.1</code>
                        <name>Деятельность органов внутренних дел</name>
                        <type>C</type>
                    </okved>
                    <name>Охранная деятельность</name>
                </activity>
                <eMail>uvo89@mail.ru</eMail>
            </additional>
            <other>
                <chief>
                    <lastName>Куличенко</lastName>
                    <firstName>Валерий</firstName>
                    <middleName>Анатольевич</middleName>
                    <position>Начальник</position>
                </chief>
                <founder>
                    <regNum>0173100000062</regNum>
                    <fullName>Министерство внутренних дел Российской Федерации</fullName>
                    <authorities>
                        <formative>true</formative>
                        <stateTask>true</stateTask>
                        <supervisoryBoard>true</supervisoryBoard>
                    </authorities>
                </founder>
            </other>
            <document>
                <name>выписка из приказа</name>
                <date>2012-07-10+04:00</date>
                <url>http://bus.gov.ru/public/download/download.html?id=5997424</url>
                <type>S</type>
            </document>
            <document>
                <name>филиал Красноселькуп</name>
                <date>2012-09-05+04:00</date>
                <url>http://bus.gov.ru/public/download/download.html?id=5999173</url>
                <type>L</type>
            </document>
            <document>
                <name>филиал Муравленко</name>
                <date>2012-09-05+04:00</date>
                <url>http://bus.gov.ru/public/download/download.html?id=5999205</url>
                <type>L</type>
            </document>
            <document>
                <name>филиал УПОМ</name>
                <date>2012-09-05+04:00</date>
                <url>http://bus.gov.ru/public/download/download.html?id=5999361</url>
                <type>L</type>
            </document>
            <document>
                <name>филиал Салехард</name>
                <date>2012-09-05+04:00</date>
                <url>http://bus.gov.ru/public/download/download.html?id=5999282</url>
                <type>L</type>
            </document>
            <document>
                <name>филиал Надым</name>
                <date>2012-09-05+04:00</date>
                <url>http://bus.gov.ru/public/download/download.html?id=5999222</url>
                <type>L</type>
            </document>
            <document>
                <name>филиал Новый Уренгой</name>
                <date>2012-09-05+04:00</date>
                <url>http://bus.gov.ru/public/download/download.html?id=5999231</url>
                <type>L</type>
            </document>
            <document>
                <name>филиал Губкинский</name>
                <date>2012-09-05+04:00</date>
                <url>http://bus.gov.ru/public/download/download.html?id=5999141</url>
                <type>L</type>
            </document>
            <document>
                <name>филиал Лабытнанги</name>
                <date>2012-09-05+04:00</date>
                <url>http://bus.gov.ru/public/download/download.html?id=5999200</url>
                <type>L</type>
            </document>
            <document>
                <name>филиал Ноябрьск</name>
                <date>2012-09-05+04:00</date>
                <url>http://bus.gov.ru/public/download/download.html?id=5999245</url>
                <type>L</type>
            </document>
            <document>
                <name>филиал Пуровский</name>
                <date>2012-09-05+04:00</date>
                <url>http://bus.gov.ru/public/download/download.html?id=5999276</url>
                <type>L</type>
            </document>
            <document>
                <name>Об утверждении федерального государственного казенного учреждения</name>
                <date>2012-05-05+04:00</date>
                <url>http://bus.gov.ru/public/download/download.html?id=5998994</url>
                <type>C</type>
            </document>
            <document>
                <name>Устав</name>
                <date>2012-05-05+04:00</date>
                <url>http://bus.gov.ru/public/download/download.html?id=5998987</url>
                <type>F</type>
            </document>
            <document>
                <name>свидетельсво о гос регистрации</name>
                <date>2012-09-11+04:00</date>
                <url>http://bus.gov.ru/public/download/download.html?id=5999405</url>
                <type>E</type>
            </document>
            <document>
                <name>Свид. о постановке в налог. органе</name>
                <date>2012-09-11+04:00</date>
                <url>http://bus.gov.ru/public/download/download.html?id=5999408</url>
                <type>E</type>
            </document>
        </ns2:position>
    
<ns2:position xmlns:ns2="http://bus.gov.ru/external/1" xmlns="http://bus.gov.ru/types/1" xmlns:xsi="http://www.w3.org/2001/XMLSchema-instance" xmlns:ns3="http://bus.gov.ru/fk/1">
            <positionId>32e794b6-cc62-4550-a45f-322e27b61acb</positionId>
            <changeDate>2012-10-24T07:51:28.543+04:00</changeDate>
            <placer>
                <regNum>0895100000904</regNum>
                <fullName>федеральное государственное казенное учреждение "Управление вневедомственной охраны Управления Министерства внутренних дел Российской Федерации по Ямало-Ненецкому автономному округу"</fullName>
                <inn>8901026873</inn>
                <kpp>890101001</kpp>
            </placer>
            <initiator>
                <regNum>0895100000904</regNum>
                <fullName>федеральное государственное казенное учреждение "Управление вневедомственной охраны Управления Министерства внутренних дел Российской Федерации по Ямало-Ненецкому автономному округу"</fullName>
                <inn>8901026873</inn>
                <kpp>890101001</kpp>
            </initiator>
            <versionNumber>0</versionNumber>
            <main>
                <shortName>ФГКУ УВО УМВД России по Ямало-Ненецкому автономному округу</shortName>
                <ogrn>1128901003340</ogrn>
                <rbs>
                    <regNum>0390100000046</regNum>
                    <fullName>Управление Министерства внутренних дел Российской Федерации по Ямало-Ненецкому автономному округу</fullName>
                </rbs>
                <grbs>
                    <regNum>0173100000062</regNum>
                    <fullName>Министерство внутренних дел Российской Федерации</fullName>
                </grbs>
                <orgType>08</orgType>
                <classifier>
                    <okfs>
                        <code>12</code>
                        <name>Федеральная собственность</name>
                    </okfs>
                    <okopf>
                        <code>74</code>
                        <name>Казенные учреждения</name>
                    </okopf>
                    <okogu>
                        <code>1310500</code>
                        <name>Министерство внутренних дел Российской Федерации</name>
                    </okogu>
                    <okpo>
                        <code>08686422</code>
                    </okpo>
                    <okato>
                        <code>71171000000</code>
                        <name>Салехард</name>
                    </okato>
                    <okved>
                        <code>75.24.1</code>
                        <name>Деятельность органов внутренних дел</name>
                        <type>C</type>
                    </okved>
                </classifier>
                <address>
                    <zip>629008</zip>
                    <subject>
                        <code>89000000000</code>
                        <name>Ямало-Ненецкий</name>
                    </subject>
                    <city>
                        <code>89000001000</code>
                        <name>Салехард</name>
                    </city>
                    <street>
                        <name>Зои Космодемьянской</name>
                    </street>
                    <building>47</building>
                </address>
            </main>
            <additional>
                <institutionType>
                    <code>9900000</code>
                    <name>Прочие</name>
                </institutionType>
                <ppo>
                    <code>00000000000</code>
                    <name>Российская Федерация</name>
                    <okato>
                        <code>00000000000</code>
                        <name>Объекты административно-территориального деления, кроме сельских населенных пунктов</name>
                    </okato>
                    <oktmo>
                        <code>71951000</code>
                        <name>Город Салехард</name>
                    </oktmo>
                </ppo>
                <phone>7-34922-46231</phone>
                <section>188</section>
                <oktmo>
                    <code>71951000</code>
                    <name>Город Салехард</name>
                </oktmo>
                <activity>
                    <okved>
                        <code>75.24.1</code>
                        <name>Деятельность органов внутренних дел</name>
                        <type>C</type>
                    </okved>
                    <name>Охранная деятельность</name>
                </activity>
                <eMail>uvo89@mail.ru</eMail>
            </additional>
            <other>
                <chief>
                    <lastName>Куличенко</lastName>
                    <firstName>Валерий</firstName>
                    <middleName>Анатольевич</middleName>
                    <position>Начальник</position>
                </chief>
                <founder>
                    <regNum>0173100000062</regNum>
                    <fullName>Министерство внутренних дел Российской Федерации</fullName>
                    <authorities>
                        <formative>true</formative>
                        <stateTask>true</stateTask>
                        <supervisoryBoard>true</supervisoryBoard>
                    </authorities>
                </founder>
            </other>
            <document>
                <name>выписка из приказа</name>
                <date>2012-07-10+04:00</date>
                <url>http://bus.gov.ru/public/download/download.html?id=5997424</url>
                <type>S</type>
            </document>
            <document>
                <name>филиал Красноселькуп</name>
                <date>2012-09-05+04:00</date>
                <url>http://bus.gov.ru/public/download/download.html?id=5999173</url>
                <type>L</type>
            </document>
            <document>
                <name>филиал Муравленко</name>
                <date>2012-09-05+04:00</date>
                <url>http://bus.gov.ru/public/download/download.html?id=5999205</url>
                <type>L</type>
            </document>
            <document>
                <name>филиал УПОМ</name>
                <date>2012-09-05+04:00</date>
                <url>http://bus.gov.ru/public/download/download.html?id=5999361</url>
                <type>L</type>
            </document>
            <document>
                <name>филиал Салехард</name>
                <date>2012-09-05+04:00</date>
                <url>http://bus.gov.ru/public/download/download.html?id=5999282</url>
                <type>L</type>
            </document>
            <document>
                <name>филиал Надым</name>
                <date>2012-09-05+04:00</date>
                <url>http://bus.gov.ru/public/download/download.html?id=5999222</url>
                <type>L</type>
            </document>
            <document>
                <name>филиал Новый Уренгой</name>
                <date>2012-09-05+04:00</date>
                <url>http://bus.gov.ru/public/download/download.html?id=5999231</url>
                <type>L</type>
            </document>
            <document>
                <name>филиал Губкинский</name>
                <date>2012-09-05+04:00</date>
                <url>http://bus.gov.ru/public/download/download.html?id=5999141</url>
                <type>L</type>
            </document>
            <document>
                <name>филиал Лабытнанги</name>
                <date>2012-09-05+04:00</date>
                <url>http://bus.gov.ru/public/download/download.html?id=5999200</url>
                <type>L</type>
            </document>
            <document>
                <name>филиал Ноябрьск</name>
                <date>2012-09-05+04:00</date>
                <url>http://bus.gov.ru/public/download/download.html?id=5999245</url>
                <type>L</type>
            </document>
            <document>
                <name>филиал Пуровский</name>
                <date>2012-09-05+04:00</date>
                <url>http://bus.gov.ru/public/download/download.html?id=5999276</url>
                <type>L</type>
            </document>
            <document>
                <name>Об утверждении федерального государственного казенного учреждения</name>
                <date>2012-05-05+04:00</date>
                <url>http://bus.gov.ru/public/download/download.html?id=5998994</url>
                <type>C</type>
            </document>
            <document>
                <name>Устав</name>
                <date>2012-05-05+04:00</date>
                <url>http://bus.gov.ru/public/download/download.html?id=5998987</url>
                <type>F</type>
            </document>
            <document>
                <name>свидетельсво о гос регистрации</name>
                <date>2012-09-11+04:00</date>
                <url>http://bus.gov.ru/public/download/download.html?id=5999405</url>
                <type>E</type>
            </document>
            <document>
                <name>Свид. о постановке в налог. органе</name>
                <date>2012-09-11+04:00</date>
                <url>http://bus.gov.ru/public/download/download.html?id=5999408</url>
                <type>E</type>
            </document>
        </ns2:position>
    
<ns2:position xmlns:ns2="http://bus.gov.ru/external/1" xmlns="http://bus.gov.ru/types/1" xmlns:xsi="http://www.w3.org/2001/XMLSchema-instance" xmlns:ns3="http://bus.gov.ru/fk/1">
            <positionId>a64e2c60-86ce-467b-a5e6-a7ec4f7225a5</positionId>
            <changeDate>2012-06-28T08:52:39.694+04:00</changeDate>
            <placer>
                <regNum>0390100000038</regNum>
                <fullName>Отдел Министерства внутренних дел Российской Федерации по городу Муравленко</fullName>
                <inn>8906004104</inn>
                <kpp>890601001</kpp>
            </placer>
            <initiator>
                <regNum>0390100000038</regNum>
                <fullName>Отдел Министерства внутренних дел Российской Федерации по городу Муравленко</fullName>
                <inn>8906004104</inn>
                <kpp>890601001</kpp>
            </initiator>
            <versionNumber>0</versionNumber>
            <main>
                <shortName>ОМВД России по г.Муравленко</shortName>
                <ogrn>1028900765882</ogrn>
                <rbs>
                    <regNum>0390100000046</regNum>
                    <fullName>Управление Министерства внутренних дел Российской Федерации по Ямало-Ненецкому автономному округу</fullName>
                </rbs>
                <grbs>
                    <regNum>0173100000054</regNum>
                    <fullName>Министерство внутренних дел Российской Федерации</fullName>
                </grbs>
                <orgType>03</orgType>
                <classifier>
                    <okfs>
                        <code>12</code>
                        <name>Федеральная собственность</name>
                    </okfs>
                    <okopf>
                        <code>72</code>
                        <name>Бюджетные учреждения</name>
                    </okopf>
                    <okogu>
                        <code>1310500</code>
                        <name>Министерство внутренних дел Российской Федерации</name>
                    </okogu>
                    <okpo>
                        <code>08665974</code>
                    </okpo>
                    <okato>
                        <code>71175000000</code>
                        <name>Муравленко</name>
                    </okato>
                    <okved>
                        <code>75.24.1</code>
                        <name>Деятельность органов внутренних дел</name>
                        <type>C</type>
                    </okved>
                </classifier>
                <address>
                    <zip>629602</zip>
                    <subject>
                        <code>89000000000</code>
                        <name>Ямало-Ненецкий автономный округ</name>
                    </subject>
                    <city>
                        <code>89000004000</code>
                        <name>Муравленко</name>
                    </city>
                    <street>
                        <name>Ак.Губкина</name>
                    </street>
                    <building>4</building>
                </address>
            </main>
            <additional>
                <institutionType>
                    <code>9900000</code>
                    <name>Прочие</name>
                </institutionType>
                <ppo>
                    <code>00000000000</code>
                    <name>Российская Федерация</name>
                    <okato>
                        <code>00000000000</code>
                        <name>Объекты административно-территориального деления, кроме сельских населенных пунктов</name>
                    </okato>
                    <oktmo>
                        <code>71955000</code>
                        <name>- Город Муравленко</name>
                    </oktmo>
                </ppo>
                <phone>7-34938-21010-21059</phone>
                <oktmo>
                    <code>71955000</code>
                    <name>- Город Муравленко</name>
                </oktmo>
                <activity>
                    <okved>
                        <code>75.24.1</code>
                        <name>Деятельность органов внутренних дел</name>
                    </okved>
                    <name>Охрана правопорядка</name>
                </activity>
            </additional>
            <other>
                <chief>
                    <lastName>Анохин</lastName>
                    <firstName>Роман </firstName>
                    <middleName>Александрович</middleName>
                    <position>начальник ОМВД России по г. Муравленко</position>
                </chief>
                <founder>
                    <regNum>0173100000062</regNum>
                    <fullName>Министерство внутренних дел Российской Федерации</fullName>
                </founder>
            </other>
            <document>
                <name>Приказ 2</name>
                <date>2011-06-27+04:00</date>
                <url>http://bus.gov.ru/public/download/download.html?id=4329670</url>
                <type>S</type>
            </document>
            <document>
                <name>Приказ</name>
                <date>2011-06-27+04:00</date>
                <url>http://bus.gov.ru/public/download/download.html?id=4329636</url>
                <type>S</type>
            </document>
            <document>
                <name>Муравленко ПОЛОЖЕНИЕ </name>
                <date>2011-07-04+04:00</date>
                <url>http://bus.gov.ru/public/download/download.html?id=4329419</url>
                <type>F</type>
            </document>
            <document>
                <name>Свид-во о гос. рег-ии</name>
                <date>2011-08-29+04:00</date>
                <url>http://bus.gov.ru/public/download/download.html?id=4329607</url>
                <type>E</type>
            </document>
        </ns2:position>
    
<ns2:position xmlns:ns2="http://bus.gov.ru/external/1" xmlns="http://bus.gov.ru/types/1" xmlns:xsi="http://www.w3.org/2001/XMLSchema-instance" xmlns:ns3="http://bus.gov.ru/fk/1">
            <positionId>a64e2c60-86ce-467b-a5e6-a7ec4f7225a5</positionId>
            <changeDate>2012-06-28T08:52:39.694+04:00</changeDate>
            <placer>
                <regNum>0390100000038</regNum>
                <fullName>Отдел Министерства внутренних дел Российской Федерации по городу Муравленко</fullName>
                <inn>8906004104</inn>
                <kpp>890601001</kpp>
            </placer>
            <initiator>
                <regNum>0390100000038</regNum>
                <fullName>Отдел Министерства внутренних дел Российской Федерации по городу Муравленко</fullName>
                <inn>8906004104</inn>
                <kpp>890601001</kpp>
            </initiator>
            <versionNumber>0</versionNumber>
            <main>
                <shortName>ОМВД России по г.Муравленко</shortName>
                <ogrn>1028900765882</ogrn>
                <rbs>
                    <regNum>0390100000046</regNum>
                    <fullName>Управление Министерства внутренних дел Российской Федерации по Ямало-Ненецкому автономному округу</fullName>
                </rbs>
                <grbs>
                    <regNum>0173100000054</regNum>
                    <fullName>Министерство внутренних дел Российской Федерации</fullName>
                </grbs>
                <orgType>03</orgType>
                <classifier>
                    <okfs>
                        <code>12</code>
                        <name>Федеральная собственность</name>
                    </okfs>
                    <okopf>
                        <code>72</code>
                        <name>Бюджетные учреждения</name>
                    </okopf>
                    <okogu>
                        <code>1310500</code>
                        <name>Министерство внутренних дел Российской Федерации</name>
                    </okogu>
                    <okpo>
                        <code>08665974</code>
                    </okpo>
                    <okato>
                        <code>71175000000</code>
                        <name>Муравленко</name>
                    </okato>
                    <okved>
                        <code>75.24.1</code>
                        <name>Деятельность органов внутренних дел</name>
                        <type>C</type>
                    </okved>
                </classifier>
                <address>
                    <zip>629602</zip>
                    <subject>
                        <code>89000000000</code>
                        <name>Ямало-Ненецкий автономный округ</name>
                    </subject>
                    <city>
                        <code>89000004000</code>
                        <name>Муравленко</name>
                    </city>
                    <street>
                        <name>Ак.Губкина</name>
                    </street>
                    <building>4</building>
                </address>
            </main>
            <additional>
                <institutionType>
                    <code>9900000</code>
                    <name>Прочие</name>
                </institutionType>
                <ppo>
                    <code>00000000000</code>
                    <name>Российская Федерация</name>
                    <okato>
                        <code>00000000000</code>
                        <name>Объекты административно-территориального деления, кроме сельских населенных пунктов</name>
                    </okato>
                    <oktmo>
                        <code>71955000</code>
                        <name>- Город Муравленко</name>
                    </oktmo>
                </ppo>
                <phone>7-34938-21010-21059</phone>
                <oktmo>
                    <code>71955000</code>
                    <name>- Город Муравленко</name>
                </oktmo>
                <activity>
                    <okved>
                        <code>75.24.1</code>
                        <name>Деятельность органов внутренних дел</name>
                    </okved>
                    <name>Охрана правопорядка</name>
                </activity>
            </additional>
            <other>
                <chief>
                    <lastName>Анохин</lastName>
                    <firstName>Роман </firstName>
                    <middleName>Александрович</middleName>
                    <position>начальник ОМВД России по г. Муравленко</position>
                </chief>
                <founder>
                    <regNum>0173100000062</regNum>
                    <fullName>Министерство внутренних дел Российской Федерации</fullName>
                </founder>
            </other>
            <document>
                <name>Приказ 2</name>
                <date>2011-06-27+04:00</date>
                <url>http://bus.gov.ru/public/download/download.html?id=4329670</url>
                <type>S</type>
            </document>
            <document>
                <name>Приказ</name>
                <date>2011-06-27+04:00</date>
                <url>http://bus.gov.ru/public/download/download.html?id=4329636</url>
                <type>S</type>
            </document>
            <document>
                <name>Муравленко ПОЛОЖЕНИЕ </name>
                <date>2011-07-04+04:00</date>
                <url>http://bus.gov.ru/public/download/download.html?id=4329419</url>
                <type>F</type>
            </document>
            <document>
                <name>Свид-во о гос. рег-ии</name>
                <date>2011-08-29+04:00</date>
                <url>http://bus.gov.ru/public/download/download.html?id=4329607</url>
                <type>E</type>
            </document>
        </ns2:position>
    

    </ns2:body>
    </ns2:institutionInfo>        
        