{"timeline": {"headline": "История МВД РФ", "startDate": "1800", "type": "default", "date": [{"headline": "Центральный статистический комитет МВД из коллегиального органа преобразован в бюро, обрабатывающее статистические сведения. При МВД учрежден Статистический совет, составленный из представителей разных министерств и ведомств.", "startDate": "1863,4,30", "endDate": "1863,4,30", "text": "<p>Центральный статистический комитет МВД из коллегиального органа преобразован в бюро, обрабатывающее статистические сведения. При МВД учрежден Статистический совет, составленный из представителей разных министерств и ведомств.</p>"}, {"headline": "\"Положение о земских учреждениях\" получает силу закона.", "startDate": "1864,1,1", "endDate": "1864,1,1", "text": "<p>\"Положение о земских учреждениях\" получает силу закона.</p><p>Для местного управления в уезде учреждаются уездное земское собрание и уездная управа, а в губернии - губернское земское собрание и губернская земская управа. Уездное собрание состоит из гласных, избираемых населением уезда - землевладельцами, городскими жителями и выборщиками от сельских обществ, назначаемыми волостными сходами. Губернское собрание состоит из гласных, избираемых уездными собраниями. Гласные (депутаты) земских собраний избираются на 3 года. Управы становятся исполнительными органами уездного и губернского собраний.</p><p>Новым учреждениям вверяется управление всем местным хозяйством: продовольствием, медициной, \"общественным призрением\", дорогами, образованием и т.п.\". Правительственная власть в лице губернаторов и Министра внутренних дел наблюдает за действием этих органов, главным образом, с точки зрения их законности. Губернатор может приостановить решение земского собрания, если оно противоречит действующему законодательству.</p>"}, {"headline": "Упразднен Отдельный корпус внутренней стражи. Его обязанности возложены на местные и резервные (внутренние) войска. Введены положения \"О военно-окружных управлениях\" и \"Об управлении местными войсками военного округа\".", "startDate": "1864,8,6", "endDate": "1864,8,6", "text": "<p>Упразднен Отдельный корпус внутренней стражи. Его обязанности возложены на местные и резервные (внутренние) войска. Введены положения \"О военно-окружных управлениях\" и \"Об управлении местными войсками военного округа\".</p><p>В состав окружных войск входят крепостные полки, губернские резервные, крепостные батальоны, уездные, местные и этапные команды, военно-арестантские роты, подчиненные начальнику войск округа (с правами командира дивизии). В каждой губернии для руководства местными силами учреждается должность губернского воинского начальника (обычно командир губернского батальона).</p>"}, {"headline": "В рамках судебной реформы издаются Судебные уставы, подтвердившие изъятие судебно-следственных функций из ведения полиции. Полиция проводит дознание \"посредством розысков, словесными распросами и негласным наблюдением, не производя ни обысков, ни выемок в домах\".", "startDate": "1864,11,20", "endDate": "1864,11,20", "text": "<p>В рамках судебной реформы издаются Судебные уставы, подтвердившие изъятие судебно-следственных функций из ведения полиции. Полиция проводит дознание \"посредством розысков, словесными распросами и негласным наблюдением, не производя ни обысков, ни выемок в домах\".</p><p>Согласно новому Уставу судебный процесс по уголовным делам проводится как состязание адвоката и прокурора в присутствии присяжных заседателей. Судьи назначаются пожизненно.</p>"}, {"headline": "В МВД образован Техническо-строительный комитет, принявший дела гражданской строительной части Министерства путей сообщения.", "startDate": "1865,4,6", "endDate": "1865,4,6", "text": "<p>В МВД образован Техническо-строительный комитет, принявший дела гражданской строительной части Министерства путей сообщения.</p>"}, {"headline": "Введен в действие Закон \"О цензуре\". Научные и дорогостоящие периодические издания могут печататься без предварительной цензуры с разрешения Министра внутренних дел. При обнаружении в них запрещенных сведений, виновные (автор, издатель, переводчик, редактор) наказываются в судебном порядке.", "startDate": "1865,9,1", "endDate": "1865,9,1", "text": "<p>Введен в действие Закон \"О цензуре\". Научные и дорогостоящие периодические издания могут печататься без предварительной цензуры с разрешения Министра внутренних дел. При обнаружении в них запрещенных сведений, виновные (автор, издатель, переводчик, редактор) наказываются в судебном порядке.</p><p>В МВД учреждается Главное управление по делам печати, занимающееся цензурой.</p>"}, {"headline": "После покушения на Александра II при санкт-петербургском градоначальнике создается Отделение по охранению порядка и общественного спокойствия, которое должно вести оперативную работу в революционной среде.", "startDate": "1866,1,1", "endDate": "1866,1,1", "text": "<p>После покушения на Александра II при санкт-петербургском градоначальнике создается Отделение по охранению порядка и общественного спокойствия, которое должно вести оперативную работу в революционной среде.</p>"}, {"headline": "В Санкт-Петербурге основан полицейский резерв, выполнявший две задачи: подготовку городовых и помощь полиции в несении патрульно-постовой службы.", "startDate": "1867,1,1", "endDate": "1867,1,1", "text": "<p>В Санкт-Петербурге основан полицейский резерв, выполнявший две задачи: подготовку городовых и помощь полиции в несении патрульно-постовой службы.</p>"}, {"headline": "Учреждена должность Главного инспектора по пересылке арестантов, он же начальник этапно-пересыльной части Главного штаба сухопутных войск.", "startDate": "1867,1,27", "endDate": "1867,1,27", "text": "<p>Учреждена должность Главного инспектора по пересылке арестантов, он же начальник этапно-пересыльной части Главного штаба сухопутных войск.</p>"}, {"headline": "Утверждено положение \"Об Отдельном корпусе жандармов\". В состав Отдельного корпуса жандармов входят:", "startDate": "1867,9,9", "endDate": "1867,9,9", "text": "<p>Утверждено положение \"Об Отдельном корпусе жандармов\". В состав Отдельного корпуса жандармов входят:</p><p>Главное управление;</p><p>наблюдательный состав;</p><p>управления Кавказского, Варшавского и Сибирского округов;</p><p>губернские управления (56);</p><p>уездные управления (50);</p><p>управления на железных дорогах;</p><p>Санкт-Петербургский, Московский и Варшавский дивизионы;</p><p>городские конные команды (13).</p><p>Наблюдательный состав (переименованный в 1870 г. в дополнительный штат) из унтер-офицеров должен собирать информацию о настроении умов в Империи.</p><p>К переводу в Корпус допускались лишь офицеры, \"которые окончили курс наук не ниже средних учебных заведений и прослужили в войсках не менее 5 лет\".</p>"}, {"headline": "Министром внутренних дел назначен Тимашев Александр Егорович.", "startDate": "1868,3,1", "endDate": "1868,3,1", "text": "<p>Министром внутренних дел назначен Тимашев Александр Егорович.</p><p>С переходом Тимашева, бывшего до этого Министром почт и телеграфов, в МВД создаются Почтовый и Телеграфный департаменты.</p>"}, {"headline": "В составе МВД сформированы Совещательный ветеринарный комитет и Ветеринарное отделение.", "startDate": "1868,12,2", "endDate": "1868,12,2", "text": "<p>В составе МВД сформированы Совещательный ветеринарный комитет и Ветеринарное отделение.</p>"}, {"headline": "Начинает издаваться \"Правительственный вестник\" \"общая и единственная для всех министерств и главных управлений официальная газета\".", "startDate": "1869,10,27", "endDate": "1869,10,27", "text": "<p>Начинает издаваться \"Правительственный вестник\" \"общая и единственная для всех министерств и главных управлений официальная газета\".</p>"}], "text": "История министерства внутренних дел РФ"}}