{"timeline": {"headline": "История МВД РФ", "startDate": "1800", "type": "default", "date": [{"headline": "Образовано Управление (на правах главного управления) по Северному Кавказу МВД России.", "startDate": "1999,3,29", "endDate": "1999,3,29", "text": "<p>Образовано Управление (на правах главного управления) по Северному Кавказу МВД России.</p>"}, {"headline": "Создано Управление внутренних дел МВД России по Чеченской Республике.", "startDate": "1999,12,6", "endDate": "1999,12,6", "text": "<p>Создано Управление внутренних дел МВД России по Чеченской Республике.</p>"}, {"headline": "Министром внутренних дел Российской Федерации назначен Рушайло Владимир Борисович.", "startDate": "1999,5,21", "endDate": "1999,5,21", "text": "<p>Министром внутренних дел Российской Федерации назначен Рушайло Владимир Борисович.</p>"}, {"headline": "Правительство Российской Федерации принимает решение о структурной перестройке МВД России.", "startDate": "2000,12,7", "endDate": "2000,12,7", "text": "<p>Правительство Российской Федерации принимает решение о структурной перестройке МВД России.</p>"}, {"headline": "Министром внутренних дел Российской Федерации назначен Грызлов  Борис Вячеславович.", "startDate": "2001,3,28", "endDate": "2001,3,28", "text": "<p>Министром внутренних дел Российской Федерации назначен Грызлов  Борис Вячеславович.</p>"}, {"headline": "Принят Указ Президента Российской Федерации об очередном существенном реформировании системы МВД России.", "startDate": "2001,6,4", "endDate": "2001,6,4", "text": "<p>Принят Указ Президента Российской Федерации об очередном существенном реформировании системы МВД России.</p>"}, {"headline": "Объединены органы внутренних дел на транспорте с подразделениями, обеспечивающими осуществление спецперевозок. Общее руководство ими осуществляет Главное управление внутренних дел на транспорте и по спецперевозкам, входящее в Службу общественной безопасности МВД России.", "startDate": "2001,6,1", "endDate": "2001,6,1", "text": "<p>Объединены органы внутренних дел на транспорте с подразделениями, обеспечивающими осуществление спецперевозок. Общее руководство ими осуществляет Главное управление внутренних дел на транспорте и по спецперевозкам, входящее в Службу общественной безопасности МВД России.</p>"}, {"headline": "Указом Президента Российской Федерации «О совершенствовании государственного управления в области пожарной безопасности» из системы МВД России в МЧС России было передано Главное управление государственной противопожарной службы.", "startDate": "2001,11,9", "endDate": "2001,11,9", "text": "<p>Указом Президента Российской Федерации «О совершенствовании государственного управления в области пожарной безопасности» из системы МВД России в МЧС России было передано Главное управление государственной противопожарной службы.</p>"}, {"headline": "Учреждена ведомственная медаль Министерства внутренних дел Российской Федерации «За боевое содружество».", "startDate": "2001,1,24", "endDate": "2001,1,24", "text": "<p>Учреждена ведомственная медаль Министерства внутренних дел Российской Федерации «За боевое содружество».</p>"}, {"headline": "Указом Президента Российской Федерации «О совершенствовании государственного управления в области миграционной политики» в МВД России была образована Федеральная миграционная служба.", "startDate": "2002,2,23", "endDate": "2002,2,23", "text": "<p>Указом Президента Российской Федерации «О совершенствовании государственного управления в области миграционной политики» в МВД России была образована Федеральная миграционная служба.</p>"}, {"headline": "Учреждена ведомственная медаль Министерства внутренних дел Российской Федерации медаль «За отличие в службе».", "startDate": "2002,7,5", "endDate": "2002,7,5", "text": "<p>Учреждена ведомственная медаль Министерства внутренних дел Российской Федерации медаль «За отличие в службе».</p>"}], "text": "История министерства внутренних дел РФ"}}