{"timeline": {"headline": "История МВД РФ", "startDate": "1800", "type": "default", "date": [{"headline": "Министром внутренних дел назначен граф Строганов Александр Григорьевич.", "startDate": "1839,3,1", "endDate": "1839,3,1", "text": "<p>Министром внутренних дел назначен граф Строганов Александр Григорьевич.</p>"}, {"headline": "Министром внутренних дел назначен граф Перовский Лев Алексеевич.", "startDate": "1841,9,1", "endDate": "1841,9,1", "text": "<p>Министром внутренних дел назначен граф Перовский Лев Алексеевич.</p>"}, {"headline": "Утверждено положение о Медицинском совете МВД, где указывалось:", "startDate": "1841,12,11", "endDate": "1841,12,11", "text": "<p>Утверждено положение о Медицинском совете МВД, где указывалось:</p><p>постановить, что Медицинский совет есть высшее в государстве врачебно-учебное, врачебно-полицейское и врачебно-судебное место,</p><p>обязать каждого из членов Совета, управляющего отдельной частью, давать отчет о действиях своих по этой части,</p><p>чтобы накакая мера по медицинскому устройству не была представляема на Высочайшее утверждение, без предварительного ее обсуждения в Медицинском совете и т.д.</p>"}, {"headline": "При Департаменте исполнительной полиции создается временное отделение для \"производства дел по обозрению присутственных мест и учреждений Министерства внутренних дел\".", "startDate": "1842,1,1", "endDate": "1842,1,1", "text": "<p>При Департаменте исполнительной полиции создается временное отделение для \"производства дел по обозрению присутственных мест и учреждений Министерства внутренних дел\".</p><p>Жандармский полк при войсках включен в состав Особого корпуса жандармов.</p>"}, {"headline": "Для ведения секретного делопроизводства при Министре внутренних дел вновь учреждена Особая канцелярия. Общая канцелярия переименована в Департамент общих дел.", "startDate": "1842,3,1", "endDate": "1842,3,1", "text": "<p>Для ведения секретного делопроизводства при Министре внутренних дел вновь учреждена Особая канцелярия. Общая канцелярия переименована в Департамент общих дел.</p><p>Учреждены должности вице-директоров всех департаментов (раньше такая должность существовала только в Департаменте исполнительной полиции). Эта мера связана с усилением контроля за деятельностью органов местного управления. Руководители департаментов начинают чаще выезжать в губернии Империи.</p>"}, {"headline": "Начальником III-его отделения Собственной Его Императорского Величества канцелярии назначается князь Орлов Алексей Федорович.", "startDate": "1844,9,17", "endDate": "1844,9,17", "text": "<p>Начальником III-его отделения Собственной Его Императорского Величества канцелярии назначается князь Орлов Алексей Федорович.</p>"}, {"headline": "Получил высочайшее утверждение проект графа Перовского о разделении всех дел поступающих в губернские правления на 3 разряда: судные, которые правление решало коллегиально; распорядительные, которые решались губернским правлением и утверждались губернатором; исполнительные, решаемые вице-губернатором и советниками. Утверждение нового порядка во всех губерниях закончилось в 1852 г.", "startDate": "1845,1,2", "endDate": "1845,1,2", "text": "<p>Получил высочайшее утверждение проект графа Перовского о разделении всех дел поступающих в губернские правления на 3 разряда: судные, которые правление решало коллегиально; распорядительные, которые решались губернским правлением и утверждались губернатором; исполнительные, решаемые вице-губернатором и советниками. Утверждение нового порядка во всех губерниях закончилось в 1852 г.</p>"}, {"headline": "Издан Устав городских пожарных обществ, согласно которому определялись состав и функции добровольных пожарных команд.", "startDate": "1846,1,1", "endDate": "1846,1,1", "asset": {"media": "http://www.mvd.ru/userfiles/image/history/fire_brigade_1846.jpg", "caption": "\r\nПожарная дружина за работой\r\nСанкт-Петербург", "credit": "Официальный сайт МВД России"}, "text": "<p>Издан Устав городских пожарных обществ, согласно которому определялись состав и функции добровольных пожарных команд.</p><p>Ниболее боеспособные команды включают несколько отрядов. Например, отряд водоснабжения обеспечивает доставку воды к месту пожара, трубный отряд насосами подает воду на горящий объект, лестничный отряд проникает на верхние этажи и чердачные помещения, топорный - разбирает горящее строение, отряд охранителей - ограждает место пожара от любопытных и мародеров и т.д.</p>"}, {"headline": "При Департаменте исполнительной полиции создается временное отделение для \"наблюдения за течением дел арестантских\".", "startDate": "1848,1,1", "endDate": "1848,1,1", "text": "<p>При Департаменте исполнительной полиции создается временное отделение для \"наблюдения за течением дел арестантских\".</p><p>Из средств, выделяемых на возведение \"присутственных мест\", земских сборов и городских доходов около 500 тыс руб. серебром ассигновано на \"устройство исправительных тюрем по системе одиночного заключения\".</p>"}, {"headline": "По распоряжению Николая I в МВД проводится первое сокращение штатов. Число чиновничьих должностей уменьшается на 17 и составляет 270 штатных сотрудников.", "startDate": "1850,1,1", "endDate": "1850,1,1", "text": "<p>По распоряжению Николая I в МВД проводится первое сокращение штатов. Число чиновничьих должностей уменьшается на 17 и составляет 270 штатных сотрудников.</p>"}, {"headline": "Высочайше утверждено положение \"О сокращении делопроизводства\", после введения которого штат Министерства внутренних дел сократился на 67 чиновников (в том числе два вице-директора).", "startDate": "1852,1,1", "endDate": "1852,1,1", "text": "<p>Высочайше утверждено положение \"О сокращении делопроизводства\", после введения которого штат Министерства внутренних дел сократился на 67 чиновников (в том числе два вице-директора).</p>"}, {"headline": "Министром внутренних дел назначен Бибиков Дмитрий Гаврилович.", "startDate": "1852,8,1", "endDate": "1852,8,1", "text": "<p>Министром внутренних дел назначен Бибиков Дмитрий Гаврилович.</p>"}, {"headline": "Издан закон по которому для усиления патрульно-постовой службы полиции в городах (по аналогии со столицами) формируются полицейские команды из \"нижних военных чинов\". Их численность определяется из расчета 5 полицейских на 2 тыс. жителей и 10 полицейских во главе с унтер-офицером на 5 тыс. жителей. Полицейские команды комплектовались \"неспособными к строевой службе нижними чинами\" и подчинялись полицмейстеру.", "startDate": "1853,1,1", "endDate": "1853,1,1", "text": "<p>Издан закон по которому для усиления патрульно-постовой службы полиции в городах (по аналогии со столицами) формируются полицейские команды из \"нижних военных чинов\". Их численность определяется из расчета 5 полицейских на 2 тыс. жителей и 10 полицейских во главе с унтер-офицером на 5 тыс. жителей. Полицейские команды комплектовались \"неспособными к строевой службе нижними чинами\" и подчинялись полицмейстеру.</p><p>Объединяются отделения для \"производства дел по обозрению присутственных мест и учреждений Министерства внутренних дел\" и \"наблюдения за течением дел арестантских\" Департамента исполнительной полиции.</p>"}, {"headline": "Утверждена \"Нормальная табель состава пожарной части в городах\". В соотвествии с этим документом штатный состав пожарных команд определяется не по \"Высочайшему разрешению\", а по числу горожан.", "startDate": "1853,3,17", "endDate": "1853,3,17", "text": "<p>Утверждена \"Нормальная табель состава пожарной части в городах\". В соотвествии с этим документом штатный состав пожарных команд определяется не по \"Высочайшему разрешению\", а по числу горожан.</p><p>Все города делятся на семь разрядов. К первому относятся города с населением до двух тысяч жителей, к седьмому - до 30 тыс. Число пожарных устанавливалось соответственно 5 и 75 человек, набираемых из военного ведомства. Согласно штату определялась положенность пожарной техники и средств на ее содержание и ремонт.</p>"}, {"headline": "Министром внутренних дел назначен граф Ланской Сергей Степанович.", "startDate": "1855,8,1", "endDate": "1855,8,1", "text": "<p>Министром внутренних дел назначен граф Ланской Сергей Степанович.</p>"}], "text": "История министерства внутренних дел РФ"}}