{"timeline": {"headline": "История МВД РФ", "startDate": "1800", "type": "default", "date": [{"headline": "Упраздняются военные поселения, территория и администрация которых со времен царствования Александра I находились под юрисдикцией Военного министерства.", "startDate": "1857,1,1", "endDate": "1857,1,1", "text": "<p>Упраздняются военные поселения, территория и администрация которых со времен царствования Александра I находились под юрисдикцией Военного министерства.</p><p>Канцелярия земского уездного суда разделяется на два отдела. В первом рассматриваются вопросы борьбы с преступностью, охраны общественного порядка, проведение следствия, второй - контролирует выполнение сельской полицией поручений губернской администрации.</p>"}, {"headline": "По указанию Императора образован Секретный комитет по крестьянскому делу \"для обсуждения мер по устройству быта помещичьих крестьян\". Председателем назначен князь А.Ф. Орлов (в отсутствии Императора), члены: С.С. Ланской (Министр внутренних дел), П.Ф. Брок (Министр финансов), М.Н. Муравьев (Министр государственных имуществ), граф В.Ф. Адлерберг (Министр двора) и др.", "startDate": "1957,1,1", "endDate": "1957,1,1", "text": "<p>По указанию Императора образован Секретный комитет по крестьянскому делу \"для обсуждения мер по устройству быта помещичьих крестьян\". Председателем назначен князь А.Ф. Орлов (в отсутствии Императора), члены: С.С. Ланской (Министр внутренних дел), П.Ф. Брок (Министр финансов), М.Н. Муравьев (Министр государственных имуществ), граф В.Ф. Адлерберг (Министр двора) и др.</p>"}, {"headline": "Император поручает Министерствам юстиции, государственных имуществ, внутренних дел, Особому совещанию (состоящему, в основном, из губернаторов) разработать предложения по устройству уездной полиции.", "startDate": "1858,2,18", "endDate": "1858,2,18", "text": "<p>Император поручает Министерствам юстиции, государственных имуществ, внутренних дел, Особому совещанию (состоящему, в основном, из губернаторов) разработать предложения по устройству уездной полиции.</p><p>В целях оздоровления внутренней стражи, начинается грандиозная акция переселения \"наиболее опороченных нижних чинов\" с семьями в Восточную Сибирь. За три года в Амурский край премещается около 13 тыс. военнослужащих. Число преступлений в гарнизонах европейской части резко снижается.</p>"}, {"headline": "В рамках МВД создается Центральный статистический комитет, состоящий из двух отделов: Статистического и Земского, под председательством товарищей Министра. На комитет возложена основная работа по подготовке крестьянской реформы 1861 г.", "startDate": "1858,3,4", "endDate": "1858,3,4", "text": "<p>В рамках МВД создается Центральный статистический комитет, состоящий из двух отделов: Статистического и Земского, под председательством товарищей Министра. На комитет возложена основная работа по подготовке крестьянской реформы 1861 г.</p><p>Начиная с 1860 г., Центральный статистический комитет собирает и систематизирует сведения о пожарах в России.</p>"}, {"headline": "Департамент казенных врачебных заготовлений из МВД передается в Военное министерство.", "startDate": "1859,3,26", "endDate": "1859,3,26", "text": "<p>Департамент казенных врачебных заготовлений из МВД передается в Военное министерство.</p>"}, {"headline": "Подписан Указ, оставлявший за полицией только производство \"первоначальных дознаний об уголовных преступлениях\" и передававший предварительное следствие судебным следователям, подчиненным \"общим судебным местам\".", "startDate": "1860,6,8", "endDate": "1860,6,8", "text": "<p>Подписан Указ, оставлявший за полицией только производство \"первоначальных дознаний об уголовных преступлениях\" и передававший предварительное следствие судебным следователям, подчиненным \"общим судебным местам\".</p>"}, {"headline": "Министром внутренних дел назначен Граф Валуев Петр Александрович.", "startDate": "1861,4,1", "endDate": "1861,4,1", "text": "<p>Министром внутренних дел назначен Граф Валуев Петр Александрович.</p>"}, {"headline": "Утвержден Манифест о крестьянской реформе.", "startDate": "1861,2,19", "endDate": "1861,2,19", "text": "<p>Утвержден Манифест о крестьянской реформе.</p><p>Проект освобождения крестьян состоял из Общих положений (636 статей), Местных положений (981 статья) и дополнительных правил (192 статьи).</p>"}, {"headline": "Земский отдел Центрального статистического комитета МВД, занимавшийся крестьянскими делами, преобразован в самостоятельную часть.", "startDate": "1861,7,27", "endDate": "1861,7,27", "text": "<p>Земский отдел Центрального статистического комитета МВД, занимавшийся крестьянскими делами, преобразован в самостоятельную часть.</p>"}], "text": "История министерства внутренних дел РФ"}}