{"timeline": {"headline": "История МВД РФ", "startDate": "1800", "type": "default", "date": [{"headline": "Министром внутренних дел назначен Маклаков Николай Александрович.", "startDate": "1912,12,1", "endDate": "1912,12,1", "text": "<p>Министром внутренних дел назначен Маклаков Николай Александрович.</p>"}, {"headline": "Для подготовки нового Пожарного уставаСовет Императорского Российского пожарного общества утверждает комиссию под председательством сенатора М.А. Остроградского. К 1914 г. комиссией подготовлены два документа: \"О пожарном уставе\" и \"Об изменениях некоторых статей уложения, относящихся к борьбе с пожарами и поджогами\". Однако, дальнейшая работа комиссии была приостановлена в связи с Первой мировой войной.", "startDate": "1913,1,1", "endDate": "1913,1,1", "text": "<p>Для подготовки нового Пожарного уставаСовет Императорского Российского пожарного общества утверждает комиссию под председательством сенатора М.А. Остроградского. К 1914 г. комиссией подготовлены два документа: \"О пожарном уставе\" и \"Об изменениях некоторых статей уложения, относящихся к борьбе с пожарами и поджогами\". Однако, дальнейшая работа комиссии была приостановлена в связи с Первой мировой войной.</p>"}, {"headline": "Россия вступает в Первую мировую войну в союзе с Англией и Францией (Антанта).", "startDate": "1914,8,1", "endDate": "1914,8,1", "text": "<p>Россия вступает в Первую мировую войну в союзе с Англией и Францией (Антанта).</p>"}, {"headline": "Министром внутренних дел назначен князь Щербатов Николай Борисович.", "startDate": "1915,6,1", "endDate": "1915,6,1", "text": "<p>Министром внутренних дел назначен князь Щербатов Николай Борисович.</p>"}, {"headline": "Министром внутренних дел назначен Хвостов Алексей Николаевич.", "startDate": "1915,9,1", "endDate": "1915,9,1", "text": "<p>Министром внутренних дел назначен Хвостов Алексей Николаевич.</p>"}, {"headline": "Министром внутренних дел назначен Штюрмер Борис Владимирович.", "startDate": "1916,3,1", "endDate": "1916,3,1", "text": "<p>Министром внутренних дел назначен Штюрмер Борис Владимирович.</p>"}, {"headline": "Министром внутренних дел назначен Хвостов Александр Алексеевич.", "startDate": "1916,7,1", "endDate": "1916,7,1", "text": "<p>Министром внутренних дел назначен Хвостов Александр Алексеевич.</p>"}, {"headline": "Принят закон \"О противопожарной охране фабрик и заводов, изготавливающих предметы для действующей армии\". Министру внутренних дел предоставлено право издавать общие правила по противопожарной защите оборонных предприятий. Создана комиссия для надзора за соблюдением мер противопожарной безопасности на этих объетах.", "startDate": "1916,8,6", "endDate": "1916,8,6", "text": "<p>Принят закон \"О противопожарной охране фабрик и заводов, изготавливающих предметы для действующей армии\". Министру внутренних дел предоставлено право издавать общие правила по противопожарной защите оборонных предприятий. Создана комиссия для надзора за соблюдением мер противопожарной безопасности на этих объетах.</p>"}, {"headline": "Министром внутренних дел назначен Протопопов Александр Дмитриевич.", "startDate": "1916,9,1", "endDate": "1916,9,1", "text": "<p>Министром внутренних дел назначен Протопопов Александр Дмитриевич.</p>"}, {"headline": "Совет Министров принял постановление \"Об усилении полиции в 50 губерниях Империи и об улучшении служебного и материального положения полицейских чинов\".", "startDate": "1916,10,23", "endDate": "1916,10,23", "text": "<p>Совет Министров принял постановление \"Об усилении полиции в 50 губерниях Империи и об улучшении служебного и материального положения полицейских чинов\".</p>"}, {"headline": "Забастовки и политические демонстрации в Санкт-Петербурге перерастают во всеобщее восстание против самодержавия. На сторону восставших переходят регулярные армейские части (Павловский, Волынский, Литовский, Преображенский и др. полки). Повсеместно возникают перестрелки с полицией.", "startDate": "1917,2,23", "endDate": "1917,2,28", "text": "<p>Забастовки и политические демонстрации в Санкт-Петербурге перерастают во всеобщее восстание против самодержавия. На сторону восставших переходят регулярные армейские части (Павловский, Волынский, Литовский, Преображенский и др. полки). Повсеместно возникают перестрелки с полицией.</p><p>На заседании Городской Думы Петрограда объявлено о создании столичной милиции, руководителем которой избран известный архитектор Д.А. Крыжановский.</p><p>В каждом районе создаются отделения милиции во главе с назначенным уполномоченным. Форменной одежды сотрудники милиции не имеют, личный состав отделений набирается из добровольцев: рабочих, ителлигентов, студентов и даже бойскаутов. В милицию проникают представители преступного мира.</p>"}, {"headline": "Выходит ряд постановлений Временного правительства, в результате осуществления которых МВД перестает существовать, как единая централизаванная структура.", "startDate": "1917,3,1", "endDate": "1917,3,1", "text": "<p>Выходит ряд постановлений Временного правительства, в результате осуществления которых МВД перестает существовать, как единая централизаванная структура.</p><p>По инициативе местных Советов во многих городах создается рабочая милиция, содержащаяся за счет промышленных предприятий, которая впоследствии распускается с созданием милиции Временного правительства.</p><p>Временное правительство объявляет амнистию. На свободу выходят около 90 тысяч осужденных, большая часть которых - уголовники. Из-за неподготовленного личного состава борьба милиции с преступностью малоэффективна. Основные усилия новых органов охраны правопорядка направлены на розыск и задержание представителей царской власти, особенно полицейских и жандармов, на которых сваливали саботаж и участие в контрреволюционных заговорах.</p>"}, {"headline": "Решением Городского комитета общественных организаций создана московская милиция. Начальником избран адвокат, член партии меньшевиков, Председатель Совета рабочих депутатов Москвы А.М. Никитин.", "startDate": "1917,3,1", "endDate": "1917,3,1", "text": "<p>Решением Городского комитета общественных организаций создана московская милиция. Начальником избран адвокат, член партии меньшевиков, Председатель Совета рабочих депутатов Москвы А.М. Никитин.</p>"}, {"headline": "Подписано отречение Императора Николая II от престола. По решению Совета рабочих и солдатских депутатов, ставшего фактически преемником распущенной Государственной Думы, создается Временное правительство.", "startDate": "1917,3,2", "endDate": "1917,3,2", "text": "<p>Подписано отречение Императора Николая II от престола. По решению Совета рабочих и солдатских депутатов, ставшего фактически преемником распущенной Государственной Думы, создается Временное правительство.</p><p>Председателем Временного правительства и Министром внутренних дел избран Князь Львов Георгий Евгеньевич.</p>"}, {"headline": "Временное правительство официально объявляет, что важнейшей задачей новой власти является замена полицейских органов народной милицией с выборным начальством, подчиненной органам местного самоуправления.", "startDate": "1917,3,3", "endDate": "1917,3,3", "text": "<p>Временное правительство официально объявляет, что важнейшей задачей новой власти является замена полицейских органов народной милицией с выборным начальством, подчиненной органам местного самоуправления.</p>"}, {"headline": "Временное правительство объявляет о ликвидации Отдельного корпуса жандармов.", "startDate": "1917,3,6", "endDate": "1917,3,6", "text": "<p>Временное правительство объявляет о ликвидации Отдельного корпуса жандармов.</p>"}, {"headline": "Опубликовано постановление Временного правительства \"Об упразднении Департамента полиции и об учреждении Временного управления по делам общественной полиции и обеспечению имущественной безопасности граждан\", после которого полиция России юридически прекратила свое существование. Бывший Министр и руководители Департамента полиции арестованы, все полицейские чиновники выведены за штаты. Для расследования деятельности Департамента полиции и ликвидации дел политического характера назначена специальная комиссия. Отдел, руководивший сыскной полицией, планируется передать в Департамент юстиции. Особый отдел, ведавший делами охранных отделений, ликвидируется. Главное управление по делам печати с его цензурными функциями упраздняется.", "startDate": "1917,3,11", "endDate": "1917,3,11", "text": "<p>Опубликовано постановление Временного правительства \"Об упразднении Департамента полиции и об учреждении Временного управления по делам общественной полиции и обеспечению имущественной безопасности граждан\", после которого полиция России юридически прекратила свое существование. Бывший Министр и руководители Департамента полиции арестованы, все полицейские чиновники выведены за штаты. Для расследования деятельности Департамента полиции и ликвидации дел политического характера назначена специальная комиссия. Отдел, руководивший сыскной полицией, планируется передать в Департамент юстиции. Особый отдел, ведавший делами охранных отделений, ликвидируется. Главное управление по делам печати с его цензурными функциями упраздняется.</p><p>Временное управление по делам общественной полиции состоит из 48 служащих, половина из которых служила еще в царском МВД, и возглавляет его представитель партии кадетов Г.Д. Сидамон-Эристов. Управление занимается подготовкой нормативно-правовой базы для новой милиции, не вникая при этом в ее деятельность на местах.</p>"}, {"headline": "Главным инспектором по пересылке арестантов и заведующим этапно-пересыльной частью Главного штаба генералом Н.И. Лукьяновым, десять лет руководившим внутренней стражей, издается приказ с призывом к своим войскам \"проявить лояльность и верность Временному правительству\".", "startDate": "1917,3,12", "endDate": "1917,3,12", "text": "<p>Главным инспектором по пересылке арестантов и заведующим этапно-пересыльной частью Главного штаба генералом Н.И. Лукьяновым, десять лет руководившим внутренней стражей, издается приказ с призывом к своим войскам \"проявить лояльность и верность Временному правительству\".</p>"}, {"headline": "Значительные изменения претерпевает система наказания. Отменяются все виды оков, телесные наказания, арестантская одежда, ссылка на поселения и т.д. Главное тюремное управление переименовывается в Главное управление по делам мест заключения.", "startDate": "1917,4,1", "endDate": "1917,4,1", "text": "<p>Значительные изменения претерпевает система наказания. Отменяются все виды оков, телесные наказания, арестантская одежда, ссылка на поселения и т.д. Главное тюремное управление переименовывается в Главное управление по делам мест заключения.</p>"}, {"headline": "Принят циркуляр МВД \"О порядке расформирования корпуса жандармов и его упразднении\". Его имущество передается военному ведомству, архивы - Главному штабу, дела губернских управлений - комиссиям из представителей Министерства юстиции и комиссаров Временного правительства", "startDate": "1917,4,6", "endDate": "1917,4,6", "text": "<p>Принят циркуляр МВД \"О порядке расформирования корпуса жандармов и его упразднении\". Его имущество передается военному ведомству, архивы - Главному штабу, дела губернских управлений - комиссиям из представителей Министерства юстиции и комиссаров Временного правительства</p>"}, {"headline": "МВД издало циркуляр \"О необходимости сохранения и возобновления деятельности сыскных отделений по делам уголовного розыска\".", "startDate": "1917,4,16", "endDate": "1917,4,16", "text": "<p>МВД издало циркуляр \"О необходимости сохранения и возобновления деятельности сыскных отделений по делам уголовного розыска\".</p>"}, {"headline": "Издано Постановление Временного правительства \"Об учреждении милиции\", где она объявляется исполнительным органом государственной власти на местах, \"состоящем в непосредственном ведении земских и городских общественных управлений\".", "startDate": "1917,4,17", "endDate": "1917,4,17", "text": "<p>Издано Постановление Временного правительства \"Об учреждении милиции\", где она объявляется исполнительным органом государственной власти на местах, \"состоящем в непосредственном ведении земских и городских общественных управлений\".</p><p>Начальниками местной милиции могли стать лица с образованием не ниже среднего, назначенные городской или уездной земской управой. Начальники милиции должны ежегодно отчитываться перед Городской думой или Уездным собранием, а также перед комиссаром Временного правительства в данной местности. Министр внутренних дел осуществляет общее руководство, обеспечивает разработку нормативно-правовой базы и организовывает ревизии на местах.</p>"}, {"headline": "Согласно резолюции \"О жандармах и полицейских\" первого Всероссийского съезда Советов рабочих и солдатских депутатов (9-24 июня), бывшие полицейские и жандармы отправляются на фронт \"с ближайшими маршевыми ротами\". Они не имеют права занимать командные должности, а в их документах указывается место прежней службы. Позднее предлагалось даже выделить полицейских в отдельные армейские части и \"отметить их специальными черными нашивками на мундирах\".", "startDate": "1917,6,1", "endDate": "1917,6,1", "text": "<p>Согласно резолюции \"О жандармах и полицейских\" первого Всероссийского съезда Советов рабочих и солдатских депутатов (9-24 июня), бывшие полицейские и жандармы отправляются на фронт \"с ближайшими маршевыми ротами\". Они не имеют права занимать командные должности, а в их документах указывается место прежней службы. Позднее предлагалось даже выделить полицейских в отдельные армейские части и \"отметить их специальными черными нашивками на мундирах\".</p>"}, {"headline": "Постановлением Временного правительства Временное управление по делам общественной полиции переименовывается в Главное управление по делам милиции (Главмилиция) и штат его сотрудников увеличивается в два раза.", "startDate": "1917,6,15", "endDate": "1917,6,15", "text": "<p>Постановлением Временного правительства Временное управление по делам общественной полиции переименовывается в Главное управление по делам милиции (Главмилиция) и штат его сотрудников увеличивается в два раза.</p>"}, {"headline": "Министром внутренних дел назначен Церетели Ираклий Георгиевич.", "startDate": "1917,7,1", "endDate": "1917,7,1", "text": "<p>Министром внутренних дел назначен Церетели Ираклий Георгиевич.</p>"}, {"headline": "Министром внутренних дел назначен Авксентьев Николай Дмитриевич.", "startDate": "1917,7,1", "endDate": "1917,7,1", "text": "<p>Министром внутренних дел назначен Авксентьев Николай Дмитриевич.</p>"}, {"headline": "Министром внутренних дел назначен Никитин Алексей Максимович.", "startDate": "1917,9,1", "endDate": "1917,9,1", "text": "<p>Министром внутренних дел назначен Никитин Алексей Максимович.</p>"}, {"headline": "Временное правительство провозглашает Россию републикой.", "startDate": "1917,9,1", "endDate": "1917,9,1", "text": "<p>Временное правительство провозглашает Россию републикой.</p>"}, {"headline": "В этот период на пост Министра внутренних дел не назначен никто и его функции исполняет Министр почт и телеграфов.", "startDate": "1917,9,2", "endDate": "1917,9,25", "text": "<p>В этот период на пост Министра внутренних дел не назначен никто и его функции исполняет Министр почт и телеграфов.</p>"}, {"headline": "ЦК РСДРП (социал-демократической партии большевиков), опираясь на значительную часть Совета рабочих и солдатстких депутатов, принимает решение о вооруженном восстании.", "startDate": "1917,10,10", "endDate": "1917,10,10", "text": "<p>ЦК РСДРП (социал-демократической партии большевиков), опираясь на значительную часть Совета рабочих и солдатстких депутатов, принимает решение о вооруженном восстании.</p>"}, {"headline": "Военный министр Временного правительства издает приказ, предписывающий командирам тыловых воинских частей направлять на службу в милицию лучших офицеров и солдат.", "startDate": "1917,10,11", "endDate": "1917,10,11", "text": "<p>Военный министр Временного правительства издает приказ, предписывающий командирам тыловых воинских частей направлять на службу в милицию лучших офицеров и солдат.</p><p>Временное правительство не смогло преодолеть последствий \"всероссийского похода против городовых\".</p>"}], "text": "История министерства внутренних дел РФ"}}