{"timeline": {"headline": "История МВД РФ", "startDate": "1800", "type": "default", "date": [{"headline": "Кровавое воскресенье. Расстрел демонстрации рабочих в Санкт-Петербурге, повлекший массовые выступления и стачки по всей стране.", "startDate": "1905,1,9", "endDate": "1905,1,9", "text": "<p>Кровавое воскресенье. Расстрел демонстрации рабочих в Санкт-Петербурге, повлекший массовые выступления и стачки по всей стране.</p>"}, {"headline": "Министром внутренних дел назначен Дурново Павел Николаевич.", "startDate": "1905,10,1", "endDate": "1905,10,1", "text": "<p>Министром внутренних дел назначен Дурново Павел Николаевич.</p><p>Учрежден новый законодательный орган - Государственная Дума. В МВД создано Особое делопроизводство по выборам в Государственную Думу и Государственный Совет.</p>"}, {"headline": "Издан Манифест \"Об усовершенствовании государственного порядка\", где говорилось:", "startDate": "1905,10,17", "endDate": "1905,10,17", "text": "<p>Издан Манифест \"Об усовершенствовании государственного порядка\", где говорилось:</p><p>\"Даровать населению незыблемые основы гражданской свободы на началах действительной неприкосновенности личности, свободы совести, слова, собраний и союзов.</p><p>Не останавливая предназначенных выборов в Государственную Думу, привлечь теперь же к участию в Думе... те классы населения, которые ныне совсем лишены избирательных прав.</p><p>Установить как незыблемое правило, чтобы никакой закон не мог восприять силу без одобрения Государственной Думы, и чтобы выборным от народа обеспечена была возможность действительного участия в надзоре за закономерностью действий поставленных от Нас властей.\"</p>"}, {"headline": "При Главном управлении по делам печати МВД создано Осведомительное бюро со своей типографией, для информирования средств печати официальными сообщениями Министерства и правительства, составления обзоров российской и иностранной прессы. В 1915 году Осведомительное бюро переименовано в Бюро печати.", "startDate": "1906,1,1", "endDate": "1906,1,1", "text": "<p>При Главном управлении по делам печати МВД создано Осведомительное бюро со своей типографией, для информирования средств печати официальными сообщениями Министерства и правительства, составления обзоров российской и иностранной прессы. В 1915 году Осведомительное бюро переименовано в Бюро печати.</p><p>По инициатике П.А. Столыпина в МВД создана комиссия для подготовки реформы полиции и, соответственно, Центрального аппарата МВД. Комиссия под руководством А.А. Макарова безрезультатно проработала до 1911 г. и была ликвидирована после убийства Столыпина.</p>"}, {"headline": "Министром внутренних дел назначен Столыпин Петр Аркадьевич.", "startDate": "1906,4,1", "endDate": "1906,4,1", "asset": {"media": "http://www.mvd.ru/userfiles/403.jpg", "caption": "\nОбыск прохожего на улице", "credit": "Официальный сайт МВД России"}, "text": "<p>Министром внутренних дел назначен Столыпин Петр Аркадьевич.</p>"}, {"headline": "Приступает к работе Первая Государственная Дума.", "startDate": "1906,4,27", "endDate": "1906,4,27", "text": "<p>Приступает к работе Первая Государственная Дума.</p>"}, {"headline": "Издан Указ \"Об установлении уголовной ответственности за восхваление преступных деяний в речи или в печати\".", "startDate": "1906,12,1", "endDate": "1906,12,1", "text": "<p>Издан Указ \"Об установлении уголовной ответственности за восхваление преступных деяний в речи или в печати\".</p>"}, {"headline": "Утверждено положение \"О районных охранных отделениях\", которые создавались для объединения и направления деятельности местных охранных отделений. Для составления наиболее объективной картины о противоправительственной деятельности в своих районах, охранкам предписывалось \"повсеместное учреждение внутренней агентуры\".", "startDate": "1906,12,14", "endDate": "1906,12,14", "text": "<p>Утверждено положение \"О районных охранных отделениях\", которые создавались для объединения и направления деятельности местных охранных отделений. Для составления наиболее объективной картины о противоправительственной деятельности в своих районах, охранкам предписывалось \"повсеместное учреждение внутренней агентуры\".</p>"}, {"headline": "Председатель Совета Министров и Министр внутренних дел П. А. Столыпин, выступая во II-ой Государственной Думе, заявил о необходимости реформы полиции.", "startDate": "1907,3,6", "endDate": "1907,3,6", "text": "<p>Председатель Совета Министров и Министр внутренних дел П. А. Столыпин, выступая во II-ой Государственной Думе, заявил о необходимости реформы полиции.</p>"}, {"headline": "Указом Императора утвержден проект \"Устава конвойной службы\".", "startDate": "1907,6,10", "endDate": "1907,6,10", "text": "<p>Указом Императора утвержден проект \"Устава конвойной службы\".</p>"}, {"headline": "Утверждено новое положение \"Об охранных отделениях\", которое опять подчеркивает, что оперативно-розыскные мероприятия по государственным преступлениям проводятся исключительно охранными отделениями. При этом охранные отделения обязаны предоставлять агентурную информацию жандармам, производящим дознания.", "startDate": "1907,2,9", "endDate": "1907,2,9", "text": "<p>Утверждено новое положение \"Об охранных отделениях\", которое опять подчеркивает, что оперативно-розыскные мероприятия по государственным преступлениям проводятся исключительно охранными отделениями. При этом охранные отделения обязаны предоставлять агентурную информацию жандармам, производящим дознания.</p><p>Положение указывает на необходимость постановки и ведения оперативного учета, \"чтобы начальник отделения в каждый момент мог дать сведения о преступной деятельности известного отдельного лица\".</p><p>При Департаменте полиции МВД создано Охранное отделение.</p>"}, {"headline": "Высочайше утвержден проект Устава конвойной службы, разработанный помощником Начальника Главного штаба генерал-лейтенантом Иваном Дмитриевичем Сапожниковым.", "startDate": "1907,6,10", "endDate": "1907,6,10", "text": "<p>Высочайше утвержден проект Устава конвойной службы, разработанный помощником Начальника Главного штаба генерал-лейтенантом Иваном Дмитриевичем Сапожниковым.</p><p>Формирование конвойной стражи происходит на основе общеармейских законоположений, требований времени, предложений Министерства юстиции и Главного инспектора по укреплению конвойных команд, правильности их использования, организации взаимодействия с армией и жандармерией.</p>"}, {"headline": "Начал выходить первый профессиональный журнал для полицейских \"Вестник полиции\".", "startDate": "1907,12,1", "endDate": "1907,12,1", "text": "<p>Начал выходить первый профессиональный журнал для полицейских \"Вестник полиции\".</p>"}, {"headline": "Принят закон \"Об организации сыскной части\". В городах и уездах при полицейских управлениях создавались сыскные отделения, которые кроме оперативно-розыскных действий, должны были проводить дознания по уголовным преступлениям.", "startDate": "1908,7,6", "endDate": "1908,7,6", "text": "<p>Принят закон \"Об организации сыскной части\". В городах и уездах при полицейских управлениях создавались сыскные отделения, которые кроме оперативно-розыскных действий, должны были проводить дознания по уголовным преступлениям.</p>"}, {"headline": "На положении чрезвычайной или усиленной охраны объявлены 65 губерний. В 25 российских губерниях введено военное положение.", "startDate": "1909,1,1", "endDate": "1909,1,1", "text": "<p>На положении чрезвычайной или усиленной охраны объявлены 65 губерний. В 25 российских губерниях введено военное положение.</p>"}, {"headline": "В составе Особого отдела Департамента полиции создается Агентурная часть.", "startDate": "1910,1,1", "endDate": "1910,1,1", "text": "<p>В составе Особого отдела Департамента полиции создается Агентурная часть.</p><p>Вскоре после открытия III-ей Государственной Думы принят законопроект \"О вспомоществовании из государственных средств полицейским и жандармам, пострадавшим от революции. За период 1905-1907 гг. погибло свыше 4 тыс. и ранено свыше 5 тыс. сотрудников правоохранительных органов.</p><p>В составе Государственной Думы создается комиссия по борьбе с пожарами из 23 депутатов.</p><p>Проводится реформирование армии, упраздняются резервные и крепостные войска, что усиливает полевые части, но ослабляет резерв конвойной службы.</p>"}, {"headline": "В ознаменование столетнего юбилея местных войск и конвойной стражи учрежден знак \"100 лет конвойной стражи\", вручаемый офицерам и нижним чинам. Праздник торжественно отмечается во всех конвойных командах, издается \"Юбилейная памятка\" с обзором исторического развития этого рода войск.", "startDate": "1911,3,27", "endDate": "1911,3,27", "text": "<p>В ознаменование столетнего юбилея местных войск и конвойной стражи учрежден знак \"100 лет конвойной стражи\", вручаемый офицерам и нижним чинам. Праздник торжественно отмечается во всех конвойных командах, издается \"Юбилейная памятка\" с обзором исторического развития этого рода войск.</p>"}, {"headline": "Министром внутренних дел назначен Макаров Александр Александрович.", "startDate": "1911,9,1", "endDate": "1911,9,1", "text": "<p>Министром внутренних дел назначен Макаров Александр Александрович.</p>"}], "text": "История министерства внутренних дел РФ"}}