{"timeline": {"headline": "История МВД РФ", "startDate": "1800", "type": "default", "date": [{"headline": "Приказом министра Б. В. Грызлова №785 19 июля был объявлен Днем юридической службы системы МВД России.", "startDate": "2003,10,13", "endDate": "2003,10,13", "text": "<p>Приказом министра Б. В. Грызлова №785 19 июля был объявлен Днем юридической службы системы МВД России.</p>"}, {"headline": "Приказом №990 министра Б. В. Грызлова  утверждено «Положение о Центре авиации органов внутренних дел Министерства внутренних дел Российской Федерации»", "startDate": "2003,12,17", "endDate": "2003,12,17", "text": "<p>Приказом №990 министра Б. В. Грызлова  утверждено «Положение о Центре авиации органов внутренних дел Министерства внутренних дел Российской Федерации»</p>"}, {"headline": "Министром внутренних дел России назначен Нургалиев Рашид Гумарович.", "startDate": "2004,5,9", "endDate": "2004,5,9", "text": "<p>Министром внутренних дел России назначен Нургалиев Рашид Гумарович.</p>"}, {"headline": "Издан указ Президента РФ В.В. Путина «Вопросы МВД РФ», определивший направления реформатирования ведомства и оптимизации его структуры.", "startDate": "2004,7,19", "endDate": "2004,7,19", "text": "<p>Издан указ Президента РФ В.В. Путина «Вопросы МВД РФ», определивший направления реформатирования ведомства и оптимизации его структуры.</p>"}, {"headline": "На официальном сайте МВД России открыта электронная общественная приемная.", "startDate": "2004,10,19", "endDate": "2004,10,19", "text": "<p>На официальном сайте МВД России открыта электронная общественная приемная.</p>"}, {"headline": "Президентом РФ В.В. Путиным подписан приказ № 1407, которым обновлена структура центрального аппарата МВД России. Вместо 37 управлений появилось 15 департаментов:", "startDate": "2004,11,5", "endDate": "2004,11,5", "text": "<p>Президентом РФ В.В. Путиным подписан приказ № 1407, которым обновлена структура центрального аппарата МВД России. Вместо 37 управлений появилось 15 департаментов:</p><p>Административный департамент</p><p>Департамент государственной защиты имущества</p><p>Департамент кадрового обеспечения</p><p>Департамент обеспечения безопасности дорожного движения</p><p>Департамент обеспечения правопорядка на закрытых территориях и режимных объектах</p><p>Департамент обеспечения правопорядка на транспорте</p><p>Департамент охраны общественного порядка</p><p>Департамент по борьбе с организованной преступностью и терроризмом</p><p>Департамент собственной безопасности</p><p>Департамент тыла</p><p>Департамент уголовного розыска</p><p>Департамент экономической безопасности</p><p>Организационно-инспекторский департамент</p><p>Правовой департамент</p><p>Финансово-экономический департамент</p><p>Правами департаментов были наделены:</p><p>Следственный комитет при МВД России</p><p>Главное командование Внутренних войск МВД России</p>"}, {"headline": "Подписан приказ МВД №650 «Вопросы оценки деятельности органов внутренних дел российской федерации, отдельных подразделений криминальной милиции, милиции общественной безопасности, органов предварительного расследования и органов внутренних дел на транспорте», который изменил подход к выявлению и учету преступлений и одним из последствий которого явился и рост зарегистрированных преступлений.", "startDate": "2005,8,5", "endDate": "2005,8,5", "text": "<p>Подписан приказ МВД №650 «Вопросы оценки деятельности органов внутренних дел российской федерации, отдельных подразделений криминальной милиции, милиции общественной безопасности, органов предварительного расследования и органов внутренних дел на транспорте», который изменил подход к выявлению и учету преступлений и одним из последствий которого явился и рост зарегистрированных преступлений.</p>"}, {"headline": "Создан Общественный совет при МВД России", "startDate": "2006,12,14", "endDate": "2006,12,14", "text": "<p>Создан Общественный совет при МВД России</p>"}, {"headline": "Президент РФ В.В. Путин своим указом объявил 14 июня профессиональным праздником – Днем работника миграционной службы.", "startDate": "2007,6,6", "endDate": "2007,6,6", "text": "<p>Президент РФ В.В. Путин своим указом объявил 14 июня профессиональным праздником – Днем работника миграционной службы.</p>"}, {"headline": "В МВД России создан центр \"Олимпиада-2014\", целью которого является работа по обеспечению безопасности Олимпийских игр в Сочи.", "startDate": "2008,6,24", "endDate": "2008,6,24", "text": "<p>В МВД России создан центр \"Олимпиада-2014\", целью которого является работа по обеспечению безопасности Олимпийских игр в Сочи.</p>"}, {"headline": "На базе упразднённого Департамента по борьбе с организованной преступностью образованы самостоятельные подразделения – Департамент по противодействию экстремизму и Управление по обеспечению безопасности лиц, подлежащих государственной защите.", "startDate": "2008,9,6", "endDate": "2008,9,6", "text": "<p>На базе упразднённого Департамента по борьбе с организованной преступностью образованы самостоятельные подразделения – Департамент по противодействию экстремизму и Управление по обеспечению безопасности лиц, подлежащих государственной защите.</p>"}, {"headline": "В Санкт-Петербурге (и в первые в России) прошла 77-я сессия Генеральной Ассамблеи Интерпола.", "startDate": "2008,10,7", "endDate": "2008,10,10", "text": "<p>В Санкт-Петербурге (и в первые в России) прошла 77-я сессия Генеральной Ассамблеи Интерпола.</p>"}, {"headline": "Состоялось заседание расширенной коллегии МВД России, на котором Президент РФ Д.А. Медведев подвел итоги работы ведомства в 2008 году и обозначил основные направления деятельности на 2009 год.", "startDate": "2009,1,6", "endDate": "2009,1,6", "text": "<p>Состоялось заседание расширенной коллегии МВД России, на котором Президент РФ Д.А. Медведев подвел итоги работы ведомства в 2008 году и обозначил основные направления деятельности на 2009 год.</p>"}, {"headline": "Президентом РФ Д. А. Медведевым подписан указ «О мерах по совершенствованию деятельности органов внутренних дел Российской Федерации", "startDate": "2009,12,24", "endDate": "2009,12,24", "text": "<p>Президентом РФ Д. А. Медведевым подписан указ «О мерах по совершенствованию деятельности органов внутренних дел Российской Федерации</p>"}, {"headline": "Впервые в истории ведомства были обнародованы декларации о доходах руководителей МВД и членов их семей.", "startDate": "2010,4,1", "endDate": "2010,4,1", "text": "<p>Впервые в истории ведомства были обнародованы декларации о доходах руководителей МВД и членов их семей.</p>"}, {"headline": "По инициативе Президента РФ Д.А. Медведева на сайте www.zakonoproekt2010.ru открыта общественная дискуссия по законопроекту «О полиции», продлившаяся до 15 сентября.", "startDate": "2010,8,7", "endDate": "2010,8,7", "text": "<p>По инициативе Президента РФ Д.А. Медведева на сайте www.zakonoproekt2010.ru открыта общественная дискуссия по законопроекту «О полиции», продлившаяся до 15 сентября.</p>"}], "text": "История министерства внутренних дел РФ"}}