{"timeline": {"headline": "История МВД РФ", "startDate": "1800", "type": "default", "date": [{"headline": "Принят закон, определивший порядок обязательных работ для заключенных и \"право арестантов на денежное вознаграждение за труд\".", "startDate": "1886,1,1", "endDate": "1886,1,1", "asset": {"media": "http://www.mvd.ru/userfiles/image/history/prisoners_into_wagons_1886.jpg", "caption": "\r\nПосадка в вагоны заключенных Бутырской тюрьмы", "credit": "Официальный сайт МВД России"}, "text": "<p>Принят закон, определивший порядок обязательных работ для заключенных и \"право арестантов на денежное вознаграждение за труд\".</p><p>Постановлением Государственного совета предусмотрено создание конвойной стражи в составе 567 конвойных команд, освободив местные войска от обязанности конвоирования арестантов.</p><p>Команды находятся в двойном подчинении. По строевой и хозяйственной части они подчиняются Военному министерству, по служебной деятельности - Главному тюремному управлению МВД. На конвойную стражу возлагается этапное сопровождение осужденных, сопровождение арестантов на внешние работы и в присутственные места, содействие тюремной администрации в производстве внезапных обысков и при ликвидации тюремных беспорядков и т.д. Комплектование команд внутренней стражи и прохождение службы осуществляется на общих основаниях, как в армии.</p><p>Большой вклад в создание, становление и определение функций внутренней стражи внес генерал Н.Н. Гаврилов - Главный инспектор по пересылке арестантов и заведующий этапно-пересыльной частью Главного штаба Военного министерства.</p>"}, {"headline": "Высочайше утверждены правила, определившие обязанности общественных учреждений \"по удовлетворению полицейских чинов квартирным довольствием\", устранив материальную зависимость полиции от городского и земского управления. Установлено несколько разрядов городовых с фиксированными размерами содержания, \"так что усердная служба давала городовому надежду на перевод в высший разряд с более значительным окладом\". Введены прибавки к содержанию за выслугу лет, а также единовременные пособия и пенсии и т.п.", "startDate": "1889,1,1", "endDate": "1889,1,1", "text": "<p>Высочайше утверждены правила, определившие обязанности общественных учреждений \"по удовлетворению полицейских чинов квартирным довольствием\", устранив материальную зависимость полиции от городского и земского управления. Установлено несколько разрядов городовых с фиксированными размерами содержания, \"так что усердная служба давала городовому надежду на перевод в высший разряд с более значительным окладом\". Введены прибавки к содержанию за выслугу лет, а также единовременные пособия и пенсии и т.п.</p><p>Учреждена особая медаль для нижних чинов.</p>"}, {"headline": "Принят проект положения \"О земских участковых начальниках, съездах их и губернских присутствиях\". По этому положению каждый уезд разделялся на участки с участковыми начальниками, облеченными судебно-административной властью.", "startDate": "1889,1,28", "endDate": "1889,1,28", "text": "<p>Принят проект положения \"О земских участковых начальниках, съездах их и губернских присутствиях\". По этому положению каждый уезд разделялся на участки с участковыми начальниками, облеченными судебно-административной властью.</p>"}, {"headline": "Министром внутренних дел назначен Дурново Иван Николаевич.", "startDate": "1889,4,1", "endDate": "1889,4,1", "text": "<p>Министром внутренних дел назначен Дурново Иван Николаевич.</p>"}, {"headline": "В Устав \"О содержащихся под стражей\" вносятся коррективы, касающиеся мест заключения гражданского ведомства. К ним отнесены: помещения для подвергаемых аресту, арестантские комнаты при полиции, местные тюрьмы (столичные, губернские, областные, уездные), тюрьмы для содержания преступников, присужденных к каторжным работам, исправительные арестантские отделения, пересыльные тюрьмы.", "startDate": "1890,1,1", "endDate": "1890,1,1", "text": "<p>В Устав \"О содержащихся под стражей\" вносятся коррективы, касающиеся мест заключения гражданского ведомства. К ним отнесены: помещения для подвергаемых аресту, арестантские комнаты при полиции, местные тюрьмы (столичные, губернские, областные, уездные), тюрьмы для содержания преступников, присужденных к каторжным работам, исправительные арестантские отделения, пересыльные тюрьмы.</p>"}, {"headline": "Издан закон, по которому в ряде губерний для заведывания тюремной частью, проведения ревизий, разработки нормативных актов учреждаются тюремные инспекции - институты, не имеющие аналогов в мировой практике. В функции губернских тюремных инспекторов, назначаемых Главным тюремным управлением, входят: контроль и надзор за деятельностью местных карательных учреждений, руководство тюремной администрацией, подготвка отчетов и возбуждение ходатайств перед Главным тюремным управлением об удовлетворении нужд местных тюрем.", "startDate": "1890,3,31", "endDate": "1890,3,31", "text": "<p>Издан закон, по которому в ряде губерний для заведывания тюремной частью, проведения ревизий, разработки нормативных актов учреждаются тюремные инспекции - институты, не имеющие аналогов в мировой практике. В функции губернских тюремных инспекторов, назначаемых Главным тюремным управлением, входят: контроль и надзор за деятельностью местных карательных учреждений, руководство тюремной администрацией, подготвка отчетов и возбуждение ходатайств перед Главным тюремным управлением об удовлетворении нужд местных тюрем.</p>"}, {"headline": "По приказу Санкт-Петербургского градоначальника генерал-лейтенанта Гресснера при сыскной полиции создается первое в России антропометрическое бюро.", "startDate": "1890,5,31", "endDate": "1890,5,31", "text": "<p>По приказу Санкт-Петербургского градоначальника генерал-лейтенанта Гресснера при сыскной полиции создается первое в России антропометрическое бюро.</p>"}, {"headline": "Принято положение \"Об организации земских учреждений\", где значительно понижается количество гласных, как губернских так и уездных, изменяется порядок выборов (введены два избирательных собрания: одно - для потомственных дворян, другое - для всех остальных), председателям и членам земских управ предоставлены права государственных служащих и т.п.", "startDate": "1890,6,12", "endDate": "1890,6,12", "text": "<p>Принято положение \"Об организации земских учреждений\", где значительно понижается количество гласных, как губернских так и уездных, изменяется порядок выборов (введены два избирательных собрания: одно - для потомственных дворян, другое - для всех остальных), председателям и членам земских управ предоставлены права государственных служащих и т.п.</p>"}, {"headline": "Утвержден временный штат Нижегородской ярмарочной полиции. За счет особых сборов с лиц, \"пользующихся морскими купаньями\", организован полицейский надзор в \"купальных местах\" Балтийского побережья.", "startDate": "1892,1,1", "endDate": "1892,1,1", "text": "<p>Утвержден временный штат Нижегородской ярмарочной полиции. За счет особых сборов с лиц, \"пользующихся морскими купаньями\", организован полицейский надзор в \"купальных местах\" Балтийского побережья.</p>"}, {"headline": "Начал издаваться периодический журнал \"Пожарный\". Просуществовав три года, журнал оставил о себе прочную репутацию солидного издания по технике и тактике пожаротушения, деятельности отечественных и зарубежных пожарных команд, статистике пожаров, библиографии и т.д.", "startDate": "1892,3,1", "endDate": "1892,3,1", "text": "<p>Начал издаваться периодический журнал \"Пожарный\". Просуществовав три года, журнал оставил о себе прочную репутацию солидного издания по технике и тактике пожаротушения, деятельности отечественных и зарубежных пожарных команд, статистике пожаров, библиографии и т.д.</p>"}, {"headline": "Принят Закон \"О возложении на Министра внутренних дел, по соглашению с Министром финансов, общего руководства деятельностью губернских и уездных питейных присутствий, а также установление надзора за выдачей сельским обществам приговоров о согласии на допущение продажи питей в селениях\".", "startDate": "1892,5,5", "endDate": "1892,5,5", "text": "<p>Принят Закон \"О возложении на Министра внутренних дел, по соглашению с Министром финансов, общего руководства деятельностью губернских и уездных питейных присутствий, а также установление надзора за выдачей сельским обществам приговоров о согласии на допущение продажи питей в селениях\".</p>"}, {"headline": "Утверждено положение \"Об административном заведывании портовым мореходством и о полиции в приморских торговых портах\".", "startDate": "1892,5,7", "endDate": "1892,5,7", "text": "<p>Утверждено положение \"Об административном заведывании портовым мореходством и о полиции в приморских торговых портах\".</p>"}, {"headline": "Принят новый закон \"О городском общественном управлении\", согласовывавший городское управление с положением об организации земских учреждений 1890 г.", "startDate": "1892,6,11", "endDate": "1892,6,11", "text": "<p>Принят новый закон \"О городском общественном управлении\", согласовывавший городское управление с положением об организации земских учреждений 1890 г.</p>"}, {"headline": "На Первом съезде русских деятелей по пожарному делу создается Российское пожарное общество (с 1901 г. -Императорское Российское пожарное общество). В его задачи входит \"изыскание, развитие мер предупреждения и пресечения пожарных бедствий\", помощь пожарным и лицам, пострадавшим от пожаров, улучшение противопожарного водоснабжения, издание пожарно-технической литературы, проведение съездов, выставок, конгрессов. В сферу деятельности общества входит совершенствование работы не только добровольной но профессиональной пожарной охраны. Первым председателем совета общества избран граф А.Д. Шереметев - издатель журнала \"Пожарный\".", "startDate": "1892,6,14", "endDate": "1892,6,14", "text": "<p>На Первом съезде русских деятелей по пожарному делу создается Российское пожарное общество (с 1901 г. -Императорское Российское пожарное общество). В его задачи входит \"изыскание, развитие мер предупреждения и пресечения пожарных бедствий\", помощь пожарным и лицам, пострадавшим от пожаров, улучшение противопожарного водоснабжения, издание пожарно-технической литературы, проведение съездов, выставок, конгрессов. В сферу деятельности общества входит совершенствование работы не только добровольной но профессиональной пожарной охраны. Первым председателем совета общества избран граф А.Д. Шереметев - издатель журнала \"Пожарный\".</p>"}], "text": "История министерства внутренних дел РФ"}}